[Licensing::Module] Trying to connect to existing licensing client channel...
Built from '6000.5/staging' branch; Version is '6000.5.1f1 (0d9463e84828) revision 889955'; Using compiler version '194234433'; Build Type 'Release'
[Licensing::IpcConnector] Successfully connected to: "LicenseClient-Kouta" at "2026-08-19T03:48:01.1804019Z"
OS: 'Windows 11  (10.0.26200) Core' Language: 'ja' Physical Memory: 31912 MB
BatchMode: 0, IsHumanControllingUs: 1, StartBugReporterOnCrash: 1, Is64bit: 1
System  architecture: x64
Process architecture: x64
Date: 2026-08-19T03:48:01Z
[Licensing::Client] Error: HandshakeResponse reported an error:
	ResponseCode: 505
	ResponseStatus: Unsupported protocol version '1.18.1'.
[Licensing::Module] Error: Failed to handshake to channel: "LicenseClient-Kouta"
[Licensing::IpcConnector] LicenseClient-Kouta channel disconnected successfully.
[Licensing::IpcConnector] Channel LicenseClient-Kouta-6000.5.1 doesn't exist

COMMAND LINE ARGUMENTS:
C:\Program Files\Unity\Hub\Editor\6000.5.1f1\Editor\Unity.exe
-projectpath
C:\Users\Kouta\Documents\Growing_Dungeon_UL
-acceptSoftwareTermsForThisRunOnly
-useHub
-hubIPC
-cloudEnvironment
production
-licensingIpc
LicenseClient-Kouta
-hubSessionId
d3dfbaa3-3380-488d-a5c0-8829d6068947
-accessToken
9mSEsGqfFoTECEsBOz4vixScEZtGPOZgZMqh1smk-3Q00ef
Successfully changed project path to: C:\Users\Kouta\Documents\Growing_Dungeon_UL
C:/Users/Kouta/Documents/Growing_Dungeon_UL
[UnityMemory] Configuration Parameters - Can be set up in boot.config
    "memorysetup-temp-allocator-size-gi-baking-worker=262144"
    "memorysetup-temp-allocator-size-gi-baking-worker=262144"
    "memorysetup-temp-allocator-size-gi-baking-worker=262144"
    "memorysetup-temp-allocator-size-gi-baking-worker=262144"
    "memorysetup-temp-allocator-size-gi-baking-worker=262144"
    "memorysetup-temp-allocator-size-nav-mesh-worker=65536"
    "memorysetup-temp-allocator-size-audio-worker=65536"
    "memorysetup-temp-allocator-size-cloud-worker=32768"
    "memorysetup-temp-allocator-size-gfx=262144"
    "memorysetup-temp-allocator-size-preload-manager=33554432"
    "memorysetup-allocator-temp-initial-block-size-main=262144"
    "memorysetup-allocator-temp-initial-block-size-worker=262144"
    "memorysetup-temp-allocator-size-job-worker=262144"
    "memorysetup-temp-allocator-size-background-worker=32768"
    "memorysetup-bucket-allocator-granularity=16"
    "memorysetup-bucket-allocator-bucket-count=8"
    "memorysetup-bucket-allocator-block-size=33554432"
    "memorysetup-bucket-allocator-block-count=8"
    "memorysetup-main-allocator-block-size=16777216"
    "memorysetup-thread-allocator-block-size=16777216"
    "memorysetup-main-allocator-mimalloc-enabled=0"
    "memorysetup-gfx-main-allocator-block-size=16777216"
    "memorysetup-gfx-thread-allocator-block-size=16777216"
    "memorysetup-cache-allocator-block-size=4194304"
    "memorysetup-typetree-allocator-block-size=2097152"
    "memorysetup-profiler-bucket-allocator-granularity=16"
    "memorysetup-profiler-bucket-allocator-bucket-count=8"
    "memorysetup-profiler-bucket-allocator-block-size=33554432"
    "memorysetup-profiler-bucket-allocator-block-count=8"
    "memorysetup-profiler-allocator-block-size=16777216"
    "memorysetup-profiler-editor-allocator-block-size=1048576"
    "memorysetup-temp-allocator-size-main=16777216"
    "memorysetup-job-temp-allocator-block-size=2097152"
    "memorysetup-job-temp-allocator-block-size-background=1048576"
    "memorysetup-job-temp-allocator-reduction-small-platforms=262144"
Player connection [5812]  Target information:

Player connection [5812]  * "[IP] 192.168.11.5 [Port] 55504 [Flags] 2 [Guid] 2867917775 [EditorId] 2867917775 [Version] 1048832 [Id] WindowsEditor(7,DESKTOP-NPHUPNE) [Debug] 1 [PackageName] WindowsEditor [ProjectName] Editor" 

Player connection [5812] Host joined multi-casting on [225.0.0.222:54997]...
Player connection [5812] Host joined alternative multi-casting on [225.0.0.222:34997]...
Input System module state changed to: Initialized.
[Licensing::Module] Successfully launched the LicensingClient (PId: 10580)
[Physics::Module] Initialized fallback backend.
[Physics::Module] Id: 0xdecafbad
[Package Manager] Connected to IPC stream "Upm-5604" after 0.2 seconds.
[Licensing::Module] Licensing is not yet initialized.
Starting IPC server.
Waiting for clients to connect on \\.\pipe\Unity-LicenseClient-Kouta-6000.5.1, press Ctrl-C to exit.
[Licensing::IpcConnector] Successfully connected to: "LicenseClient-Kouta-6000.5.1" at "2026-08-19T03:48:04.8951835Z"
[Licensing::Client] Code 10 while verifying Licensing Client signature (process Id: 10580, path: "C:/Program Files/Unity/Hub/Editor/6000.5.1f1/Editor/Data/Resources/Licensing/Client/Unity.Licensing.Client.exe")
[Licensing::Module] LicensingClient has failed validation; ignoring
[Licensing::Client] Handshaking with LicensingClient:
  Version:                 1.18.1+9fbee8e
  Session Id:              a4368044222f49d0a55ddcd9aab432f9
  Correlation Id:          9f121d9b95e414947905887f2e0f831a
  External correlation Id: 691968200807686149
  Machine Id:              WaDJ2MrckvVXPk6cNGfdNLT8WoY=
[Licensing::Module] Successfully connected to LicensingClient on channel: "LicenseClient-Kouta-6000.5.1" (connect: 2.91s, validation: 0.60s, handshake: 0.00s)
[Licensing::IpcConnector] Successfully connected to: "LicenseClient-Kouta-6000.5.1-notifications" at "2026-08-19T03:48:05.4994973Z"
[Licensing::Module] Connected to LicensingClient (PId: 10580, launch time: 0.03, total connection time: 3.51s)
[Licensing::Client] Successfully updated the access token
[Licensing::Module] Successfully updated the access token 9mSEsGqfFo...
[Licensing::Client] Successfully resolved entitlement details
[Licensing::Module] License group:
  Id: 15669559301559-UnityPersXXXX
  Product: Unity Personal
  Type: Assigned
  Expiration: Unlimited
[Licensing::Client] Successfully updated license, isAsync: True, time: 0.01
[Licensing::Client] Successfully resolved entitlement details
[Licensing::Module] Licensing Background thread has ended after 4.44s
[Licensing::Module] Licensing is initialized (took 3.44s).
[Licensing::Client] Successfully resolved entitlement details
Library Redirect Path: Library/
[Physics::Module] Selected backend.
[Physics::Module] Name: PhysX
[Physics::Module] Id: 0xf2b8ea05
[Physics::Module] SDK Version: 4.1.2
[Physics::Module] Integration Version: 1.0.0
[Physics::Module] Threading Mode: Multi-Threaded
Initialize engine version: 6000.5.1f1 (0d9463e84828)
[Subsystems] Discovering subsystems at path C:/Program Files/Unity/Hub/Editor/6000.5.1f1/Editor/Data/Resources/UnitySubsystems
[Subsystems] Discovering subsystems at path C:/Users/Kouta/Documents/Growing_Dungeon_UL/Assets
[D3D12 Device Filter] Vendor Name: NVIDIA
[D3D12 Device Filter] Device Name: NVIDIA GeForce RTX 3070
[D3D12 Device Filter] Driver Version: 32.0.15.9621
[D3D12 Device Filter] Feature Level: 12.2
[D3D12 Device Filter] Graphics Memory: 8017 MB
[D3D12 Device Filter] Processor Count: 16
[D3D12 Device Filter] Device Type: Discrete
GfxDevice: creating device client; kGfxThreadingModeSplitJobs
d3d12: failed to query info queue interface (0x80004002).
Direct3D:
    Version:         Direct3D 12 [level 12.2]
    Renderer:        NVIDIA GeForce RTX 3070 (ID=0x2488)
    Vendor:          NVIDIA
    VRAM:            8017 MB
    App VRAM Budget: 7249 MB
    Driver:          32.0.15.9621
Initialize mono
Mono path[0] = 'C:/Program Files/Unity/Hub/Editor/6000.5.1f1/Editor/Data/Managed'
Mono path[1] = 'C:/Program Files/Unity/Hub/Editor/6000.5.1f1/Editor/Data/BCLExtensions/runtime/netstandard2.1'
Mono path[2] = 'C:/Program Files/Unity/Hub/Editor/6000.5.1f1/Editor/Data/MonoBleedingEdge/lib/mono/unityjit-win32'
Mono config path = 'C:/Program Files/Unity/Hub/Editor/6000.5.1f1/Editor/Data/MonoBleedingEdge/etc'
Using monoOptions --debugger-agent=transport=dt_socket,embedding=1,server=y,suspend=n,address=127.0.0.1:56604
CodeReloadManager initialized
ImportWorker Server TCP listen port: 0
AcceleratorClientConnectionCallback - disconnected - :0
Begin MonoManager ReloadAssembly
Registering precompiled unity dll's ...
Register platform support module: C:/Program Files/Unity/Hub/Editor/6000.5.1f1/Editor/Data/PlaybackEngines/WebGLSupport/UnityEditor.WebGL.Extensions.dll
Register platform support module: C:/Program Files/Unity/Hub/Editor/6000.5.1f1/Editor/Data/PlaybackEngines/WindowsStandaloneSupport/UnityEditor.WindowsStandalone.Extensions.dll
Registered in 0.002490 seconds.
Native extension for WindowsStandalone target not found
Native extension for WebGL target not found
Package Manager log level set to [2]
ScheduleIndexationOnStartup MainProcess:False IndexOnStartup:True
Mono: successfully reloaded assembly
- Finished resetting the current domain, in  0.273 seconds
Domain Reload Profiling: 658ms
	BeginReloadAssembly (103ms)
		CreateAndSetChildDomain (18ms)
	RebuildCommonClasses (4ms)
	RebuildNativeTypeToScriptingClass (16ms)
	initialDomainReloadingComplete (67ms)
	LoadAllAssembliesAndSetupDomain (193ms)
		LoadAssemblies (84ms)
		AnalyzeDomain (144ms)
			TypeCache.Refresh (143ms)
				TypeCache.ScanAssembly (133ms)
	FinalizeReload (275ms)
		SetupLoadedEditorAssemblies (0ms)
			BeforeProcessingInitializeOnLoad (54ms)
			ProcessInitializeOnLoadAttributes (60ms)
			ProcessInitializeOnLoadMethodAttributes (110ms)
[Licensing::Client] Successfully resolved entitlement details
Application.AssetDatabase Initial Refresh Start
[Package Manager] Restoring resolved packages state from cache
[Licensing::Client] Successfully resolved entitlement details
[Package Manager] Registered 58 packages:
  Packages from [https://packages.unity.com]:
    com.unity.ai.navigation@2.0.14 (location: C:\Users\Kouta\Documents\Growing_Dungeon_UL\Library\PackageCache\com.unity.ai.navigation@134dd6a3b97b)
    com.unity.collab-proxy@2.12.4 (location: C:\Users\Kouta\Documents\Growing_Dungeon_UL\Library\PackageCache\com.unity.collab-proxy@0b1559bcd34e)
    com.unity.ide.rider@3.0.38 (location: C:\Users\Kouta\Documents\Growing_Dungeon_UL\Library\PackageCache\com.unity.ide.rider@1f60b3138684)
    com.unity.ide.visualstudio@2.0.26 (location: C:\Users\Kouta\Documents\Growing_Dungeon_UL\Library\PackageCache\com.unity.ide.visualstudio@a99d56dec63f)
    com.unity.inputsystem@1.19.0 (location: C:\Users\Kouta\Documents\Growing_Dungeon_UL\Library\PackageCache\com.unity.inputsystem@21a28c3a6c83)
    com.unity.timeline@1.8.12 (location: C:\Users\Kouta\Documents\Growing_Dungeon_UL\Library\PackageCache\com.unity.timeline@8cd8509afae5)
    com.unity.visualscripting@1.9.11 (location: C:\Users\Kouta\Documents\Growing_Dungeon_UL\Library\PackageCache\com.unity.visualscripting@8bed5ad90189)
    com.unity.searcher@4.9.4 (location: C:\Users\Kouta\Documents\Growing_Dungeon_UL\Library\PackageCache\com.unity.searcher@d45a78918735)
    com.unity.burst@1.8.29 (location: C:\Users\Kouta\Documents\Growing_Dungeon_UL\Library\PackageCache\com.unity.burst@6bb9aca3ef38)
    com.unity.nuget.mono-cecil@1.11.6 (location: C:\Users\Kouta\Documents\Growing_Dungeon_UL\Library\PackageCache\com.unity.nuget.mono-cecil@ecb9724e46ff)
    com.unity.test-framework.performance@3.5.0 (location: C:\Users\Kouta\Documents\Growing_Dungeon_UL\Library\PackageCache\com.unity.test-framework.performance@8b56083ec0f0)
  Built-in packages:
    com.unity.2d.sprite@1.0.0 (location: C:\Users\Kouta\Documents\Growing_Dungeon_UL\Library\PackageCache\com.unity.2d.sprite@053a968eab56)
    com.unity.multiplayer.center@1.0.1 (location: C:\Users\Kouta\Documents\Growing_Dungeon_UL\Library\PackageCache\com.unity.multiplayer.center@b860850997d0)
    com.unity.render-pipelines.universal@17.5.0 (location: C:\Users\Kouta\Documents\Growing_Dungeon_UL\Library\PackageCache\com.unity.render-pipelines.universal@be00b5bbd9a1)
    com.unity.test-framework@1.7.0 (location: C:\Users\Kouta\Documents\Growing_Dungeon_UL\Library\PackageCache\com.unity.test-framework@f3e6c9a02477)
    com.unity.ugui@2.5.0 (location: C:\Users\Kouta\Documents\Growing_Dungeon_UL\Library\PackageCache\com.unity.ugui@4f9b15fd1386)
    com.unity.modules.accessibility@1.0.0 (location: C:\Users\Kouta\Documents\Growing_Dungeon_UL\Library\PackageCache\com.unity.modules.accessibility)
    com.unity.modules.adaptiveperformance@1.0.0 (location: C:\Users\Kouta\Documents\Growing_Dungeon_UL\Library\PackageCache\com.unity.modules.adaptiveperformance)
    com.unity.modules.ai@1.0.0 (location: C:\Users\Kouta\Documents\Growing_Dungeon_UL\Library\PackageCache\com.unity.modules.ai)
    com.unity.modules.androidjni@1.0.0 (location: C:\Users\Kouta\Documents\Growing_Dungeon_UL\Library\PackageCache\com.unity.modules.androidjni)
    com.unity.modules.animation@1.0.0 (location: C:\Users\Kouta\Documents\Growing_Dungeon_UL\Library\PackageCache\com.unity.modules.animation)
    com.unity.modules.assetbundle@1.0.0 (location: C:\Users\Kouta\Documents\Growing_Dungeon_UL\Library\PackageCache\com.unity.modules.assetbundle)
    com.unity.modules.audio@1.0.0 (location: C:\Users\Kouta\Documents\Growing_Dungeon_UL\Library\PackageCache\com.unity.modules.audio)
    com.unity.modules.cloth@1.0.0 (location: C:\Users\Kouta\Documents\Growing_Dungeon_UL\Library\PackageCache\com.unity.modules.cloth)
    com.unity.modules.director@1.0.0 (location: C:\Users\Kouta\Documents\Growing_Dungeon_UL\Library\PackageCache\com.unity.modules.director)
    com.unity.modules.imageconversion@1.0.0 (location: C:\Users\Kouta\Documents\Growing_Dungeon_UL\Library\PackageCache\com.unity.modules.imageconversion)
    com.unity.modules.imgui@1.0.0 (location: C:\Users\Kouta\Documents\Growing_Dungeon_UL\Library\PackageCache\com.unity.modules.imgui)
    com.unity.modules.jsonserialize@1.0.0 (location: C:\Users\Kouta\Documents\Growing_Dungeon_UL\Library\PackageCache\com.unity.modules.jsonserialize)
    com.unity.modules.particlesystem@1.0.0 (location: C:\Users\Kouta\Documents\Growing_Dungeon_UL\Library\PackageCache\com.unity.modules.particlesystem)
    com.unity.modules.physics@1.0.0 (location: C:\Users\Kouta\Documents\Growing_Dungeon_UL\Library\PackageCache\com.unity.modules.physics)
    com.unity.modules.physics2d@1.0.0 (location: C:\Users\Kouta\Documents\Growing_Dungeon_UL\Library\PackageCache\com.unity.modules.physics2d)
    com.unity.modules.physicscore2d@1.0.0 (location: C:\Users\Kouta\Documents\Growing_Dungeon_UL\Library\PackageCache\com.unity.modules.physicscore2d)
    com.unity.modules.screencapture@1.0.0 (location: C:\Users\Kouta\Documents\Growing_Dungeon_UL\Library\PackageCache\com.unity.modules.screencapture)
    com.unity.modules.terrain@1.0.0 (location: C:\Users\Kouta\Documents\Growing_Dungeon_UL\Library\PackageCache\com.unity.modules.terrain)
    com.unity.modules.terrainphysics@1.0.0 (location: C:\Users\Kouta\Documents\Growing_Dungeon_UL\Library\PackageCache\com.unity.modules.terrainphysics)
    com.unity.modules.tilemap@1.0.0 (location: C:\Users\Kouta\Documents\Growing_Dungeon_UL\Library\PackageCache\com.unity.modules.tilemap)
    com.unity.modules.ui@1.0.0 (location: C:\Users\Kouta\Documents\Growing_Dungeon_UL\Library\PackageCache\com.unity.modules.ui)
    com.unity.modules.uielements@1.0.0 (location: C:\Users\Kouta\Documents\Growing_Dungeon_UL\Library\PackageCache\com.unity.modules.uielements)
    com.unity.modules.umbra@1.0.0 (location: C:\Users\Kouta\Documents\Growing_Dungeon_UL\Library\PackageCache\com.unity.modules.umbra)
    com.unity.modules.unityanalytics@1.0.0 (location: C:\Users\Kouta\Documents\Growing_Dungeon_UL\Library\PackageCache\com.unity.modules.unityanalytics)
    com.unity.modules.unitywebrequest@1.0.0 (location: C:\Users\Kouta\Documents\Growing_Dungeon_UL\Library\PackageCache\com.unity.modules.unitywebrequest)
    com.unity.modules.unitywebrequestassetbundle@1.0.0 (location: C:\Users\Kouta\Documents\Growing_Dungeon_UL\Library\PackageCache\com.unity.modules.unitywebrequestassetbundle)
    com.unity.modules.unitywebrequestaudio@1.0.0 (location: C:\Users\Kouta\Documents\Growing_Dungeon_UL\Library\PackageCache\com.unity.modules.unitywebrequestaudio)
    com.unity.modules.unitywebrequesttexture@1.0.0 (location: C:\Users\Kouta\Documents\Growing_Dungeon_UL\Library\PackageCache\com.unity.modules.unitywebrequesttexture)
    com.unity.modules.unitywebrequestwww@1.0.0 (location: C:\Users\Kouta\Documents\Growing_Dungeon_UL\Library\PackageCache\com.unity.modules.unitywebrequestwww)
    com.unity.modules.vectorgraphics@1.0.0 (location: C:\Users\Kouta\Documents\Growing_Dungeon_UL\Library\PackageCache\com.unity.modules.vectorgraphics)
    com.unity.modules.vehicles@1.0.0 (location: C:\Users\Kouta\Documents\Growing_Dungeon_UL\Library\PackageCache\com.unity.modules.vehicles)
    com.unity.modules.video@1.0.0 (location: C:\Users\Kouta\Documents\Growing_Dungeon_UL\Library\PackageCache\com.unity.modules.video)
    com.unity.modules.wind@1.0.0 (location: C:\Users\Kouta\Documents\Growing_Dungeon_UL\Library\PackageCache\com.unity.modules.wind)
    com.unity.modules.xr@1.0.0 (location: C:\Users\Kouta\Documents\Growing_Dungeon_UL\Library\PackageCache\com.unity.modules.xr)
    com.unity.modules.subsystems@1.0.0 (location: C:\Users\Kouta\Documents\Growing_Dungeon_UL\Library\PackageCache\com.unity.modules.subsystems)
    com.unity.modules.hierarchycore@1.0.0 (location: C:\Users\Kouta\Documents\Growing_Dungeon_UL\Library\PackageCache\com.unity.modules.hierarchycore)
    com.unity.ext.nunit@2.1.0 (location: C:\Users\Kouta\Documents\Growing_Dungeon_UL\Library\PackageCache\com.unity.ext.nunit@44f7d31723bd)
    com.unity.render-pipelines.core@17.5.0 (location: C:\Users\Kouta\Documents\Growing_Dungeon_UL\Library\PackageCache\com.unity.render-pipelines.core@d7ce3ed2cd80)
    com.unity.shadergraph@17.5.0 (location: C:\Users\Kouta\Documents\Growing_Dungeon_UL\Library\PackageCache\com.unity.shadergraph@2df19e8719bc)
    com.unity.render-pipelines.universal-config@17.5.0 (location: C:\Users\Kouta\Documents\Growing_Dungeon_UL\Library\PackageCache\com.unity.render-pipelines.universal-config@fdda01c80fe3)
    com.unity.collections@6.5.0 (location: C:\Users\Kouta\Documents\Growing_Dungeon_UL\Library\PackageCache\com.unity.collections@a43cabe808ca)
    com.unity.mathematics@1.4.0 (location: C:\Users\Kouta\Documents\Growing_Dungeon_UL\Library\PackageCache\com.unity.mathematics@981956d94fb6)
[Subsystems] No new subsystems found in resolved package list.
[Package Manager] Done registering packages in 0.01 seconds
info: Microsoft.Hosting.Lifetime[14]
      Now listening on: http://localhost:80
info: Microsoft.Hosting.Lifetime[0]
      Application started. Press Ctrl+C to shut down.
info: Microsoft.Hosting.Lifetime[0]
      Hosting environment: Production
info: Microsoft.Hosting.Lifetime[0]
      Content root path: C:\Users\Kouta\Documents\Growing_Dungeon_UL
info: Microsoft.AspNetCore.Hosting.Diagnostics[1]
      Request starting HTTP/2 POST http://ilpp/UnityILPP.PostProcessing/Ping - application/grpc -
info: Microsoft.AspNetCore.Routing.EndpointMiddleware[0]
      Executing endpoint 'gRPC - /UnityILPP.PostProcessing/Ping'
info: Microsoft.AspNetCore.Routing.EndpointMiddleware[1]
      Executed endpoint 'gRPC - /UnityILPP.PostProcessing/Ping'
info: Microsoft.AspNetCore.Hosting.Diagnostics[2]
      Request finished HTTP/2 POST http://ilpp/UnityILPP.PostProcessing/Ping - 200 - application/grpc 20.1744ms
Starting: C:\Program Files\Unity\Hub\Editor\6000.5.1f1\Editor\Data\Tools\BuildPipeline\bee_backend.exe --ipc --defer-dag-verification --dagfile="Library/Bee/1900b0aE.dag" --continue-on-failure --profile="Library/Bee/backend1.traceevents" ScriptAssemblies
WorkingDir: C:/Users/Kouta/Documents/Growing_Dungeon_UL
info: Microsoft.AspNetCore.Hosting.Diagnostics[1]
      Request starting HTTP/2 POST http://ilpp/UnityILPP.PostProcessing/ConfigurePostProcessors - application/grpc -
info: Microsoft.AspNetCore.Routing.EndpointMiddleware[0]
      Executing endpoint 'gRPC - /UnityILPP.PostProcessing/ConfigurePostProcessors'
warn: Unity.ILPP.Runner.PostProcessingAssemblyLoadContext[0]
      Assembly system.runtime.interopservices.windowsruntime has duplicate hint path. Ignoring "C:\Program Files\Unity\Hub\Editor\6000.5.1f1\Editor\Data\UnityReferenceAssemblies\unity-4.8-api\Facades\System.Runtime.InteropServices.WindowsRuntime.dll" in favor of "C:\Program Files\Unity\Hub\Editor\6000.5.1f1\Editor\Data\NetStandard\Extensions\2.0.0\System.Runtime.InteropServices.WindowsRuntime.dll"
warn: Unity.ILPP.Runner.PostProcessingAssemblyLoadContext[0]
      Assembly system.componentmodel.composition has duplicate hint path. Ignoring "C:\Program Files\Unity\Hub\Editor\6000.5.1f1\Editor\Data\UnityReferenceAssemblies\unity-4.8-api\System.ComponentModel.Composition.dll" in favor of "C:\Program Files\Unity\Hub\Editor\6000.5.1f1\Editor\Data\NetStandard\compat\2.1.0\shims\netfx\System.ComponentModel.Composition.dll"
info: Unity.ILPP.Runner.PostProcessingAssemblyLoadContext[0]
      Resolved Unity.Burst.Cecil, Version=0.11.6.0, Culture=neutral, PublicKeyToken=50cebf1cceb9d05e with Library\PackageCache\com.unity.burst@6bb9aca3ef38\Unity.Burst.CodeGen\Unity.Burst.Cecil.dll
info: Unity.ILPP.Runner.PostProcessingAssemblyLoadContext[0]
      Resolved Mono.Cecil, Version=0.11.5.0, Culture=neutral, PublicKeyToken=50cebf1cceb9d05e with Library\PackageCache\com.unity.nuget.mono-cecil@ecb9724e46ff\Mono.Cecil.dll
info: Microsoft.AspNetCore.Routing.EndpointMiddleware[1]
      Executed endpoint 'gRPC - /UnityILPP.PostProcessing/ConfigurePostProcessors'
info: Microsoft.AspNetCore.Hosting.Diagnostics[2]
      Request finished HTTP/2 POST http://ilpp/UnityILPP.PostProcessing/ConfigurePostProcessors - 200 - application/grpc 37.8243ms
ExitCode: 0 Duration: 0s259ms
[723/916    0s] ILPP-Configuration Library/ilpp-configuration.nevergeneratedoutput
*** Tundra build success (0.20 seconds), 1 items updated, 916 evaluated
AssetDatabase: script compilation time: 0.854351s
Begin MonoManager ReloadAssembly
Refreshing native plugins compatible for Editor in 4.20 ms, found 4 plugins.
Native extension for WindowsStandalone target not found
Native extension for WebGL target not found
ScheduleIndexationOnStartup MainProcess:True IndexOnStartup:True
Mono: successfully reloaded assembly
- Finished resetting the current domain, in  2.037 seconds
Domain Reload Profiling: 2772ms
	BeginReloadAssembly (250ms)
		DisableScriptedObjects (15ms)
		CreateAndSetChildDomain (134ms)
	RebuildCommonClasses (6ms)
	RebuildNativeTypeToScriptingClass (11ms)
	initialDomainReloadingComplete (30ms)
	LoadAllAssembliesAndSetupDomain (437ms)
		LoadAssemblies (246ms)
		AnalyzeDomain (184ms)
			TypeCache.Refresh (120ms)
				TypeCache.ScanAssembly (109ms)
			BuildScriptInfoCaches (57ms)
			ResolveRequiredComponents (5ms)
	FinalizeReload (2037ms)
		SetupLoadedEditorAssemblies (0ms)
			BeforeProcessingInitializeOnLoad (52ms)
			ProcessInitializeOnLoadAttributes (1619ms)
			ProcessInitializeOnLoadMethodAttributes (88ms)
			AfterProcessingInitializeOnLoad (3ms)
		AwakeInstancesAfterBackupRestoration (15ms)
Starting new worker id: 0 with log in C:/Users/Kouta/Documents/Growing_Dungeon_UL/Logs/AssetImportWorkerHW0.log

Asset Pipeline Refresh (id=bf2687a279c7000439ce1947025db4da): Total: 4.187 seconds - Initiated by InitialRefreshV2(ForceSynchronousImport)
	(Values over 0.05ms)
	Summary:
		Imports: total=0 (actual=0, local cache=0, cache server=0)
		Asset DB Process Time: managed=0 ms, native=2476 ms
		Asset DB Callback time: managed=28 ms, native=15 ms
		Scripting: domain reloads=1, domain reload time=757 ms, compile time=878 ms, other=29 ms
		Project Asset Count: scripts=1373, non-scripts=2479
		Asset File Changes: new=0, changed=0, moved=0, deleted=0
		Scan Filter Count: 0
	InvokePackagesCallback: 16.102ms
	ApplyChangesToAssetFolders: 0.521ms
	Scan: 114.605ms
	Collect global state as custom dependencies: 2.818ms
	CategorizeScriptCompilationAssets: 47.474ms
	ProcessAssetsWithTransientArtifactChanges: 59.782ms
	CategorizeAssets: 39.658ms
	CompileScripts: 878.364ms
	ImportOutOfDateAssets: 2081.047ms (2052.378ms without children)
		UnloadImportedAssets: 0.785ms
		EnsureUptoDateAssetsAreRegisteredWithGuidPM: 0.334ms
		ImportSchedulerStart: 27.523ms
	PostProcessAllAssets: 28.556ms
		MonoPostProcessAllAssets: 28.497ms
			SyncVS.PostprocessSyncProject 8.071ms
			UniversalRenderPipelineGlobalSettingsPostprocessor.OnPostprocessAllAssets 7.757ms
			SpeedTree9Postprocessor.OnPostprocessAllAssets 1.610ms
			WindowAssetPostprocessingWatcher.OnPostprocessAllAssets 1.579ms
			RenderPipelineGlobalSettingsPostprocessor.OnPostprocessAllAssets 0.576ms
			ReferencedClipsPostProcessor.OnPostprocessAllAssets 0.320ms
			ShaderReflectionAssetPostProcessor.OnPostprocessAllAssets 0.237ms
			TerrainToolbarOverlayPostProcessor.OnPostprocessAllAssets 0.236ms
			InputActionAssetPostprocessor.OnPostprocessAllAssets 0.194ms
			ProjectSettingsPostprocessor.OnPostprocessAllAssets 0.124ms
			AssetDatabaseCallbacks.OnPostprocessAllAssets 0.106ms
	UnloadStreamsBegin: 2.452ms
	PersistCurrentRevisions: 0.147ms
	GenerateScriptTypeHashes: 5.584ms
	GenerateScriptTypeSerializationHashes: 11.117ms
	Untracked: 910.525ms

Application.AssetDatabase Initial Refresh End
Launched and connected shader compiler UnityShaderCompiler.exe after 0.01 seconds
Scanning for USB devices : 5.817ms
Initializing Unity extensions:
[MODES] ModeService[none].Initialize
[MODES] ModeService[none].LoadModes
[MODES] Loading mode Default (0) for mode-current-id-Growing_Dungeon
Unloading 42 Unused Serialized files (Serialized files now loaded: 0)
Loaded scene 'Assets/Scenes/MainScene.unity'
	Deserialize:            40.042 ms
	Integration:            240.826 ms
	Integration of assets:  9.523 ms
	Thread Wait Time:       1.309 ms
	Total Operation Time:   291.700 ms
Unloading 6548 unused Assets / (7.5 MB). Loaded Objects now: 7732.
Memory consumption went from 421.1 MB to 413.6 MB.
Total: 11.578000 ms (FindLiveObjects: 1.033900 ms CreateObjectMapping: 1.378200 ms MarkObjects: 4.640400 ms  DeleteObjects: 4.521100 ms)

[LAYOUT] About to load UserSettings\Layouts\default-6000.dwlt, keepMainWindow=False
Worker ready: AssetImportWorkerHW0 0
[LAYOUT] About to save layout C:\Users\Kouta\Documents\Growing_Dungeon_UL\UserSettings\Layouts\default-6000.dwlt
[LAYOUT] About to save layout C:/Users/Kouta/AppData/Roaming/Unity/Editor-5.x/Preferences\Layouts\current\default-6000.dwlt
[MODES] ModeService[default].InitializeCurrentMode
[MODES] ModeService[default].RaiseModeChanged(default, default)
<RI> Initializing input.
Using Windows.Gaming.Input
[Project] Loading completed in 11.867 seconds
	Project init time: 				10.604 seconds
		Template init time: 		0.000 seconds
		Package Manager init time: 		3.587 seconds
		Asset Database init time: 		0.193 seconds
		Global illumination init time: 	0.006 seconds
		Assemblies load time: 			0.722 seconds
		Unity extensions init time: 	0.028 seconds
		Asset Database refresh time: 	4.187 seconds
	Scene opening time: 			1.165 seconds
##utp:{"type":"ProjectInfo","version":2,"phase":"Immediate","time":1787111293040,"processId":5604,"projectLoad":11.8670768,"projectInit":10.604099,"templateInit":0.0,"packageManagerInit":3.5871801,"assetDatabaseInit":0.1926203,"globalIlluminationInit":0.0062583,"assembliesLoad":0.7221374,"unityExtensionsInit":0.0278006,"assetDatabaseRefresh":4.1867212,"sceneOpening":1.1645698}
##utp:{"type":"EditorInfo","version":2,"phase":"Immediate","time":1787111293040,"processId":5604,"editorVersion":"6000.5.1f1 (0d9463e84828)","branch":"6000.5/staging","buildType":"Release","platform":"Windows"}
Asset Pipeline Refresh (id=6b997a073f58c2a45bdf3f48a888fb7b): Total: 0.063 seconds - Initiated by RefreshV2(AllowForceSynchronousImport)
[Licensing::Client] Successfully resolved entitlement details
[Licensing::Client] Successfully resolved entitlement details
[Licensing::Client] Successfully resolved entitlement details
[Licensing::Client] Successfully updated the access token
[Licensing::Module] Successfully updated access token: "9mSEsGqf"... (expires: 2026-08-19T05:46:54Z)
Created GICache directory at C:/Users/Kouta/AppData/LocalLow/Unity/Caches/GiCache. Took: 0.014s, timestamps: [13.015 - 13.029]
UPID Received '5fdeb208-ce31-42ad-92e0-6f09ef230cea'.
AcceleratorClientConnectionCallback - disconnected - :0
Importing 'GUID: 00000000000000004000000000000000 - Path: ProjectSettings/ProjectSettings.asset' with importer (LibraryAssetImporter)
Imported 'GUID: 00000000000000004000000000000000' -> (Import Result ID: 'b0d7889d7a347c76a0c1dce93dbbe540') in 0.003 seconds [static dependencies only]. Details - ImportResultOutputID=276a810dac73e1f29404d5e5f692e214 DependenciesID=f3ea2f148cb1043024c085d28442e302 StaticDependenciesID=3b464088860f24f7af8d354614f37fdb 
Asset Pipeline Refresh (id=4205c5583217b014dbf6acc6d631698b): Total: 0.104 seconds - Initiated by StopAssetImportingV2(NoUpdateAssetOptions)
Start Indexing on Editor startup
[Indexing] Starting Initial Indexing for Assets
The character with Unicode value \u25B6 was not found in the [LiberationSans SDF] font asset or any potential fallbacks. It was replaced by Unicode character \u25A1 in text object [Text (TMP)].
UnityEngine.Debug:ExtractStackTraceNoAlloc (byte*,int,string)
UnityEngine.StackTraceUtility:ExtractStackTrace ()
UnityEngine.DebugLogHandler:Internal_Log (UnityEngine.LogType,UnityEngine.LogOption,string,UnityEngine.Object)
UnityEngine.DebugLogHandler:LogFormat (UnityEngine.LogType,UnityEngine.Object,string,object[])
UnityEngine.Logger:Log (UnityEngine.LogType,object,UnityEngine.Object)
UnityEngine.Debug:LogWarning (object,UnityEngine.Object)
TMPro.TextMeshProUGUI:SetArraySizes (TMPro.TMP_Text/TextProcessingElement[]) (at ./Library/PackageCache/com.unity.ugui@4f9b15fd1386/Runtime/TMP/TextMeshProUGUI.cs:2012)
TMPro.TMP_Text:ParseInputText () (at ./Library/PackageCache/com.unity.ugui@4f9b15fd1386/Runtime/TMP/TMP_Text.cs:2063)
TMPro.TextMeshProUGUI:OnPreRenderCanvas () (at ./Library/PackageCache/com.unity.ugui@4f9b15fd1386/Runtime/TMP/TextMeshProUGUI.cs:2496)
TMPro.TextMeshProUGUI:Rebuild (UnityEngine.UI.CanvasUpdate) (at ./Library/PackageCache/com.unity.ugui@4f9b15fd1386/Runtime/TMP/TextMeshProUGUI.cs:229)
UnityEngine.UI.CanvasUpdateRegistry:PerformUpdate () (at ./Library/PackageCache/com.unity.ugui@4f9b15fd1386/Runtime/UGUI/UI/Core/CanvasUpdateRegistry.cs:215)
UnityEngine.Canvas:SendWillRenderCanvases ()

(Filename: ./Library/PackageCache/com.unity.ugui@4f9b15fd1386/Runtime/TMP/TextMeshProUGUI.cs Line: 2012)

Asset Pipeline Refresh (id=ac679192d8530e14eb2a81fce00bd821): Total: 0.008 seconds - Initiated by RefreshV2(AllowForceSynchronousImport)
TrimDiskCacheJob: Current cache size 0mb
Asset Pipeline Refresh (id=e37e702b37a3fe84bbd62aef18cd1e06): Total: 0.003 seconds - Initiated by RefreshV2(AllowForceSynchronousImport)

[main 2026-08-19T03:49:03.326Z] StorageMainService: creating application shared storage
[main 2026-08-19T03:49:03.440Z] [shared storage] Creating shared storage database at 'c:\Users\Kouta\.vscode-shared\sharedStorage\state.vscdb' (wasCreated: false)
[main 2026-08-19T03:49:03.441Z] [shared storage] Initializing fallback application storage (path: c:\Users\Kouta\AppData\Roaming\Code\User\globalStorage\state.vscdb)

[main 2026-08-19T03:49:03.472Z] [shared storage] Fallback application storage initialized with 86 items
[main 2026-08-19T03:49:03.474Z] update#setState idle
[main 2026-08-19T03:49:04.047Z] AgentHostProcessManager: agent host started
[main 2026-08-19T03:49:04.135Z] vscode-file: Refused to load resource c:\Users\Kouta\AppData\Local\Programs\Microsoft VS Code\c2d1b13fdc\resources\app\extensions\theme-seti\icons\seti.woff from vscode-file: protocol (original URL: vscode-file://vscode-app/c:/Users/Kouta/AppData/Local/Programs/Microsoft%20VS%20Code/c2d1b13fdc/resources/app/extensions/theme-seti/icons/seti.woff)
(node:24012) [DEP0169] DeprecationWarning: `url.parse()` behavior is not standardized and prone to errors that have security implications. Use the WHATWG URL API instead. CVEs are not issued for `url.parse()` vulnerabilities.
(Use `Code --trace-deprecation ...` to show where the warning was created)
[main 2026-08-19T03:49:05.088Z] [AgentHost:stderr] (node:5160) [DEP0169] DeprecationWarning: `url.parse()` behavior is not standardized and prone to errors that have security implications. Use the WHATWG URL API instead. CVEs are not issued for `url.parse()` vulnerabilities.
(Use `Code --trace-deprecation ...` to show where the warning was created)

Unknown channel: agentHostClientProxy
Unknown channel: agentHostClientProxy
Asset Pipeline Refresh (id=1d2d6ab701167d34b9790b2760516ac4): Total: 0.006 seconds - Initiated by RefreshV2(AllowForceSynchronousImport)
[main 2026-08-19T03:49:33.840Z] update#setState checking for updates
[main 2026-08-19T03:49:33.946Z] update#setState idle
Asset Pipeline Refresh (id=00db31511b21dfe4cbde131e58230a49): Total: 0.003 seconds - Initiated by RefreshV2(AllowForceSynchronousImport)
Reloading assemblies for play mode.
Reloading assemblies after forced synchronous recompile.
[Licensing::Client] Successfully resolved entitlement details
Begin MonoManager ReloadAssembly
Native extension for WindowsStandalone target not found
Native extension for WebGL target not found
ScheduleIndexationOnStartup MainProcess:True IndexOnStartup:True
[MODES] ModeService[none].Initialize
[MODES] ModeService[none].LoadModes
Mono: successfully reloaded assembly
- Finished resetting the current domain, in  1.026 seconds
Domain Reload Profiling: 1737ms
	BeginReloadAssembly (549ms)
		DisableScriptedObjects (72ms)
		CreateAndSetChildDomain (363ms)
	RebuildCommonClasses (7ms)
	RebuildNativeTypeToScriptingClass (11ms)
	initialDomainReloadingComplete (33ms)
	LoadAllAssembliesAndSetupDomain (110ms)
		LoadAssemblies (77ms)
		AnalyzeDomain (12ms)
			TypeCache.Refresh (4ms)
			ResolveRequiredComponents (5ms)
	FinalizeReload (1027ms)
		SetupLoadedEditorAssemblies (0ms)
			BeforeProcessingInitializeOnLoad (53ms)
			ProcessInitializeOnLoadAttributes (231ms)
			ProcessInitializeOnLoadMethodAttributes (82ms)
			AfterProcessingInitializeOnLoad (3ms)
		AwakeInstancesAfterBackupRestoration (388ms)
No restricted APIs configured; Validation skipped.
Checking 23 assemblies for restricted APIs found 0 usage(s) in 3 ms

Asset Pipeline Refresh (id=d322726cecd5a2b4b8ba64c8b6f2ba97): Total: 2.533 seconds - Initiated by StopAssetImportingV2(ForceSynchronousImport | ForceDomainReload)
	(Values over 0.05ms)
	Summary:
		Imports: total=0 (actual=0, local cache=0, cache server=0)
		Asset DB Process Time: managed=0 ms, native=1219 ms
		Asset DB Callback time: managed=427 ms, native=144 ms
		Scripting: domain reloads=1, domain reload time=740 ms, compile time=1 ms, other=0 ms
		Project Asset Count: scripts=1373, non-scripts=2479
		Asset File Changes: new=0, changed=0, moved=0, deleted=0
		Scan Filter Count: 0
	InvokePackagesCallback: 1.075ms
	ApplyChangesToAssetFolders: 0.234ms
	Collect global state as custom dependencies: 1.584ms
	ProcessAssetsWithTransientArtifactChanges: 100.343ms
	CategorizeAssets: 33.506ms
	CompileScripts: 0.758ms
	ImportOutOfDateAssets: 1053.430ms (1034.960ms without children)
		CollectScriptTypesHashes: 1.417ms
		ReloadNativeAssets: 0.875ms
		UnloadImportedAssets: 1.487ms
		EnsureUptoDateAssetsAreRegisteredWithGuidPM: 0.314ms
		ImportSchedulerStart: 15.775ms
	PostProcessAllAssets: 564.091ms
		AssemblyValidation.PostprocessAllAssets 14.113ms
		PostProcessCallbackCreateDeferredMaterials 9.863ms
		ShaderAssetModifiedCallback 5.785ms
		RaytracingShaderImportPostprocess 4.034ms
		ComputeShaderImportPostprocess 3.999ms
		SpeedTreeImporter.PostprocessAllAssets 3.453ms
		BlockShaderImporter.PostprocessAllAssets 1.822ms
		LocalizationDatabase.AssetDatabasePostprocessCallback 1.790ms
		XRBuildSystem.XRAssetImported 0.256ms
		MonoPostProcessAllAssets: 425.352ms
			SyncVS.PostprocessSyncProject 135.214ms
			ShaderGraphAssetPostProcessor.OnPostprocessAllAssets 109.496ms
			PostProcessor.OnPostprocessAllAssets 21.506ms
			MaterialPostprocessor.OnPostprocessAllAssets 18.950ms
			InputActionJsonNameModifierAssetProcessor.OnPostprocessAllAssets 18.931ms
			InputActionAssetPostprocessor.OnPostprocessAllAssets 18.686ms
			AssetPostprocessor.OnPostprocessAllAssets 18.394ms
			TextAssetPostProcessor.OnPostprocessAllAssets 13.228ms
			SpriteSlicePostprocessor.OnPostprocessAllAssets 11.973ms
			AssetChangedListener.OnPostprocessAllAssets 8.510ms
			UniversalRenderPipelineGlobalSettingsPostprocessor.OnPostprocessAllAssets 6.536ms
			BuilderAssetPostprocessor.OnPostprocessAllAssets 3.694ms
			SpeedTree9Postprocessor.OnPostprocessAllAssets 3.389ms
			RenderPipelineGlobalSettingsPostprocessor.OnPostprocessAllAssets 2.788ms
			WindowAssetPostprocessingWatcher.OnPostprocessAllAssets 1.298ms
			RetainedModeAssetPostprocessor.OnPostprocessAllAssets 1.098ms
			SpriteEditorTexturePostprocessor.OnPostprocessAllAssets 0.530ms
			StyleCatalogPostProcessor.OnPostprocessAllAssets 0.316ms
			ArtifactBrowserPostProcessor.OnPostprocessAllAssets 0.310ms
			ShaderReflectionAssetPostProcessor.OnPostprocessAllAssets 0.278ms
			SampleDependencyImporterPostProcessor.OnPostprocessAllAssets 0.249ms
			ReferencedClipsPostProcessor.OnPostprocessAllAssets 0.223ms
			SpeedTreePostProcessor.OnPostprocessAllAssets 0.211ms
			UVCSAssetPostprocessor.OnPostprocessAllAssets 0.206ms
			AudioMixerPostprocessor.OnPostprocessAllAssets 0.198ms
			ProjectSettingsPostprocessor.OnPostprocessAllAssets 0.185ms
			TMPro_TexturePostProcessor.OnPostprocessAllAssets 0.175ms
			SamplePostprocessor.OnPostprocessAllAssets 0.137ms
			AssetEvents.OnPostprocessAllAssets 0.122ms
			TerrainToolbarOverlayPostProcessor.OnPostprocessAllAssets 0.114ms
			AssetDatabaseCallbacks.OnPostprocessAllAssets 0.091ms
			ConfigAssetsTracker.OnPostprocessAllAssets 0.070ms
			ScenarioDriftAssetsTracker.OnPostprocessAllAssets 0.061ms
	PostAssetChangesProfiler: 7.893ms
	GatherAllCurrentPrimaryImportResultRevisions: 0.093ms
	UnloadStreamsBegin: 1.204ms
	PersistCurrentRevisions: 0.074ms
	GenerateScriptTypeHashes: 2.822ms
	GenerateScriptTypeSerializationHashes: 5.089ms
	Untracked: 763.728ms

Loaded scene 'Temp/__Backupscenes/0.backup'
	Deserialize:            2.527 ms
	Integration:            198.053 ms
	Integration of assets:  0.002 ms
	Thread Wait Time:       0.015 ms
	Total Operation Time:   200.596 ms
【準備フェーズ】配置を完了させたら「準備完了」ボタンを押してください。
UnityEngine.Debug:ExtractStackTraceNoAlloc (byte*,int,string)
UnityEngine.StackTraceUtility:ExtractStackTrace ()
UnityEngine.DebugLogHandler:Internal_Log (UnityEngine.LogType,UnityEngine.LogOption,string,UnityEngine.Object)
UnityEngine.DebugLogHandler:LogFormat (UnityEngine.LogType,UnityEngine.Object,string,object[])
UnityEngine.Logger:Log (UnityEngine.LogType,object)
UnityEngine.Debug:Log (object)
GameManager:SetPreparationPhase () (at Assets/Scripts/Managers/GameManager.cs:44)
GameManager:Start () (at Assets/Scripts/Managers/GameManager.cs:23)

(Filename: Assets/Scripts/Managers/GameManager.cs Line: 44)

[Licensing::Client] Successfully resolved entitlement details
[Licensing::Client] Successfully resolved entitlement details
The character with Unicode value \u25B6 was not found in the [LiberationSans SDF] font asset or any potential fallbacks. It was replaced by Unicode character \u25A1 in text object [Text (TMP)].
UnityEngine.Debug:ExtractStackTraceNoAlloc (byte*,int,string)
UnityEngine.StackTraceUtility:ExtractStackTrace ()
UnityEngine.DebugLogHandler:Internal_Log (UnityEngine.LogType,UnityEngine.LogOption,string,UnityEngine.Object)
UnityEngine.DebugLogHandler:LogFormat (UnityEngine.LogType,UnityEngine.Object,string,object[])
UnityEngine.Logger:Log (UnityEngine.LogType,object,UnityEngine.Object)
UnityEngine.Debug:LogWarning (object,UnityEngine.Object)
TMPro.TextMeshProUGUI:SetArraySizes (TMPro.TMP_Text/TextProcessingElement[]) (at ./Library/PackageCache/com.unity.ugui@4f9b15fd1386/Runtime/TMP/TextMeshProUGUI.cs:2012)
TMPro.TMP_Text:ParseInputText () (at ./Library/PackageCache/com.unity.ugui@4f9b15fd1386/Runtime/TMP/TMP_Text.cs:2063)
TMPro.TextMeshProUGUI:OnPreRenderCanvas () (at ./Library/PackageCache/com.unity.ugui@4f9b15fd1386/Runtime/TMP/TextMeshProUGUI.cs:2496)
TMPro.TextMeshProUGUI:Rebuild (UnityEngine.UI.CanvasUpdate) (at ./Library/PackageCache/com.unity.ugui@4f9b15fd1386/Runtime/TMP/TextMeshProUGUI.cs:229)
UnityEngine.UI.CanvasUpdateRegistry:PerformUpdate () (at ./Library/PackageCache/com.unity.ugui@4f9b15fd1386/Runtime/UGUI/UI/Core/CanvasUpdateRegistry.cs:215)
UnityEngine.Canvas:SendWillRenderCanvases ()

(Filename: ./Library/PackageCache/com.unity.ugui@4f9b15fd1386/Runtime/TMP/TextMeshProUGUI.cs Line: 2012)

Game Started!
UnityEngine.Debug:ExtractStackTraceNoAlloc (byte*,int,string)
UnityEngine.StackTraceUtility:ExtractStackTrace ()
UnityEngine.DebugLogHandler:Internal_Log (UnityEngine.LogType,UnityEngine.LogOption,string,UnityEngine.Object)
UnityEngine.DebugLogHandler:LogFormat (UnityEngine.LogType,UnityEngine.Object,string,object[])
UnityEngine.Logger:Log (UnityEngine.LogType,object)
UnityEngine.Debug:Log (object)
GameStartManager:StartGameplay () (at Assets/Scripts/UI/GameStartManager.cs:72)
GameStartManager:OnClickNextStory () (at Assets/Scripts/UI/GameStartManager.cs:53)
UnityEngine.Events.InvokableCall:Invoke ()
UnityEngine.Events.UnityEvent:Invoke ()
UnityEngine.UI.Button:Press () (at ./Library/PackageCache/com.unity.ugui@4f9b15fd1386/Runtime/UGUI/UI/Core/Button.cs:71)
UnityEngine.UI.Button:OnPointerClick (UnityEngine.EventSystems.PointerEventData) (at ./Library/PackageCache/com.unity.ugui@4f9b15fd1386/Runtime/UGUI/UI/Core/Button.cs:115)
UnityEngine.EventSystems.ExecuteEvents:Execute (UnityEngine.EventSystems.IPointerClickHandler,UnityEngine.EventSystems.BaseEventData) (at ./Library/PackageCache/com.unity.ugui@4f9b15fd1386/Runtime/UGUI/EventSystem/ExecuteEvents.cs:57)
UnityEngine.EventSystems.ExecuteEvents:Execute<UnityEngine.EventSystems.IPointerClickHandler> (UnityEngine.GameObject,UnityEngine.EventSystems.BaseEventData,UnityEngine.EventSystems.ExecuteEvents/EventFunction`1<UnityEngine.EventSystems.IPointerClickHandler>) (at ./Library/PackageCache/com.unity.ugui@4f9b15fd1386/Runtime/UGUI/EventSystem/ExecuteEvents.cs:272)
UnityEngine.InputSystem.UI.InputSystemUIInputModule:ProcessPointerButton (UnityEngine.InputSystem.UI.PointerModel/ButtonState&,UnityEngine.EventSystems.PointerEventData) (at ./Library/PackageCache/com.unity.inputsystem@21a28c3a6c83/InputSystem/Plugins/UI/InputSystemUIInputModule.cs:731)
UnityEngine.InputSystem.UI.InputSystemUIInputModule:ProcessPointer (UnityEngine.InputSystem.UI.PointerModel&) (at ./Library/PackageCache/com.unity.inputsystem@21a28c3a6c83/InputSystem/Plugins/UI/InputSystemUIInputModule.cs:490)
UnityEngine.InputSystem.UI.InputSystemUIInputModule:Process () (at ./Library/PackageCache/com.unity.inputsystem@21a28c3a6c83/InputSystem/Plugins/UI/InputSystemUIInputModule.cs:2404)
UnityEngine.EventSystems.EventSystem:Update () (at ./Library/PackageCache/com.unity.ugui@4f9b15fd1386/Runtime/UGUI/EventSystem/EventSystem.cs:516)

(Filename: Assets/Scripts/UI/GameStartManager.cs Line: 72)

【戦闘フェーズ】敵の攻撃開始！
UnityEngine.Debug:ExtractStackTraceNoAlloc (byte*,int,string)
UnityEngine.StackTraceUtility:ExtractStackTrace ()
UnityEngine.DebugLogHandler:Internal_Log (UnityEngine.LogType,UnityEngine.LogOption,string,UnityEngine.Object)
UnityEngine.DebugLogHandler:LogFormat (UnityEngine.LogType,UnityEngine.Object,string,object[])
UnityEngine.Logger:Log (UnityEngine.LogType,object)
UnityEngine.Debug:Log (object)
GameManager:SetBattlePhase () (at Assets/Scripts/Managers/GameManager.cs:59)
BuildMenuUI:ToggleReady () (at Assets/Scripts/UI/BuildMenuUI.cs:94)
UnityEngine.Events.InvokableCall:Invoke ()
UnityEngine.Events.UnityEvent:Invoke ()
UnityEngine.UI.Button:Press () (at ./Library/PackageCache/com.unity.ugui@4f9b15fd1386/Runtime/UGUI/UI/Core/Button.cs:71)
UnityEngine.UI.Button:OnPointerClick (UnityEngine.EventSystems.PointerEventData) (at ./Library/PackageCache/com.unity.ugui@4f9b15fd1386/Runtime/UGUI/UI/Core/Button.cs:115)
UnityEngine.EventSystems.ExecuteEvents:Execute (UnityEngine.EventSystems.IPointerClickHandler,UnityEngine.EventSystems.BaseEventData) (at ./Library/PackageCache/com.unity.ugui@4f9b15fd1386/Runtime/UGUI/EventSystem/ExecuteEvents.cs:57)
UnityEngine.EventSystems.ExecuteEvents:Execute<UnityEngine.EventSystems.IPointerClickHandler> (UnityEngine.GameObject,UnityEngine.EventSystems.BaseEventData,UnityEngine.EventSystems.ExecuteEvents/EventFunction`1<UnityEngine.EventSystems.IPointerClickHandler>) (at ./Library/PackageCache/com.unity.ugui@4f9b15fd1386/Runtime/UGUI/EventSystem/ExecuteEvents.cs:272)
UnityEngine.InputSystem.UI.InputSystemUIInputModule:ProcessPointerButton (UnityEngine.InputSystem.UI.PointerModel/ButtonState&,UnityEngine.EventSystems.PointerEventData) (at ./Library/PackageCache/com.unity.inputsystem@21a28c3a6c83/InputSystem/Plugins/UI/InputSystemUIInputModule.cs:731)
UnityEngine.InputSystem.UI.InputSystemUIInputModule:ProcessPointer (UnityEngine.InputSystem.UI.PointerModel&) (at ./Library/PackageCache/com.unity.inputsystem@21a28c3a6c83/InputSystem/Plugins/UI/InputSystemUIInputModule.cs:490)
UnityEngine.InputSystem.UI.InputSystemUIInputModule:Process () (at ./Library/PackageCache/com.unity.inputsystem@21a28c3a6c83/InputSystem/Plugins/UI/InputSystemUIInputModule.cs:2404)
UnityEngine.EventSystems.EventSystem:Update () (at ./Library/PackageCache/com.unity.ugui@4f9b15fd1386/Runtime/UGUI/EventSystem/EventSystem.cs:516)

(Filename: Assets/Scripts/Managers/GameManager.cs Line: 59)

<color=green>全ウェーブクリア！</color>
UnityEngine.Debug:ExtractStackTraceNoAlloc (byte*,int,string)
UnityEngine.StackTraceUtility:ExtractStackTrace ()
UnityEngine.DebugLogHandler:Internal_Log (UnityEngine.LogType,UnityEngine.LogOption,string,UnityEngine.Object)
UnityEngine.DebugLogHandler:LogFormat (UnityEngine.LogType,UnityEngine.Object,string,object[])
UnityEngine.Logger:Log (UnityEngine.LogType,object)
UnityEngine.Debug:Log (object)
WaveManager/<RunWaveSequence>d__8:MoveNext () (at Assets/Scripts/Managers/WaveManager.cs:106)
UnityEngine.SetupCoroutine:InvokeMoveNext (System.Collections.IEnumerator,intptr)
UnityEngine.MonoBehaviour:StartCoroutineManaged2 (System.Collections.IEnumerator)
UnityEngine.MonoBehaviour:StartCoroutine (System.Collections.IEnumerator)
WaveManager:StartWaveSystem () (at Assets/Scripts/Managers/WaveManager.cs:65)
GameManager:SetBattlePhase () (at Assets/Scripts/Managers/GameManager.cs:76)
BuildMenuUI:ToggleReady () (at Assets/Scripts/UI/BuildMenuUI.cs:94)
UnityEngine.Events.InvokableCall:Invoke ()
UnityEngine.Events.UnityEvent:Invoke ()
UnityEngine.UI.Button:Press () (at ./Library/PackageCache/com.unity.ugui@4f9b15fd1386/Runtime/UGUI/UI/Core/Button.cs:71)
UnityEngine.UI.Button:OnPointerClick (UnityEngine.EventSystems.PointerEventData) (at ./Library/PackageCache/com.unity.ugui@4f9b15fd1386/Runtime/UGUI/UI/Core/Button.cs:115)
UnityEngine.EventSystems.ExecuteEvents:Execute (UnityEngine.EventSystems.IPointerClickHandler,UnityEngine.EventSystems.BaseEventData) (at ./Library/PackageCache/com.unity.ugui@4f9b15fd1386/Runtime/UGUI/EventSystem/ExecuteEvents.cs:57)
UnityEngine.EventSystems.ExecuteEvents:Execute<UnityEngine.EventSystems.IPointerClickHandler> (UnityEngine.GameObject,UnityEngine.EventSystems.BaseEventData,UnityEngine.EventSystems.ExecuteEvents/EventFunction`1<UnityEngine.EventSystems.IPointerClickHandler>) (at ./Library/PackageCache/com.unity.ugui@4f9b15fd1386/Runtime/UGUI/EventSystem/ExecuteEvents.cs:272)
UnityEngine.InputSystem.UI.InputSystemUIInputModule:ProcessPointerButton (UnityEngine.InputSystem.UI.PointerModel/ButtonState&,UnityEngine.EventSystems.PointerEventData) (at ./Library/PackageCache/com.unity.inputsystem@21a28c3a6c83/InputSystem/Plugins/UI/InputSystemUIInputModule.cs:731)
UnityEngine.InputSystem.UI.InputSystemUIInputModule:ProcessPointer (UnityEngine.InputSystem.UI.PointerModel&) (at ./Library/PackageCache/com.unity.inputsystem@21a28c3a6c83/InputSystem/Plugins/UI/InputSystemUIInputModule.cs:490)
UnityEngine.InputSystem.UI.InputSystemUIInputModule:Process () (at ./Library/PackageCache/com.unity.inputsystem@21a28c3a6c83/InputSystem/Plugins/UI/InputSystemUIInputModule.cs:2404)
UnityEngine.EventSystems.EventSystem:Update () (at ./Library/PackageCache/com.unity.ugui@4f9b15fd1386/Runtime/UGUI/EventSystem/EventSystem.cs:516)

(Filename: Assets/Scripts/Managers/WaveManager.cs Line: 106)

Asset Pipeline Refresh (id=ceb22e3330fd24741b99ba886bb8a005): Total: 0.006 seconds - Initiated by RefreshV2(NoUpdateAssetOptions)

Asset Pipeline Refresh (id=6365070fa0052e143ae531f8fc4ca6eb): Total: 0.003 seconds - Initiated by RefreshV2(NoUpdateAssetOptions)
Asset Pipeline Refresh (id=521aabf4f01bbb94686e856911d44b2f): Total: 0.003 seconds - Initiated by RefreshV2(NoUpdateAssetOptions)
Asset Pipeline Refresh (id=a475efd96721030409e016ae00e8aa8d): Total: 0.003 seconds - Initiated by RefreshV2(NoUpdateAssetOptions)
[ScriptCompilation] Requested script compilation because: AssetDatabase observed changes in script compilation related files
Asset Pipeline Refresh (id=9377163c6bc941a44b624de960913bb2): Total: 0.058 seconds - Initiated by RefreshV2(NoUpdateAssetOptions)
[Licensing::Client] Successfully resolved entitlement details
info: Microsoft.AspNetCore.Hosting.Diagnostics[1]
      Request starting HTTP/2 POST http://ilpp/UnityILPP.PostProcessing/Ping - application/grpc -
info: Microsoft.AspNetCore.Routing.EndpointMiddleware[0]
      Executing endpoint 'gRPC - /UnityILPP.PostProcessing/Ping'
info: Microsoft.AspNetCore.Routing.EndpointMiddleware[1]
      Executed endpoint 'gRPC - /UnityILPP.PostProcessing/Ping'
info: Microsoft.AspNetCore.Hosting.Diagnostics[2]
      Request finished HTTP/2 POST http://ilpp/UnityILPP.PostProcessing/Ping - 200 - application/grpc 0.9476ms
Starting: C:\Program Files\Unity\Hub\Editor\6000.5.1f1\Editor\Data\Tools\BuildPipeline\bee_backend.exe --ipc --defer-dag-verification --dagfile="Library/Bee/1900b0aE.dag" --continue-on-failure --profile="Library/Bee/backend1.traceevents" ScriptAssemblies
WorkingDir: C:/Users/Kouta/Documents/Growing_Dungeon_UL
info: Microsoft.AspNetCore.Hosting.Diagnostics[1]
      Request starting HTTP/2 POST http://ilpp/UnityILPP.PostProcessing/ConfigurePostProcessors - application/grpc -
info: Microsoft.AspNetCore.Routing.EndpointMiddleware[0]
      Executing endpoint 'gRPC - /UnityILPP.PostProcessing/ConfigurePostProcessors'
info: Unity.ILPP.Runner.PostProcessingAssemblyLoadContext[0]
      Current configuration matches the requested one, skipping
info: Microsoft.AspNetCore.Routing.EndpointMiddleware[1]
      Executed endpoint 'gRPC - /UnityILPP.PostProcessing/ConfigurePostProcessors'
info: Microsoft.AspNetCore.Hosting.Diagnostics[2]
      Request finished HTTP/2 POST http://ilpp/UnityILPP.PostProcessing/ConfigurePostProcessors - 200 - application/grpc 3.5292ms
ExitCode: 3 Duration: 2s703ms
[722/916    0s] ILPP-Configuration Library/ilpp-configuration.nevergeneratedoutput
[912/916    2s] Csc Library/Bee/artifacts/1900b0aE.dag/Assembly-CSharp.dll (+2 others)
##### CommandLine
"C:\Program Files\Unity\Hub\Editor\6000.5.1f1\Editor\Data\DotNetSdk\dotnet.exe" exec "C:/Program Files/Unity/Hub/Editor/6000.5.1f1/Editor/Data/DotNetSdk/sdk/8.0.318/Roslyn/bincore/csc.dll" /nostdlib /noconfig /shared "@Library/Bee/artifacts/1900b0aE.dag/Assembly-CSharp.rsp" "@Library/Bee/artifacts/1900b0aE.dag/Assembly-CSharp.rsp2"
##### Contents of Library\Bee\artifacts\1900b0aE.dag\Assembly-CSharp.rsp
-target:library
-out:"Library/Bee/artifacts/1900b0aE.dag/Assembly-CSharp.dll"
-refout:"Library/Bee/artifacts/1900b0aE.dag/Assembly-CSharp.ref.dll"
-define:UNITY_6000_5_1
-define:UNITY_6000_5
-define:UNITY_6000
-define:UNITY_5_3_OR_NEWER
-define:UNITY_5_4_OR_NEWER
-define:UNITY_5_5_OR_NEWER
-define:UNITY_5_6_OR_NEWER
-define:UNITY_2017_1_OR_NEWER
-define:UNITY_2017_2_OR_NEWER
-define:UNITY_2017_3_OR_NEWER
-define:UNITY_2017_4_OR_NEWER
-define:UNITY_2018_1_OR_NEWER
-define:UNITY_2018_2_OR_NEWER
-define:UNITY_2018_3_OR_NEWER
-define:UNITY_2018_4_OR_NEWER
-define:UNITY_2019_1_OR_NEWER
-define:UNITY_2019_2_OR_NEWER
-define:UNITY_2019_3_OR_NEWER
-define:UNITY_2019_4_OR_NEWER
-define:UNITY_2020_1_OR_NEWER
-define:UNITY_2020_2_OR_NEWER
-define:UNITY_2020_3_OR_NEWER
-define:UNITY_2021_1_OR_NEWER
-define:UNITY_2021_2_OR_NEWER
-define:UNITY_2021_3_OR_NEWER
-define:UNITY_2022_1_OR_NEWER
-define:UNITY_2022_2_OR_NEWER
-define:UNITY_2022_3_OR_NEWER
-define:UNITY_2023_1_OR_NEWER
-define:UNITY_2023_2_OR_NEWER
-define:UNITY_2023_3_OR_NEWER
-define:UNITY_6000_0_OR_NEWER
-define:UNITY_6000_1_OR_NEWER
-define:UNITY_6000_2_OR_NEWER
-define:UNITY_6000_3_OR_NEWER
-define:UNITY_6000_4_OR_NEWER
-define:UNITY_6000_5_OR_NEWER
-define:PLATFORM_ARCH_64
-define:UNITY_64
-define:UNITY_INCLUDE_TESTS
-define:UNITY_ENABLE_CLOUD_SERVICES_ENGINE_DIAGNOSTICS_MANAGED
-define:ENABLE_AR
-define:ENABLE_AUDIO
-define:ENABLE_AUDIO_SCRIPTABLE_PIPELINE
-define:ENABLE_CACHING
-define:ENABLE_CLOTH
-define:ENABLE_EVENT_QUEUE
-define:ENABLE_MICROPHONE
-define:ENABLE_MULTIPLE_DISPLAYS
-define:ENABLE_PHYSICS
-define:ENABLE_TEXTURE_STREAMING
-define:ENABLE_VIRTUALTEXTURING
-define:ENABLE_LZMA
-define:ENABLE_UNITYEVENTS
-define:ENABLE_VR
-define:ENABLE_WEBCAM
-define:ENABLE_UNITYWEBREQUEST
-define:ENABLE_WWW
-define:ENABLE_CLOUD_SERVICES
-define:ENABLE_CLOUD_SERVICES_ADS
-define:ENABLE_CLOUD_SERVICES_USE_WEBREQUEST
-define:ENABLE_UNITY_CONSENT
-define:ENABLE_UNITY_CLOUD_IDENTIFIERS
-define:ENABLE_CLOUD_SERVICES_CRASH_REPORTING
-define:ENABLE_CLOUD_SERVICES_NATIVE_CRASH_REPORTING
-define:ENABLE_CLOUD_SERVICES_PURCHASING
-define:ENABLE_CLOUD_SERVICES_ANALYTICS
-define:ENABLE_CLOUD_SERVICES_BUILD
-define:ENABLE_EDITOR_GAME_SERVICES
-define:ENABLE_UNITY_GAME_SERVICES_ANALYTICS_SUPPORT
-define:ENABLE_CLOUD_LICENSE
-define:ENABLE_EDITOR_HUB_LICENSE
-define:ENABLE_WEBSOCKET_CLIENT
-define:ENABLE_GENERATE_NATIVE_PLUGINS_FOR_ASSEMBLIES_API
-define:ENABLE_DIRECTOR_AUDIO
-define:ENABLE_DIRECTOR_TEXTURE
-define:ENABLE_MANAGED_JOBS
-define:ENABLE_MANAGED_TRANSFORM_JOBS
-define:ENABLE_MANAGED_ANIMATION_JOBS
-define:ENABLE_MANAGED_AUDIO_JOBS
-define:ENABLE_MANAGED_UNITYTLS
-define:INCLUDE_DYNAMIC_GI
-define:ENABLE_SCRIPTING_GC_WBARRIERS
-define:PLATFORM_SUPPORTS_MONO
-define:RENDER_SOFTWARE_CURSOR
-define:ENABLE_MARSHALLING_TESTS
-define:ENABLE_VIDEO
-define:ENABLE_NAVIGATION_OFFMESHLINK_TO_NAVMESHLINK
-define:ENABLE_ACCELERATOR_CLIENT_DEBUGGING
-define:ENABLE_ACCESSIBILITY_SCREEN_READER
-define:TEXTCORE_1_0_OR_NEWER
-define:EDITOR_ONLY_NAVMESH_BUILDER_DEPRECATED
-define:PLATFORM_STANDALONE_WIN
-define:PLATFORM_STANDALONE
-define:UNITY_STANDALONE_WIN
-define:UNITY_STANDALONE
-define:ENABLE_RUNTIME_GI
-define:ENABLE_MOVIES
-define:ENABLE_NETWORK
-define:ENABLE_NVIDIA
-define:ENABLE_AMD
-define:ENABLE_CRUNCH_TEXTURE_COMPRESSION
-define:ENABLE_CLOUD_SERVICES_ENGINE_DIAGNOSTICS
-define:ENABLE_OUT_OF_PROCESS_CRASH_HANDLER
-define:ENABLE_CLUSTER_SYNC
-define:ENABLE_CLUSTERINPUT
-define:PLATFORM_UPDATES_TIME_OUTSIDE_OF_PLAYER_LOOP
-define:GFXDEVICE_WAITFOREVENT_MESSAGEPUMP
-define:PLATFORM_USES_EXPLICIT_MEMORY_MANAGER_INITIALIZER
-define:PLATFORM_SUPPORTS_WAIT_FOR_PRESENTATION
-define:PLATFORM_SUPPORTS_SPLIT_GRAPHICS_JOBS
-define:PLATFORM_USES_VULKAN_OLD_SWAPCHAIN
-define:USE_READ_ASYNC_MANAGED_API
-define:ENABLE_MONO
-define:NET_STANDARD_2_0
-define:NET_STANDARD
-define:NET_STANDARD_2_1
-define:NETSTANDARD
-define:NETSTANDARD2_1
-define:ENABLE_PROFILER
-define:DEBUG
-define:TRACE
-define:UNITY_ASSERTIONS
-define:UNITY_EDITOR
-define:UNITY_EDITOR_64
-define:UNITY_EDITOR_WIN
-define:ENABLE_UNITY_COLLECTIONS_CHECKS
-define:ENABLE_BURST_AOT
-define:UNITY_TEAM_LICENSE
-define:ENABLE_CUSTOM_RENDER_TEXTURE
-define:ENABLE_DIRECTOR
-define:ENABLE_LOCALIZATION
-define:ENABLE_SPRITES
-define:ENABLE_TERRAIN
-define:ENABLE_TILEMAP
-define:ENABLE_TIMELINE
-define:ENABLE_INPUT_SYSTEM
-define:TEXTCORE_FONT_ENGINE_1_5_OR_NEWER
-define:TEXTCORE_TEXT_ENGINE_1_5_OR_NEWER
-define:TEXTCORE_FONT_ENGINE_1_6_OR_NEWER
-define:CSHARP_7_OR_LATER
-define:CSHARP_7_3_OR_NEWER
-r:"C:/Program Files/Unity/Hub/Editor/6000.5.1f1/Editor/Data/BCLExtensions/TargetingPacks/netstandard2.1/ref/Microsoft.Bcl.AsyncInterfaces.dll"
-r:"C:/Program Files/Unity/Hub/Editor/6000.5.1f1/Editor/Data/BCLExtensions/TargetingPacks/netstandard2.1/ref/Microsoft.Extensions.DependencyInjection.Abstractions.dll"
-r:"C:/Program Files/Unity/Hub/Editor/6000.5.1f1/Editor/Data/BCLExtensions/TargetingPacks/netstandard2.1/ref/Microsoft.Extensions.Logging.Abstractions.dll"
-r:"C:/Program Files/Unity/Hub/Editor/6000.5.1f1/Editor/Data/BCLExtensions/TargetingPacks/netstandard2.1/ref/System.Collections.Immutable.dll"
-r:"C:/Program Files/Unity/Hub/Editor/6000.5.1f1/Editor/Data/BCLExtensions/TargetingPacks/netstandard2.1/ref/System.Diagnostics.DiagnosticSource.dll"
-r:"C:/Program Files/Unity/Hub/Editor/6000.5.1f1/Editor/Data/BCLExtensions/TargetingPacks/netstandard2.1/ref/System.IO.Hashing.dll"
-r:"C:/Program Files/Unity/Hub/Editor/6000.5.1f1/Editor/Data/BCLExtensions/TargetingPacks/netstandard2.1/ref/System.Reflection.Metadata.dll"
-r:"C:/Program Files/Unity/Hub/Editor/6000.5.1f1/Editor/Data/BCLExtensions/TargetingPacks/netstandard2.1/ref/System.Runtime.CompilerServices.Unsafe.dll"
-r:"C:/Program Files/Unity/Hub/Editor/6000.5.1f1/Editor/Data/BCLExtensions/TargetingPacks/netstandard2.1/ref/System.Text.Encodings.Web.dll"
-r:"C:/Program Files/Unity/Hub/Editor/6000.5.1f1/Editor/Data/BCLExtensions/TargetingPacks/netstandard2.1/ref/System.Text.Json.dll"
-r:"C:/Program Files/Unity/Hub/Editor/6000.5.1f1/Editor/Data/Managed/UnityEngine/Unity.Scripting.dll"
-r:"C:/Program Files/Unity/Hub/Editor/6000.5.1f1/Editor/Data/Managed/UnityEngine/UnityEditor.AIModule.dll"
-r:"C:/Program Files/Unity/Hub/Editor/6000.5.1f1/Editor/Data/Managed/UnityEngine/UnityEditor.AccessibilityModule.dll"
-r:"C:/Program Files/Unity/Hub/Editor/6000.5.1f1/Editor/Data/Managed/UnityEngine/UnityEditor.AdaptivePerformanceModule.dll"
-r:"C:/Program Files/Unity/Hub/Editor/6000.5.1f1/Editor/Data/Managed/UnityEngine/UnityEditor.AssetComplianceModule.dll"
-r:"C:/Program Files/Unity/Hub/Editor/6000.5.1f1/Editor/Data/Managed/UnityEngine/UnityEditor.BuildProfileModule.dll"
-r:"C:/Program Files/Unity/Hub/Editor/6000.5.1f1/Editor/Data/Managed/UnityEngine/UnityEditor.ClothModule.dll"
-r:"C:/Program Files/Unity/Hub/Editor/6000.5.1f1/Editor/Data/Managed/UnityEngine/UnityEditor.ContentLoadModule.dll"
-r:"C:/Program Files/Unity/Hub/Editor/6000.5.1f1/Editor/Data/Managed/UnityEngine/UnityEditor.CoreBusinessMetricsModule.dll"
-r:"C:/Program Files/Unity/Hub/Editor/6000.5.1f1/Editor/Data/Managed/UnityEngine/UnityEditor.CoreModule.dll"
-r:"C:/Program Files/Unity/Hub/Editor/6000.5.1f1/Editor/Data/Managed/UnityEngine/UnityEditor.DeviceSimulatorModule.dll"
-r:"C:/Program Files/Unity/Hub/Editor/6000.5.1f1/Editor/Data/Managed/UnityEngine/UnityEditor.DiagnosticsModule.dll"
-r:"C:/Program Files/Unity/Hub/Editor/6000.5.1f1/Editor/Data/Managed/UnityEngine/UnityEditor.EditorToolbarModule.dll"
-r:"C:/Program Files/Unity/Hub/Editor/6000.5.1f1/Editor/Data/Managed/UnityEngine/UnityEditor.EmbreeModule.dll"
-r:"C:/Program Files/Unity/Hub/Editor/6000.5.1f1/Editor/Data/Managed/UnityEngine/UnityEditor.GIModule.dll"
-r:"C:/Program Files/Unity/Hub/Editor/6000.5.1f1/Editor/Data/Managed/UnityEngine/UnityEditor.GenericRemoteModule.dll"
-r:"C:/Program Files/Unity/Hub/Editor/6000.5.1f1/Editor/Data/Managed/UnityEngine/UnityEditor.GraphToolkitModule.dll"
-r:"C:/Program Files/Unity/Hub/Editor/6000.5.1f1/Editor/Data/Managed/UnityEngine/UnityEditor.GraphViewModule.dll"
-r:"C:/Program Files/Unity/Hub/Editor/6000.5.1f1/Editor/Data/Managed/UnityEngine/UnityEditor.GraphicsStateCollectionSerializerModule.dll"
-r:"C:/Program Files/Unity/Hub/Editor/6000.5.1f1/Editor/Data/Managed/UnityEngine/UnityEditor.GridAndSnapModule.dll"
-r:"C:/Program Files/Unity/Hub/Editor/6000.5.1f1/Editor/Data/Managed/UnityEngine/UnityEditor.GridModule.dll"
-r:"C:/Program Files/Unity/Hub/Editor/6000.5.1f1/Editor/Data/Managed/UnityEngine/UnityEditor.HierarchyModule.dll"
-r:"C:/Program Files/Unity/Hub/Editor/6000.5.1f1/Editor/Data/Managed/UnityEngine/UnityEditor.LightingModule.dll"
-r:"C:/Program Files/Unity/Hub/Editor/6000.5.1f1/Editor/Data/Managed/UnityEngine/UnityEditor.MathematicsModule.dll"
-r:"C:/Program Files/Unity/Hub/Editor/6000.5.1f1/Editor/Data/Managed/UnityEngine/UnityEditor.MediaModule.dll"
-r:"C:/Program Files/Unity/Hub/Editor/6000.5.1f1/Editor/Data/Managed/UnityEngine/UnityEditor.MultiplayerModule.dll"
-r:"C:/Program Files/Unity/Hub/Editor/6000.5.1f1/Editor/Data/Managed/UnityEngine/UnityEditor.Physics2DModule.dll"
-r:"C:/Program Files/Unity/Hub/Editor/6000.5.1f1/Editor/Data/Managed/UnityEngine/UnityEditor.PhysicsCore2DModule.dll"
-r:"C:/Program Files/Unity/Hub/Editor/6000.5.1f1/Editor/Data/Managed/UnityEngine/UnityEditor.PhysicsModule.dll"
-r:"C:/Program Files/Unity/Hub/Editor/6000.5.1f1/Editor/Data/Managed/UnityEngine/UnityEditor.PlayModeModule.dll"
-r:"C:/Program Files/Unity/Hub/Editor/6000.5.1f1/Editor/Data/Managed/UnityEngine/UnityEditor.PresetsUIModule.dll"
-r:"C:/Program Files/Unity/Hub/Editor/6000.5.1f1/Editor/Data/Managed/UnityEngine/UnityEditor.ProjectAuditorModule.dll"
-r:"C:/Program Files/Unity/Hub/Editor/6000.5.1f1/Editor/Data/Managed/UnityEngine/UnityEditor.PropertiesModule.dll"
-r:"C:/Program Files/Unity/Hub/Editor/6000.5.1f1/Editor/Data/Managed/UnityEngine/UnityEditor.QuickInstallModule.dll"
-r:"C:/Program Files/Unity/Hub/Editor/6000.5.1f1/Editor/Data/Managed/UnityEngine/UnityEditor.QuickSearchModule.dll"
-r:"C:/Program Files/Unity/Hub/Editor/6000.5.1f1/Editor/Data/Managed/UnityEngine/UnityEditor.SafeModeModule.dll"
-r:"C:/Program Files/Unity/Hub/Editor/6000.5.1f1/Editor/Data/Managed/UnityEngine/UnityEditor.SceneTemplateModule.dll"
-r:"C:/Program Files/Unity/Hub/Editor/6000.5.1f1/Editor/Data/Managed/UnityEngine/UnityEditor.SceneViewModule.dll"
-r:"C:/Program Files/Unity/Hub/Editor/6000.5.1f1/Editor/Data/Managed/UnityEngine/UnityEditor.ShaderBuildSettingsModule.dll"
-r:"C:/Program Files/Unity/Hub/Editor/6000.5.1f1/Editor/Data/Managed/UnityEngine/UnityEditor.ShaderCompilationModule.dll"
-r:"C:/Program Files/Unity/Hub/Editor/6000.5.1f1/Editor/Data/Managed/UnityEngine/UnityEditor.ShaderFoundryModule.dll"
-r:"C:/Program Files/Unity/Hub/Editor/6000.5.1f1/Editor/Data/Managed/UnityEngine/UnityEditor.SketchUpModule.dll"
-r:"C:/Program Files/Unity/Hub/Editor/6000.5.1f1/Editor/Data/Managed/UnityEngine/UnityEditor.SpriteMaskModule.dll"
-r:"C:/Program Files/Unity/Hub/Editor/6000.5.1f1/Editor/Data/Managed/UnityEngine/UnityEditor.SpriteShapeModule.dll"
-r:"C:/Program Files/Unity/Hub/Editor/6000.5.1f1/Editor/Data/Managed/UnityEngine/UnityEditor.SubstanceModule.dll"
-r:"C:/Program Files/Unity/Hub/Editor/6000.5.1f1/Editor/Data/Managed/UnityEngine/UnityEditor.TerrainModule.dll"
-r:"C:/Program Files/Unity/Hub/Editor/6000.5.1f1/Editor/Data/Managed/UnityEngine/UnityEditor.TextCoreFontEngineModule.dll"
-r:"C:/Program Files/Unity/Hub/Editor/6000.5.1f1/Editor/Data/Managed/UnityEngine/UnityEditor.TextCoreTextEngineModule.dll"
-r:"C:/Program Files/Unity/Hub/Editor/6000.5.1f1/Editor/Data/Managed/UnityEngine/UnityEditor.TextRenderingModule.dll"
-r:"C:/Program Files/Unity/Hub/Editor/6000.5.1f1/Editor/Data/Managed/UnityEngine/UnityEditor.TilemapModule.dll"
-r:"C:/Program Files/Unity/Hub/Editor/6000.5.1f1/Editor/Data/Managed/UnityEngine/UnityEditor.TreeModule.dll"
-r:"C:/Program Files/Unity/Hub/Editor/6000.5.1f1/Editor/Data/Managed/UnityEngine/UnityEditor.U2DModule.dll"
-r:"C:/Program Files/Unity/Hub/Editor/6000.5.1f1/Editor/Data/Managed/UnityEngine/UnityEditor.UIAutomationModule.dll"
-r:"C:/Program Files/Unity/Hub/Editor/6000.5.1f1/Editor/Data/Managed/UnityEngine/UnityEditor.UIBuilderModule.dll"
-r:"C:/Program Files/Unity/Hub/Editor/6000.5.1f1/Editor/Data/Managed/UnityEngine/UnityEditor.UIElementsModule.dll"
-r:"C:/Program Files/Unity/Hub/Editor/6000.5.1f1/Editor/Data/Managed/UnityEngine/UnityEditor.UIElementsSamplesModule.dll"
-r:"C:/Program Files/Unity/Hub/Editor/6000.5.1f1/Editor/Data/Managed/UnityEngine/UnityEditor.UIToolkitAuthoringModule.dll"
-r:"C:/Program Files/Unity/Hub/Editor/6000.5.1f1/Editor/Data/Managed/UnityEngine/UnityEditor.UmbraModule.dll"
-r:"C:/Program Files/Unity/Hub/Editor/6000.5.1f1/Editor/Data/Managed/UnityEngine/UnityEditor.UnityConnectModule.dll"
-r:"C:/Program Files/Unity/Hub/Editor/6000.5.1f1/Editor/Data/Managed/UnityEngine/UnityEditor.VFXModule.dll"
-r:"C:/Program Files/Unity/Hub/Editor/6000.5.1f1/Editor/Data/Managed/UnityEngine/UnityEditor.VectorGraphicsModule.dll"
-r:"C:/Program Files/Unity/Hub/Editor/6000.5.1f1/Editor/Data/Managed/UnityEngine/UnityEditor.VideoModule.dll"
-r:"C:/Program Files/Unity/Hub/Editor/6000.5.1f1/Editor/Data/Managed/UnityEngine/UnityEditor.XRModule.dll"
-r:"C:/Program Files/Unity/Hub/Editor/6000.5.1f1/Editor/Data/Managed/UnityEngine/UnityEditor.dll"
-r:"C:/Program Files/Unity/Hub/Editor/6000.5.1f1/Editor/Data/Managed/UnityEngine/UnityEngine.AIModule.dll"
-r:"C:/Program Files/Unity/Hub/Editor/6000.5.1f1/Editor/Data/Managed/UnityEngine/UnityEngine.ARModule.dll"
-r:"C:/Program Files/Unity/Hub/Editor/6000.5.1f1/Editor/Data/Managed/UnityEngine/UnityEngine.AccessibilityModule.dll"
-r:"C:/Program Files/Unity/Hub/Editor/6000.5.1f1/Editor/Data/Managed/UnityEngine/UnityEngine.AdaptivePerformanceModule.dll"
-r:"C:/Program Files/Unity/Hub/Editor/6000.5.1f1/Editor/Data/Managed/UnityEngine/UnityEngine.AndroidJNIModule.dll"
-r:"C:/Program Files/Unity/Hub/Editor/6000.5.1f1/Editor/Data/Managed/UnityEngine/UnityEngine.AnimationModule.dll"
-r:"C:/Program Files/Unity/Hub/Editor/6000.5.1f1/Editor/Data/Managed/UnityEngine/UnityEngine.AssetBundleModule.dll"
-r:"C:/Program Files/Unity/Hub/Editor/6000.5.1f1/Editor/Data/Managed/UnityEngine/UnityEngine.AudioModule.dll"
-r:"C:/Program Files/Unity/Hub/Editor/6000.5.1f1/Editor/Data/Managed/UnityEngine/UnityEngine.ClothModule.dll"
-r:"C:/Program Files/Unity/Hub/Editor/6000.5.1f1/Editor/Data/Managed/UnityEngine/UnityEngine.ClusterInputModule.dll"
-r:"C:/Program Files/Unity/Hub/Editor/6000.5.1f1/Editor/Data/Managed/UnityEngine/UnityEngine.ClusterRendererModule.dll"
-r:"C:/Program Files/Unity/Hub/Editor/6000.5.1f1/Editor/Data/Managed/UnityEngine/UnityEngine.ContentLoadModule.dll"
-r:"C:/Program Files/Unity/Hub/Editor/6000.5.1f1/Editor/Data/Managed/UnityEngine/UnityEngine.CoreModule.dll"
-r:"C:/Program Files/Unity/Hub/Editor/6000.5.1f1/Editor/Data/Managed/UnityEngine/UnityEngine.CrashReportingModule.dll"
-r:"C:/Program Files/Unity/Hub/Editor/6000.5.1f1/Editor/Data/Managed/UnityEngine/UnityEngine.DSPGraphModule.dll"
-r:"C:/Program Files/Unity/Hub/Editor/6000.5.1f1/Editor/Data/Managed/UnityEngine/UnityEngine.DirectorModule.dll"
-r:"C:/Program Files/Unity/Hub/Editor/6000.5.1f1/Editor/Data/Managed/UnityEngine/UnityEngine.GIModule.dll"
-r:"C:/Program Files/Unity/Hub/Editor/6000.5.1f1/Editor/Data/Managed/UnityEngine/UnityEngine.GameCenterModule.dll"
-r:"C:/Program Files/Unity/Hub/Editor/6000.5.1f1/Editor/Data/Managed/UnityEngine/UnityEngine.GraphicsStateCollectionSerializerModule.dll"
-r:"C:/Program Files/Unity/Hub/Editor/6000.5.1f1/Editor/Data/Managed/UnityEngine/UnityEngine.GridModule.dll"
-r:"C:/Program Files/Unity/Hub/Editor/6000.5.1f1/Editor/Data/Managed/UnityEngine/UnityEngine.HierarchyCoreModule.dll"
-r:"C:/Program Files/Unity/Hub/Editor/6000.5.1f1/Editor/Data/Managed/UnityEngine/UnityEngine.HotReloadModule.dll"
-r:"C:/Program Files/Unity/Hub/Editor/6000.5.1f1/Editor/Data/Managed/UnityEngine/UnityEngine.IMGUIModule.dll"
-r:"C:/Program Files/Unity/Hub/Editor/6000.5.1f1/Editor/Data/Managed/UnityEngine/UnityEngine.IdentifiersModule.dll"
-r:"C:/Program Files/Unity/Hub/Editor/6000.5.1f1/Editor/Data/Managed/UnityEngine/UnityEngine.ImageConversionModule.dll"
-r:"C:/Program Files/Unity/Hub/Editor/6000.5.1f1/Editor/Data/Managed/UnityEngine/UnityEngine.InputForUIModule.dll"
-r:"C:/Program Files/Unity/Hub/Editor/6000.5.1f1/Editor/Data/Managed/UnityEngine/UnityEngine.InputLegacyModule.dll"
-r:"C:/Program Files/Unity/Hub/Editor/6000.5.1f1/Editor/Data/Managed/UnityEngine/UnityEngine.InputModule.dll"
-r:"C:/Program Files/Unity/Hub/Editor/6000.5.1f1/Editor/Data/Managed/UnityEngine/UnityEngine.InsightsModule.dll"
-r:"C:/Program Files/Unity/Hub/Editor/6000.5.1f1/Editor/Data/Managed/UnityEngine/UnityEngine.JSONSerializeModule.dll"
-r:"C:/Program Files/Unity/Hub/Editor/6000.5.1f1/Editor/Data/Managed/UnityEngine/UnityEngine.LocalizationModule.dll"
-r:"C:/Program Files/Unity/Hub/Editor/6000.5.1f1/Editor/Data/Managed/UnityEngine/UnityEngine.MarshallingModule.dll"
-r:"C:/Program Files/Unity/Hub/Editor/6000.5.1f1/Editor/Data/Managed/UnityEngine/UnityEngine.MathematicsModule.dll"
-r:"C:/Program Files/Unity/Hub/Editor/6000.5.1f1/Editor/Data/Managed/UnityEngine/UnityEngine.MultiplayerModule.dll"
-r:"C:/Program Files/Unity/Hub/Editor/6000.5.1f1/Editor/Data/Managed/UnityEngine/UnityEngine.ParticleSystemModule.dll"
-r:"C:/Program Files/Unity/Hub/Editor/6000.5.1f1/Editor/Data/Managed/UnityEngine/UnityEngine.PerformanceReportingModule.dll"
-r:"C:/Program Files/Unity/Hub/Editor/6000.5.1f1/Editor/Data/Managed/UnityEngine/UnityEngine.Physics2DModule.dll"
-r:"C:/Program Files/Unity/Hub/Editor/6000.5.1f1/Editor/Data/Managed/UnityEngine/UnityEngine.PhysicsBackendPhysXModule.dll"
-r:"C:/Program Files/Unity/Hub/Editor/6000.5.1f1/Editor/Data/Managed/UnityEngine/UnityEngine.PhysicsCore2DModule.dll"
-r:"C:/Program Files/Unity/Hub/Editor/6000.5.1f1/Editor/Data/Managed/UnityEngine/UnityEngine.PhysicsModule.dll"
-r:"C:/Program Files/Unity/Hub/Editor/6000.5.1f1/Editor/Data/Managed/UnityEngine/UnityEngine.PropertiesModule.dll"
-r:"C:/Program Files/Unity/Hub/Editor/6000.5.1f1/Editor/Data/Managed/UnityEngine/UnityEngine.RenderAs2DModule.dll"
-r:"C:/Program Files/Unity/Hub/Editor/6000.5.1f1/Editor/Data/Managed/UnityEngine/UnityEngine.RuntimeInitializeOnLoadManagerInitializerModule.dll"
-r:"C:/Program Files/Unity/Hub/Editor/6000.5.1f1/Editor/Data/Managed/UnityEngine/UnityEngine.ScreenCaptureModule.dll"
-r:"C:/Program Files/Unity/Hub/Editor/6000.5.1f1/Editor/Data/Managed/UnityEngine/UnityEngine.ScriptingModule.dll"
-r:"C:/Program Files/Unity/Hub/Editor/6000.5.1f1/Editor/Data/Managed/UnityEngine/UnityEngine.ShaderVariantAnalyticsModule.dll"
-r:"C:/Program Files/Unity/Hub/Editor/6000.5.1f1/Editor/Data/Managed/UnityEngine/UnityEngine.SharedInternalsModule.dll"
-r:"C:/Program Files/Unity/Hub/Editor/6000.5.1f1/Editor/Data/Managed/UnityEngine/UnityEngine.SpriteMaskModule.dll"
-r:"C:/Program Files/Unity/Hub/Editor/6000.5.1f1/Editor/Data/Managed/UnityEngine/UnityEngine.SpriteShapeModule.dll"
-r:"C:/Program Files/Unity/Hub/Editor/6000.5.1f1/Editor/Data/Managed/UnityEngine/UnityEngine.StreamingModule.dll"
-r:"C:/Program Files/Unity/Hub/Editor/6000.5.1f1/Editor/Data/Managed/UnityEngine/UnityEngine.SubstanceModule.dll"
-r:"C:/Program Files/Unity/Hub/Editor/6000.5.1f1/Editor/Data/Managed/UnityEngine/UnityEngine.SubsystemsModule.dll"
-r:"C:/Program Files/Unity/Hub/Editor/6000.5.1f1/Editor/Data/Managed/UnityEngine/UnityEngine.TLSModule.dll"
-r:"C:/Program Files/Unity/Hub/Editor/6000.5.1f1/Editor/Data/Managed/UnityEngine/UnityEngine.TerrainModule.dll"
-r:"C:/Program Files/Unity/Hub/Editor/6000.5.1f1/Editor/Data/Managed/UnityEngine/UnityEngine.TerrainPhysicsModule.dll"
-r:"C:/Program Files/Unity/Hub/Editor/6000.5.1f1/Editor/Data/Managed/UnityEngine/UnityEngine.TextCoreFontEngineModule.dll"
-r:"C:/Program Files/Unity/Hub/Editor/6000.5.1f1/Editor/Data/Managed/UnityEngine/UnityEngine.TextCoreTextEngineModule.dll"
-r:"C:/Program Files/Unity/Hub/Editor/6000.5.1f1/Editor/Data/Managed/UnityEngine/UnityEngine.TextRenderingModule.dll"
-r:"C:/Program Files/Unity/Hub/Editor/6000.5.1f1/Editor/Data/Managed/UnityEngine/UnityEngine.TilemapModule.dll"
-r:"C:/Program Files/Unity/Hub/Editor/6000.5.1f1/Editor/Data/Managed/UnityEngine/UnityEngine.U2DRuntimeModule.dll"
-r:"C:/Program Files/Unity/Hub/Editor/6000.5.1f1/Editor/Data/Managed/UnityEngine/UnityEngine.UIElementsModule.dll"
-r:"C:/Program Files/Unity/Hub/Editor/6000.5.1f1/Editor/Data/Managed/UnityEngine/UnityEngine.UIModule.dll"
-r:"C:/Program Files/Unity/Hub/Editor/6000.5.1f1/Editor/Data/Managed/UnityEngine/UnityEngine.UmbraModule.dll"
-r:"C:/Program Files/Unity/Hub/Editor/6000.5.1f1/Editor/Data/Managed/UnityEngine/UnityEngine.UnityAnalyticsCommonModule.dll"
-r:"C:/Program Files/Unity/Hub/Editor/6000.5.1f1/Editor/Data/Managed/UnityEngine/UnityEngine.UnityAnalyticsModule.dll"
-r:"C:/Program Files/Unity/Hub/Editor/6000.5.1f1/Editor/Data/Managed/UnityEngine/UnityEngine.UnityConnectModule.dll"
-r:"C:/Program Files/Unity/Hub/Editor/6000.5.1f1/Editor/Data/Managed/UnityEngine/UnityEngine.UnityConsentModule.dll"
-r:"C:/Program Files/Unity/Hub/Editor/6000.5.1f1/Editor/Data/Managed/UnityEngine/UnityEngine.UnityCurlModule.dll"
-r:"C:/Program Files/Unity/Hub/Editor/6000.5.1f1/Editor/Data/Managed/UnityEngine/UnityEngine.UnityWebRequestAssetBundleModule.dll"
-r:"C:/Program Files/Unity/Hub/Editor/6000.5.1f1/Editor/Data/Managed/UnityEngine/UnityEngine.UnityWebRequestAudioModule.dll"
-r:"C:/Program Files/Unity/Hub/Editor/6000.5.1f1/Editor/Data/Managed/UnityEngine/UnityEngine.UnityWebRequestModule.dll"
-r:"C:/Program Files/Unity/Hub/Editor/6000.5.1f1/Editor/Data/Managed/UnityEngine/UnityEngine.UnityWebRequestTextureModule.dll"
-r:"C:/Program Files/Unity/Hub/Editor/6000.5.1f1/Editor/Data/Managed/UnityEngine/UnityEngine.UnityWebRequestWWWModule.dll"
-r:"C:/Program Files/Unity/Hub/Editor/6000.5.1f1/Editor/Data/Managed/UnityEngine/UnityEngine.VFXModule.dll"
-r:"C:/Program Files/Unity/Hub/Editor/6000.5.1f1/Editor/Data/Managed/UnityEngine/UnityEngine.VectorGraphicsModule.dll"
-r:"C:/Program Files/Unity/Hub/Editor/6000.5.1f1/Editor/Data/Managed/UnityEngine/UnityEngine.VehiclesModule.dll"
-r:"C:/Program Files/Unity/Hub/Editor/6000.5.1f1/Editor/Data/Managed/UnityEngine/UnityEngine.VideoModule.dll"
-r:"C:/Program Files/Unity/Hub/Editor/6000.5.1f1/Editor/Data/Managed/UnityEngine/UnityEngine.VirtualTexturingModule.dll"
-r:"C:/Program Files/Unity/Hub/Editor/6000.5.1f1/Editor/Data/Managed/UnityEngine/UnityEngine.WindModule.dll"
-r:"C:/Program Files/Unity/Hub/Editor/6000.5.1f1/Editor/Data/Managed/UnityEngine/UnityEngine.XRModule.dll"
-r:"C:/Program Files/Unity/Hub/Editor/6000.5.1f1/Editor/Data/Managed/UnityEngine/UnityEngine.dll"
-r:"C:/Program Files/Unity/Hub/Editor/6000.5.1f1/Editor/Data/NetStandard/Extensions/2.0.0/System.Runtime.InteropServices.WindowsRuntime.dll"
-r:"C:/Program Files/Unity/Hub/Editor/6000.5.1f1/Editor/Data/NetStandard/compat/2.1.0/shims/netfx/System.ComponentModel.Composition.dll"
-r:"C:/Program Files/Unity/Hub/Editor/6000.5.1f1/Editor/Data/NetStandard/compat/2.1.0/shims/netfx/System.Core.dll"
-r:"C:/Program Files/Unity/Hub/Editor/6000.5.1f1/Editor/Data/NetStandard/compat/2.1.0/shims/netfx/System.Data.dll"
-r:"C:/Program Files/Unity/Hub/Editor/6000.5.1f1/Editor/Data/NetStandard/compat/2.1.0/shims/netfx/System.Drawing.dll"
-r:"C:/Program Files/Unity/Hub/Editor/6000.5.1f1/Editor/Data/NetStandard/compat/2.1.0/shims/netfx/System.IO.Compression.FileSystem.dll"
-r:"C:/Program Files/Unity/Hub/Editor/6000.5.1f1/Editor/Data/NetStandard/compat/2.1.0/shims/netfx/System.Net.dll"
-r:"C:/Program Files/Unity/Hub/Editor/6000.5.1f1/Editor/Data/NetStandard/compat/2.1.0/shims/netfx/System.Numerics.dll"
-r:"C:/Program Files/Unity/Hub/Editor/6000.5.1f1/Editor/Data/NetStandard/compat/2.1.0/shims/netfx/System.Runtime.Serialization.dll"
-r:"C:/Program Files/Unity/Hub/Editor/6000.5.1f1/Editor/Data/NetStandard/compat/2.1.0/shims/netfx/System.ServiceModel.Web.dll"
-r:"C:/Program Files/Unity/Hub/Editor/6000.5.1f1/Editor/Data/NetStandard/compat/2.1.0/shims/netfx/System.Transactions.dll"
-r:"C:/Program Files/Unity/Hub/Editor/6000.5.1f1/Editor/Data/NetStandard/compat/2.1.0/shims/netfx/System.Web.dll"
-r:"C:/Program Files/Unity/Hub/Editor/6000.5.1f1/Editor/Data/NetStandard/compat/2.1.0/shims/netfx/System.Windows.dll"
-r:"C:/Program Files/Unity/Hub/Editor/6000.5.1f1/Editor/Data/NetStandard/compat/2.1.0/shims/netfx/System.Xml.Linq.dll"
-r:"C:/Program Files/Unity/Hub/Editor/6000.5.1f1/Editor/Data/NetStandard/compat/2.1.0/shims/netfx/System.Xml.Serialization.dll"
-r:"C:/Program Files/Unity/Hub/Editor/6000.5.1f1/Editor/Data/NetStandard/compat/2.1.0/shims/netfx/System.Xml.dll"
-r:"C:/Program Files/Unity/Hub/Editor/6000.5.1f1/Editor/Data/NetStandard/compat/2.1.0/shims/netfx/System.dll"
-r:"C:/Program Files/Unity/Hub/Editor/6000.5.1f1/Editor/Data/NetStandard/compat/2.1.0/shims/netfx/mscorlib.dll"
-r:"C:/Program Files/Unity/Hub/Editor/6000.5.1f1/Editor/Data/NetStandard/compat/2.1.0/shims/netstandard/Microsoft.Win32.Primitives.dll"
-r:"C:/Program Files/Unity/Hub/Editor/6000.5.1f1/Editor/Data/NetStandard/compat/2.1.0/shims/netstandard/System.AppContext.dll"
-r:"C:/Program Files/Unity/Hub/Editor/6000.5.1f1/Editor/Data/NetStandard/compat/2.1.0/shims/netstandard/System.Buffers.dll"
-r:"C:/Program Files/Unity/Hub/Editor/6000.5.1f1/Editor/Data/NetStandard/compat/2.1.0/shims/netstandard/System.Collections.Concurrent.dll"
-r:"C:/Program Files/Unity/Hub/Editor/6000.5.1f1/Editor/Data/NetStandard/compat/2.1.0/shims/netstandard/System.Collections.NonGeneric.dll"
-r:"C:/Program Files/Unity/Hub/Editor/6000.5.1f1/Editor/Data/NetStandard/compat/2.1.0/shims/netstandard/System.Collections.Specialized.dll"
-r:"C:/Program Files/Unity/Hub/Editor/6000.5.1f1/Editor/Data/NetStandard/compat/2.1.0/shims/netstandard/System.Collections.dll"
-r:"C:/Program Files/Unity/Hub/Editor/6000.5.1f1/Editor/Data/NetStandard/compat/2.1.0/shims/netstandard/System.ComponentModel.EventBasedAsync.dll"
-r:"C:/Program Files/Unity/Hub/Editor/6000.5.1f1/Editor/Data/NetStandard/compat/2.1.0/shims/netstandard/System.ComponentModel.Primitives.dll"
-r:"C:/Program Files/Unity/Hub/Editor/6000.5.1f1/Editor/Data/NetStandard/compat/2.1.0/shims/netstandard/System.ComponentModel.TypeConverter.dll"
-r:"C:/Program Files/Unity/Hub/Editor/6000.5.1f1/Editor/Data/NetStandard/compat/2.1.0/shims/netstandard/System.ComponentModel.dll"
-r:"C:/Program Files/Unity/Hub/Editor/6000.5.1f1/Editor/Data/NetStandard/compat/2.1.0/shims/netstandard/System.Console.dll"
-r:"C:/Program Files/Unity/Hub/Editor/6000.5.1f1/Editor/Data/NetStandard/compat/2.1.0/shims/netstandard/System.Data.Common.dll"
-r:"C:/Program Files/Unity/Hub/Editor/6000.5.1f1/Editor/Data/NetStandard/compat/2.1.0/shims/netstandard/System.Diagnostics.Contracts.dll"
-r:"C:/Program Files/Unity/Hub/Editor/6000.5.1f1/Editor/Data/NetStandard/compat/2.1.0/shims/netstandard/System.Diagnostics.Debug.dll"
-r:"C:/Program Files/Unity/Hub/Editor/6000.5.1f1/Editor/Data/NetStandard/compat/2.1.0/shims/netstandard/System.Diagnostics.FileVersionInfo.dll"
-r:"C:/Program Files/Unity/Hub/Editor/6000.5.1f1/Editor/Data/NetStandard/compat/2.1.0/shims/netstandard/System.Diagnostics.Process.dll"
-r:"C:/Program Files/Unity/Hub/Editor/6000.5.1f1/Editor/Data/NetStandard/compat/2.1.0/shims/netstandard/System.Diagnostics.StackTrace.dll"
-r:"C:/Program Files/Unity/Hub/Editor/6000.5.1f1/Editor/Data/NetStandard/compat/2.1.0/shims/netstandard/System.Diagnostics.TextWriterTraceListener.dll"
-r:"C:/Program Files/Unity/Hub/Editor/6000.5.1f1/Editor/Data/NetStandard/compat/2.1.0/shims/netstandard/System.Diagnostics.Tools.dll"
-r:"C:/Program Files/Unity/Hub/Editor/6000.5.1f1/Editor/Data/NetStandard/compat/2.1.0/shims/netstandard/System.Diagnostics.TraceSource.dll"
-r:"C:/Program Files/Unity/Hub/Editor/6000.5.1f1/Editor/Data/NetStandard/compat/2.1.0/shims/netstandard/System.Diagnostics.Tracing.dll"
-r:"C:/Program Files/Unity/Hub/Editor/6000.5.1f1/Editor/Data/NetStandard/compat/2.1.0/shims/netstandard/System.Drawing.Primitives.dll"
-r:"C:/Program Files/Unity/Hub/Editor/6000.5.1f1/Editor/Data/NetStandard/compat/2.1.0/shims/netstandard/System.Dynamic.Runtime.dll"
-r:"C:/Program Files/Unity/Hub/Editor/6000.5.1f1/Editor/Data/NetStandard/compat/2.1.0/shims/netstandard/System.Globalization.Calendars.dll"
-r:"C:/Program Files/Unity/Hub/Editor/6000.5.1f1/Editor/Data/NetStandard/compat/2.1.0/shims/netstandard/System.Globalization.Extensions.dll"
-r:"C:/Program Files/Unity/Hub/Editor/6000.5.1f1/Editor/Data/NetStandard/compat/2.1.0/shims/netstandard/System.Globalization.dll"
-r:"C:/Program Files/Unity/Hub/Editor/6000.5.1f1/Editor/Data/NetStandard/compat/2.1.0/shims/netstandard/System.IO.Compression.ZipFile.dll"
-r:"C:/Program Files/Unity/Hub/Editor/6000.5.1f1/Editor/Data/NetStandard/compat/2.1.0/shims/netstandard/System.IO.Compression.dll"
-r:"C:/Program Files/Unity/Hub/Editor/6000.5.1f1/Editor/Data/NetStandard/compat/2.1.0/shims/netstandard/System.IO.FileSystem.DriveInfo.dll"
-r:"C:/Program Files/Unity/Hub/Editor/6000.5.1f1/Editor/Data/NetStandard/compat/2.1.0/shims/netstandard/System.IO.FileSystem.Primitives.dll"
-r:"C:/Program Files/Unity/Hub/Editor/6000.5.1f1/Editor/Data/NetStandard/compat/2.1.0/shims/netstandard/System.IO.FileSystem.Watcher.dll"
-r:"C:/Program Files/Unity/Hub/Editor/6000.5.1f1/Editor/Data/NetStandard/compat/2.1.0/shims/netstandard/System.IO.FileSystem.dll"
-r:"C:/Program Files/Unity/Hub/Editor/6000.5.1f1/Editor/Data/NetStandard/compat/2.1.0/shims/netstandard/System.IO.IsolatedStorage.dll"
-r:"C:/Program Files/Unity/Hub/Editor/6000.5.1f1/Editor/Data/NetStandard/compat/2.1.0/shims/netstandard/System.IO.MemoryMappedFiles.dll"
-r:"C:/Program Files/Unity/Hub/Editor/6000.5.1f1/Editor/Data/NetStandard/compat/2.1.0/shims/netstandard/System.IO.Pipes.dll"
-r:"C:/Program Files/Unity/Hub/Editor/6000.5.1f1/Editor/Data/NetStandard/compat/2.1.0/shims/netstandard/System.IO.UnmanagedMemoryStream.dll"
-r:"C:/Program Files/Unity/Hub/Editor/6000.5.1f1/Editor/Data/NetStandard/compat/2.1.0/shims/netstandard/System.IO.dll"
-r:"C:/Program Files/Unity/Hub/Editor/6000.5.1f1/Editor/Data/NetStandard/compat/2.1.0/shims/netstandard/System.Linq.Expressions.dll"
-r:"C:/Program Files/Unity/Hub/Editor/6000.5.1f1/Editor/Data/NetStandard/compat/2.1.0/shims/netstandard/System.Linq.Parallel.dll"
-r:"C:/Program Files/Unity/Hub/Editor/6000.5.1f1/Editor/Data/NetStandard/compat/2.1.0/shims/netstandard/System.Linq.Queryable.dll"
-r:"C:/Program Files/Unity/Hub/Editor/6000.5.1f1/Editor/Data/NetStandard/compat/2.1.0/shims/netstandard/System.Linq.dll"
-r:"C:/Program Files/Unity/Hub/Editor/6000.5.1f1/Editor/Data/NetStandard/compat/2.1.0/shims/netstandard/System.Memory.dll"
-r:"C:/Program Files/Unity/Hub/Editor/6000.5.1f1/Editor/Data/NetStandard/compat/2.1.0/shims/netstandard/System.Net.Http.dll"
-r:"C:/Program Files/Unity/Hub/Editor/6000.5.1f1/Editor/Data/NetStandard/compat/2.1.0/shims/netstandard/System.Net.NameResolution.dll"
-r:"C:/Program Files/Unity/Hub/Editor/6000.5.1f1/Editor/Data/NetStandard/compat/2.1.0/shims/netstandard/System.Net.NetworkInformation.dll"
-r:"C:/Program Files/Unity/Hub/Editor/6000.5.1f1/Editor/Data/NetStandard/compat/2.1.0/shims/netstandard/System.Net.Ping.dll"
-r:"C:/Program Files/Unity/Hub/Editor/6000.5.1f1/Editor/Data/NetStandard/compat/2.1.0/shims/netstandard/System.Net.Primitives.dll"
-r:"C:/Program Files/Unity/Hub/Editor/6000.5.1f1/Editor/Data/NetStandard/compat/2.1.0/shims/netstandard/System.Net.Requests.dll"
-r:"C:/Program Files/Unity/Hub/Editor/6000.5.1f1/Editor/Data/NetStandard/compat/2.1.0/shims/netstandard/System.Net.Security.dll"
-r:"C:/Program Files/Unity/Hub/Editor/6000.5.1f1/Editor/Data/NetStandard/compat/2.1.0/shims/netstandard/System.Net.Sockets.dll"
-r:"C:/Program Files/Unity/Hub/Editor/6000.5.1f1/Editor/Data/NetStandard/compat/2.1.0/shims/netstandard/System.Net.WebHeaderCollection.dll"
-r:"C:/Program Files/Unity/Hub/Editor/6000.5.1f1/Editor/Data/NetStandard/compat/2.1.0/shims/netstandard/System.Net.WebSockets.Client.dll"
-r:"C:/Program Files/Unity/Hub/Editor/6000.5.1f1/Editor/Data/NetStandard/compat/2.1.0/shims/netstandard/System.Net.WebSockets.dll"
-r:"C:/Program Files/Unity/Hub/Editor/6000.5.1f1/Editor/Data/NetStandard/compat/2.1.0/shims/netstandard/System.Numerics.Vectors.dll"
-r:"C:/Program Files/Unity/Hub/Editor/6000.5.1f1/Editor/Data/NetStandard/compat/2.1.0/shims/netstandard/System.ObjectModel.dll"
-r:"C:/Program Files/Unity/Hub/Editor/6000.5.1f1/Editor/Data/NetStandard/compat/2.1.0/shims/netstandard/System.Reflection.DispatchProxy.dll"
-r:"C:/Program Files/Unity/Hub/Editor/6000.5.1f1/Editor/Data/NetStandard/compat/2.1.0/shims/netstandard/System.Reflection.Emit.ILGeneration.dll"
-r:"C:/Program Files/Unity/Hub/Editor/6000.5.1f1/Editor/Data/NetStandard/compat/2.1.0/shims/netstandard/System.Reflection.Emit.Lightweight.dll"
-r:"C:/Program Files/Unity/Hub/Editor/6000.5.1f1/Editor/Data/NetStandard/compat/2.1.0/shims/netstandard/System.Reflection.Emit.dll"
-r:"C:/Program Files/Unity/Hub/Editor/6000.5.1f1/Editor/Data/NetStandard/compat/2.1.0/shims/netstandard/System.Reflection.Extensions.dll"
-r:"C:/Program Files/Unity/Hub/Editor/6000.5.1f1/Editor/Data/NetStandard/compat/2.1.0/shims/netstandard/System.Reflection.Primitives.dll"
-r:"C:/Program Files/Unity/Hub/Editor/6000.5.1f1/Editor/Data/NetStandard/compat/2.1.0/shims/netstandard/System.Reflection.dll"
-r:"C:/Program Files/Unity/Hub/Editor/6000.5.1f1/Editor/Data/NetStandard/compat/2.1.0/shims/netstandard/System.Resources.Reader.dll"
-r:"C:/Program Files/Unity/Hub/Editor/6000.5.1f1/Editor/Data/NetStandard/compat/2.1.0/shims/netstandard/System.Resources.ResourceManager.dll"
-r:"C:/Program Files/Unity/Hub/Editor/6000.5.1f1/Editor/Data/NetStandard/compat/2.1.0/shims/netstandard/System.Resources.Writer.dll"
-r:"C:/Program Files/Unity/Hub/Editor/6000.5.1f1/Editor/Data/NetStandard/compat/2.1.0/shims/netstandard/System.Runtime.CompilerServices.VisualC.dll"
-r:"C:/Program Files/Unity/Hub/Editor/6000.5.1f1/Editor/Data/NetStandard/compat/2.1.0/shims/netstandard/System.Runtime.Extensions.dll"
-r:"C:/Program Files/Unity/Hub/Editor/6000.5.1f1/Editor/Data/NetStandard/compat/2.1.0/shims/netstandard/System.Runtime.Handles.dll"
-r:"C:/Program Files/Unity/Hub/Editor/6000.5.1f1/Editor/Data/NetStandard/compat/2.1.0/shims/netstandard/System.Runtime.InteropServices.RuntimeInformation.dll"
-r:"C:/Program Files/Unity/Hub/Editor/6000.5.1f1/Editor/Data/NetStandard/compat/2.1.0/shims/netstandard/System.Runtime.InteropServices.dll"
-r:"C:/Program Files/Unity/Hub/Editor/6000.5.1f1/Editor/Data/NetStandard/compat/2.1.0/shims/netstandard/System.Runtime.Numerics.dll"
-r:"C:/Program Files/Unity/Hub/Editor/6000.5.1f1/Editor/Data/NetStandard/compat/2.1.0/shims/netstandard/System.Runtime.Serialization.Formatters.dll"
-r:"C:/Program Files/Unity/Hub/Editor/6000.5.1f1/Editor/Data/NetStandard/compat/2.1.0/shims/netstandard/System.Runtime.Serialization.Json.dll"
-r:"C:/Program Files/Unity/Hub/Editor/6000.5.1f1/Editor/Data/NetStandard/compat/2.1.0/shims/netstandard/System.Runtime.Serialization.Primitives.dll"
-r:"C:/Program Files/Unity/Hub/Editor/6000.5.1f1/Editor/Data/NetStandard/compat/2.1.0/shims/netstandard/System.Runtime.Serialization.Xml.dll"
-r:"C:/Program Files/Unity/Hub/Editor/6000.5.1f1/Editor/Data/NetStandard/compat/2.1.0/shims/netstandard/System.Runtime.dll"
-r:"C:/Program Files/Unity/Hub/Editor/6000.5.1f1/Editor/Data/NetStandard/compat/2.1.0/shims/netstandard/System.Security.Claims.dll"
-r:"C:/Program Files/Unity/Hub/Editor/6000.5.1f1/Editor/Data/NetStandard/compat/2.1.0/shims/netstandard/System.Security.Cryptography.Algorithms.dll"
-r:"C:/Program Files/Unity/Hub/Editor/6000.5.1f1/Editor/Data/NetStandard/compat/2.1.0/shims/netstandard/System.Security.Cryptography.Csp.dll"
-r:"C:/Program Files/Unity/Hub/Editor/6000.5.1f1/Editor/Data/NetStandard/compat/2.1.0/shims/netstandard/System.Security.Cryptography.Encoding.dll"
-r:"C:/Program Files/Unity/Hub/Editor/6000.5.1f1/Editor/Data/NetStandard/compat/2.1.0/shims/netstandard/System.Security.Cryptography.Primitives.dll"
-r:"C:/Program Files/Unity/Hub/Editor/6000.5.1f1/Editor/Data/NetStandard/compat/2.1.0/shims/netstandard/System.Security.Cryptography.X509Certificates.dll"
-r:"C:/Program Files/Unity/Hub/Editor/6000.5.1f1/Editor/Data/NetStandard/compat/2.1.0/shims/netstandard/System.Security.Principal.dll"
-r:"C:/Program Files/Unity/Hub/Editor/6000.5.1f1/Editor/Data/NetStandard/compat/2.1.0/shims/netstandard/System.Security.SecureString.dll"
-r:"C:/Program Files/Unity/Hub/Editor/6000.5.1f1/Editor/Data/NetStandard/compat/2.1.0/shims/netstandard/System.Text.Encoding.Extensions.dll"
-r:"C:/Program Files/Unity/Hub/Editor/6000.5.1f1/Editor/Data/NetStandard/compat/2.1.0/shims/netstandard/System.Text.Encoding.dll"
-r:"C:/Program Files/Unity/Hub/Editor/6000.5.1f1/Editor/Data/NetStandard/compat/2.1.0/shims/netstandard/System.Text.RegularExpressions.dll"
-r:"C:/Program Files/Unity/Hub/Editor/6000.5.1f1/Editor/Data/NetStandard/compat/2.1.0/shims/netstandard/System.Threading.Overlapped.dll"
-r:"C:/Program Files/Unity/Hub/Editor/6000.5.1f1/Editor/Data/NetStandard/compat/2.1.0/shims/netstandard/System.Threading.Tasks.Extensions.dll"
-r:"C:/Program Files/Unity/Hub/Editor/6000.5.1f1/Editor/Data/NetStandard/compat/2.1.0/shims/netstandard/System.Threading.Tasks.Parallel.dll"
-r:"C:/Program Files/Unity/Hub/Editor/6000.5.1f1/Editor/Data/NetStandard/compat/2.1.0/shims/netstandard/System.Threading.Tasks.dll"
-r:"C:/Program Files/Unity/Hub/Editor/6000.5.1f1/Editor/Data/NetStandard/compat/2.1.0/shims/netstandard/System.Threading.Thread.dll"
-r:"C:/Program Files/Unity/Hub/Editor/6000.5.1f1/Editor/Data/NetStandard/compat/2.1.0/shims/netstandard/System.Threading.ThreadPool.dll"
-r:"C:/Program Files/Unity/Hub/Editor/6000.5.1f1/Editor/Data/NetStandard/compat/2.1.0/shims/netstandard/System.Threading.Timer.dll"
-r:"C:/Program Files/Unity/Hub/Editor/6000.5.1f1/Editor/Data/NetStandard/compat/2.1.0/shims/netstandard/System.Threading.dll"
-r:"C:/Program Files/Unity/Hub/Editor/6000.5.1f1/Editor/Data/NetStandard/compat/2.1.0/shims/netstandard/System.ValueTuple.dll"
-r:"C:/Program Files/Unity/Hub/Editor/6000.5.1f1/Editor/Data/NetStandard/compat/2.1.0/shims/netstandard/System.Xml.ReaderWriter.dll"
-r:"C:/Program Files/Unity/Hub/Editor/6000.5.1f1/Editor/Data/NetStandard/compat/2.1.0/shims/netstandard/System.Xml.XDocument.dll"
-r:"C:/Program Files/Unity/Hub/Editor/6000.5.1f1/Editor/Data/NetStandard/compat/2.1.0/shims/netstandard/System.Xml.XPath.XDocument.dll"
-r:"C:/Program Files/Unity/Hub/Editor/6000.5.1f1/Editor/Data/NetStandard/compat/2.1.0/shims/netstandard/System.Xml.XPath.dll"
-r:"C:/Program Files/Unity/Hub/Editor/6000.5.1f1/Editor/Data/NetStandard/compat/2.1.0/shims/netstandard/System.Xml.XmlDocument.dll"
-r:"C:/Program Files/Unity/Hub/Editor/6000.5.1f1/Editor/Data/NetStandard/compat/2.1.0/shims/netstandard/System.Xml.XmlSerializer.dll"
-r:"C:/Program Files/Unity/Hub/Editor/6000.5.1f1/Editor/Data/NetStandard/ref/2.1.0/netstandard.dll"
-r:"Library/PackageCache/com.unity.collections@a43cabe808ca/Unity.Collections.LowLevel.ILSupport/Unity.Collections.LowLevel.ILSupport.dll"
-r:"Library/PackageCache/com.unity.ext.nunit@44f7d31723bd/net472/unity-custom/nunit.framework.dll"
-r:"Library/PackageCache/com.unity.nuget.mono-cecil@ecb9724e46ff/Mono.Cecil.dll"
-r:"Library/PackageCache/com.unity.visualscripting@8bed5ad90189/Runtime/VisualScripting.Flow/Dependencies/NCalc/Unity.VisualScripting.Antlr3.Runtime.dll"
-r:"Library/Bee/artifacts/1900b0aE.dag/Unity.2D.Sprite.Editor.ref.dll"
-r:"Library/Bee/artifacts/1900b0aE.dag/Unity.AI.Navigation.Editor.ConversionSystem.ref.dll"
-r:"Library/Bee/artifacts/1900b0aE.dag/Unity.AI.Navigation.Editor.ref.dll"
-r:"Library/Bee/artifacts/1900b0aE.dag/Unity.AI.Navigation.ref.dll"
-r:"Library/Bee/artifacts/1900b0aE.dag/Unity.AI.Navigation.Updater.ref.dll"
-r:"Library/Bee/artifacts/1900b0aE.dag/Unity.Burst.Editor.ref.dll"
-r:"Library/Bee/artifacts/1900b0aE.dag/Unity.Burst.ref.dll"
-r:"Library/Bee/artifacts/1900b0aE.dag/Unity.Collections.Editor.ref.dll"
-r:"Library/Bee/artifacts/1900b0aE.dag/Unity.Collections.ref.dll"
-r:"Library/Bee/artifacts/1900b0aE.dag/Unity.InputSystem.ForUI.ref.dll"
-r:"Library/Bee/artifacts/1900b0aE.dag/Unity.InputSystem.ref.dll"
-r:"Library/Bee/artifacts/1900b0aE.dag/Unity.InternalAPIEditorBridge.ShaderGraph.Editor.ref.dll"
-r:"Library/Bee/artifacts/1900b0aE.dag/Unity.InternalAPIEngineBridge.004.ref.dll"
-r:"Library/Bee/artifacts/1900b0aE.dag/Unity.InternalAPIEngineBridge.RenderPipelines.Core.Editor.ref.dll"
-r:"Library/Bee/artifacts/1900b0aE.dag/Unity.InternalAPIEngineBridge.RenderPipelines.Core.Runtime.Shared.ref.dll"
-r:"Library/Bee/artifacts/1900b0aE.dag/Unity.Mathematics.ref.dll"
-r:"Library/Bee/artifacts/1900b0aE.dag/Unity.Multiplayer.Center.Common.ref.dll"
-r:"Library/Bee/artifacts/1900b0aE.dag/Unity.Multiplayer.Center.Editor.ref.dll"
-r:"Library/Bee/artifacts/1900b0aE.dag/Unity.PathTracing.Editor.ref.dll"
-r:"Library/Bee/artifacts/1900b0aE.dag/Unity.PathTracing.Runtime.ref.dll"
-r:"Library/Bee/artifacts/1900b0aE.dag/Unity.PlasticSCM.Editor.ref.dll"
-r:"Library/Bee/artifacts/1900b0aE.dag/Unity.Rendering.LightTransport.Editor.ref.dll"
-r:"Library/Bee/artifacts/1900b0aE.dag/Unity.RenderPipeline.Universal.ShaderLibrary.ref.dll"
-r:"Library/Bee/artifacts/1900b0aE.dag/Unity.RenderPipelines.Core.Editor.ref.dll"
-r:"Library/Bee/artifacts/1900b0aE.dag/Unity.RenderPipelines.Core.Editor.Shared.ref.dll"
-r:"Library/Bee/artifacts/1900b0aE.dag/Unity.RenderPipelines.Core.Runtime.ref.dll"
-r:"Library/Bee/artifacts/1900b0aE.dag/Unity.RenderPipelines.Core.Runtime.Shared.ref.dll"
-r:"Library/Bee/artifacts/1900b0aE.dag/Unity.RenderPipelines.Core.ShaderLibrary.ref.dll"
-r:"Library/Bee/artifacts/1900b0aE.dag/Unity.RenderPipelines.GPUDriven.Runtime.ref.dll"
-r:"Library/Bee/artifacts/1900b0aE.dag/Unity.RenderPipelines.ShaderGraph.ShaderGraphLibrary.ref.dll"
-r:"Library/Bee/artifacts/1900b0aE.dag/Unity.RenderPipelines.Universal.2D.Editor.Overrides.ref.dll"
-r:"Library/Bee/artifacts/1900b0aE.dag/Unity.RenderPipelines.Universal.2D.Runtime.ref.dll"
-r:"Library/Bee/artifacts/1900b0aE.dag/Unity.RenderPipelines.Universal.Config.Runtime.ref.dll"
-r:"Library/Bee/artifacts/1900b0aE.dag/Unity.RenderPipelines.Universal.Editor.ref.dll"
-r:"Library/Bee/artifacts/1900b0aE.dag/Unity.RenderPipelines.Universal.Runtime.ref.dll"
-r:"Library/Bee/artifacts/1900b0aE.dag/Unity.RenderPipelines.Universal.Shaders.ref.dll"
-r:"Library/Bee/artifacts/1900b0aE.dag/Unity.Rider.Editor.ref.dll"
-r:"Library/Bee/artifacts/1900b0aE.dag/Unity.Searcher.Editor.ref.dll"
-r:"Library/Bee/artifacts/1900b0aE.dag/Unity.ShaderGraph.Editor.ref.dll"
-r:"Library/Bee/artifacts/1900b0aE.dag/Unity.SurfaceCache.Runtime.ref.dll"
-r:"Library/Bee/artifacts/1900b0aE.dag/Unity.TextMeshPro.Editor.ref.dll"
-r:"Library/Bee/artifacts/1900b0aE.dag/Unity.TextMeshPro.ref.dll"
-r:"Library/Bee/artifacts/1900b0aE.dag/Unity.Timeline.Editor.ref.dll"
-r:"Library/Bee/artifacts/1900b0aE.dag/Unity.Timeline.ref.dll"
-r:"Library/Bee/artifacts/1900b0aE.dag/Unity.UnifiedRayTracing.Runtime.ref.dll"
-r:"Library/Bee/artifacts/1900b0aE.dag/Unity.VisualScripting.Core.Editor.ref.dll"
-r:"Library/Bee/artifacts/1900b0aE.dag/Unity.VisualScripting.Core.ref.dll"
-r:"Library/Bee/artifacts/1900b0aE.dag/Unity.VisualScripting.Flow.Editor.ref.dll"
-r:"Library/Bee/artifacts/1900b0aE.dag/Unity.VisualScripting.Flow.ref.dll"
-r:"Library/Bee/artifacts/1900b0aE.dag/Unity.VisualScripting.SettingsProvider.Editor.ref.dll"
-r:"Library/Bee/artifacts/1900b0aE.dag/Unity.VisualScripting.Shared.Editor.ref.dll"
-r:"Library/Bee/artifacts/1900b0aE.dag/Unity.VisualScripting.State.Editor.ref.dll"
-r:"Library/Bee/artifacts/1900b0aE.dag/Unity.VisualScripting.State.ref.dll"
-r:"Library/Bee/artifacts/1900b0aE.dag/Unity.VisualStudio.Editor.ref.dll"
-r:"Library/Bee/artifacts/1900b0aE.dag/UnityEditor.UI.Analytics.ref.dll"
-r:"Library/Bee/artifacts/1900b0aE.dag/UnityEditor.UI.ref.dll"
-r:"Library/Bee/artifacts/1900b0aE.dag/UnityEngine.UI.ref.dll"
-analyzer:"C:/Program Files/Unity/Hub/Editor/6000.5.1f1/Editor/Data/BCLExtensions/TargetingPacks/netstandard2.1/analyzers/dotnet/roslyn4.0/cs/Microsoft.Extensions.Logging.Generators.dll"
-analyzer:"C:/Program Files/Unity/Hub/Editor/6000.5.1f1/Editor/Data/BCLExtensions/TargetingPacks/netstandard2.1/analyzers/dotnet/roslyn4.0/cs/System.Text.Json.SourceGeneration.dll"
-analyzer:"C:/Program Files/Unity/Hub/Editor/6000.5.1f1/Editor/Data/Tools/BuildPipeline/Unity.Analyzers.Common/Unity.Analyzers.Common.dll"
-analyzer:"C:/Program Files/Unity/Hub/Editor/6000.5.1f1/Editor/Data/Tools/BuildPipeline/Unity.Analyzers.LongLiving/Unity.Analyzers.LongLiving.dll"
-analyzer:"C:/Program Files/Unity/Hub/Editor/6000.5.1f1/Editor/Data/Tools/BuildPipeline/Unity.SourceGenerators/Unity.Properties.SourceGenerator.dll"
-analyzer:"C:/Program Files/Unity/Hub/Editor/6000.5.1f1/Editor/Data/Tools/BuildPipeline/Unity.SourceGenerators/Unity.SourceGenerators.dll"
-analyzer:"C:/Program Files/Unity/Hub/Editor/6000.5.1f1/Editor/Data/Tools/BuildPipeline/Unity.SourceGenerators/Unity.UIToolkit.SourceGenerator.dll"
"Assets/Billboard.cs"
"Assets/DungeonCore3D.cs"
"Assets/Scripts/Build/NewEmptyCSharpScript.cs"
"Assets/Scripts/Builder/BuildManager.cs"
"Assets/Scripts/Builder/BuileMode.cs"
"Assets/Scripts/Builder/PlaceableObject.cs"
"Assets/Scripts/Builder/TileSelector.cs"
"Assets/Scripts/Enemy/AdventureData.cs"
"Assets/Scripts/Enemy/Monster.cs"
"Assets/Scripts/Enemy/instruderNavMesh.cs"
"Assets/Scripts/Grid/GridManager.cs"
"Assets/Scripts/Grid/Tile.cs"
"Assets/Scripts/Grid/TileType.cs"
"Assets/Scripts/Managers/CameraController.cs"
"Assets/Scripts/Managers/EnemySpawner..cs"
"Assets/Scripts/Managers/GameManager.cs"
"Assets/Scripts/Managers/Highlightable.cs"
"Assets/Scripts/Managers/PreviewManager.cs"
"Assets/Scripts/Managers/ReadyButtonController.cs"
"Assets/Scripts/Managers/WaveManager.cs"
"Assets/Scripts/UI/BuildMenuUI.cs"
"Assets/Scripts/UI/ChangeMenuUI.cs"
"Assets/Scripts/UI/GameStartManager.cs"
"Assets/Scripts/UI/MonsterMenuUI.cs"
"Assets/TextMesh Pro/Examples & Extras/Scripts/Benchmark01.cs"
"Assets/TextMesh Pro/Examples & Extras/Scripts/Benchmark01_UGUI.cs"
"Assets/TextMesh Pro/Examples & Extras/Scripts/Benchmark02.cs"
"Assets/TextMesh Pro/Examples & Extras/Scripts/Benchmark03.cs"
"Assets/TextMesh Pro/Examples & Extras/Scripts/Benchmark04.cs"
"Assets/TextMesh Pro/Examples & Extras/Scripts/CameraController.cs"
"Assets/TextMesh Pro/Examples & Extras/Scripts/ChatController.cs"
"Assets/TextMesh Pro/Examples & Extras/Scripts/DropdownSample.cs"
"Assets/TextMesh Pro/Examples & Extras/Scripts/EnvMapAnimator.cs"
"Assets/TextMesh Pro/Examples & Extras/Scripts/ObjectSpin.cs"
"Assets/TextMesh Pro/Examples & Extras/Scripts/ShaderPropAnimator.cs"
"Assets/TextMesh Pro/Examples & Extras/Scripts/SimpleScript.cs"
"Assets/TextMesh Pro/Examples & Extras/Scripts/SkewTextExample.cs"
"Assets/TextMesh Pro/Examples & Extras/Scripts/TMP_DigitValidator.cs"
"Assets/TextMesh Pro/Examples & Extras/Scripts/TMP_ExampleScript_01.cs"
"Assets/TextMesh Pro/Examples & Extras/Scripts/TMP_FrameRateCounter.cs"
"Assets/TextMesh Pro/Examples & Extras/Scripts/TMP_PhoneNumberValidator.cs"
"Assets/TextMesh Pro/Examples & Extras/Scripts/TMP_TextEventCheck.cs"
"Assets/TextMesh Pro/Examples & Extras/Scripts/TMP_TextEventHandler.cs"
"Assets/TextMesh Pro/Examples & Extras/Scripts/TMP_TextInfoDebugTool.cs"
"Assets/TextMesh Pro/Examples & Extras/Scripts/TMP_TextSelector_A.cs"
"Assets/TextMesh Pro/Examples & Extras/Scripts/TMP_TextSelector_B.cs"
"Assets/TextMesh Pro/Examples & Extras/Scripts/TMP_UiFrameRateCounter.cs"
"Assets/TextMesh Pro/Examples & Extras/Scripts/TMPro_InstructionOverlay.cs"
"Assets/TextMesh Pro/Examples & Extras/Scripts/TeleType.cs"
"Assets/TextMesh Pro/Examples & Extras/Scripts/TextConsoleSimulator.cs"
"Assets/TextMesh Pro/Examples & Extras/Scripts/TextMeshProFloatingText.cs"
"Assets/TextMesh Pro/Examples & Extras/Scripts/TextMeshSpawner.cs"
"Assets/TextMesh Pro/Examples & Extras/Scripts/VertexColorCycler.cs"
"Assets/TextMesh Pro/Examples & Extras/Scripts/VertexJitter.cs"
"Assets/TextMesh Pro/Examples & Extras/Scripts/VertexShakeA.cs"
"Assets/TextMesh Pro/Examples & Extras/Scripts/VertexShakeB.cs"
"Assets/TextMesh Pro/Examples & Extras/Scripts/VertexZoom.cs"
"Assets/TextMesh Pro/Examples & Extras/Scripts/WarpTextExample.cs"
-langversion:9.0
/deterministic
/optimize+
/debug:portable
/nologo
/RuntimeMetadataVersion:v4.0.30319
/nowarn:0169
/nowarn:0649
/nowarn:0282
/nowarn:1701
/nowarn:1702
/utf8output
/preferreduilang:en-US
/additionalfile:"Library/Bee/artifacts/1900b0aE.dag/Assembly-CSharp.UnityAdditionalFile.txt"
##### Custom Environment Variables
DOTNET_HOST_PATH=C:\Program Files\Unity\Hub\Editor\6000.5.1f1\Editor\Data\DotNetSdk\dotnet.exe
DOTNET_MULTILEVEL_LOOKUP=0
##### ExitCode
1
##### Output
Assets\Scripts\Managers\WaveManager.cs(47,6): error CS0246: The type or namespace name 'ReadOnlyAttribute' could not be found (are you missing a using directive or an assembly reference?)

Assets\Scripts\Managers\WaveManager.cs(47,6): error CS0246: The type or namespace name 'ReadOnly' could not be found (are you missing a using directive or an assembly reference?)
*** Tundra build failed (2.68 seconds), 2 items updated, 916 evaluated
## Script Compilation Error for: Csc Library/Bee/artifacts/1900b0aE.dag/Assembly-CSharp.dll (+2 others)
## CmdLine: "C:\Program Files\Unity\Hub\Editor\6000.5.1f1\Editor\Data\DotNetSdk\dotnet.exe" exec "C:/Program Files/Unity/Hub/Editor/6000.5.1f1/Editor/Data/DotNetSdk/sdk/8.0.318/Roslyn/bincore/csc.dll" /nostdlib /noconfig /shared "@Library/Bee/artifacts/1900b0aE.dag/Assembly-CSharp.rsp" "@Library/Bee/artifacts/1900b0aE.dag/Assembly-CSharp.rsp2"
## Output:
Assets\Scripts\Managers\WaveManager.cs(47,6): error CS0246: The type or namespace name 'ReadOnlyAttribute' could not be found (are you missing a using directive or an assembly reference?)
Assets\Scripts\Managers\WaveManager.cs(47,6): error CS0246: The type or namespace name 'ReadOnly' could not be found (are you missing a using directive or an assembly reference?)

Assets\Scripts\Managers\WaveManager.cs(47,6): error CS0246: The type or namespace name 'ReadOnlyAttribute' could not be found (are you missing a using directive or an assembly reference?)
Assets\Scripts\Managers\WaveManager.cs(47,6): error CS0246: The type or namespace name 'ReadOnly' could not be found (are you missing a using directive or an assembly reference?)
Total cache size 65084268
Total cache size after purge 65084268, took 00:00:00.0724705

Asset Pipeline Refresh (id=38d4fb9201c7612429fce2882bea0b11): Total: 0.005 seconds - Initiated by RefreshV2(NoUpdateAssetOptions)
Asset Pipeline Refresh (id=babbd35eb03208b4cace7594142d87f8): Total: 0.003 seconds - Initiated by RefreshV2(NoUpdateAssetOptions)
[ScriptCompilation] Requested script compilation because: AssetDatabase observed changes in script compilation related files
Asset Pipeline Refresh (id=0aa8aa7a12731fb40b8e3cf218fe798e): Total: 0.050 seconds - Initiated by RefreshV2(NoUpdateAssetOptions)
info: Microsoft.AspNetCore.Hosting.Diagnostics[1]
      Request starting HTTP/2 POST http://ilpp/UnityILPP.PostProcessing/Ping - application/grpc -
info: Microsoft.AspNetCore.Routing.EndpointMiddleware[0]
      Executing endpoint 'gRPC - /UnityILPP.PostProcessing/Ping'
info: Microsoft.AspNetCore.Routing.EndpointMiddleware[1]
      Executed endpoint 'gRPC - /UnityILPP.PostProcessing/Ping'
info: Microsoft.AspNetCore.Hosting.Diagnostics[2]
      Request finished HTTP/2 POST http://ilpp/UnityILPP.PostProcessing/Ping - 200 - application/grpc 0.2279ms
Starting: C:\Program Files\Unity\Hub\Editor\6000.5.1f1\Editor\Data\Tools\BuildPipeline\bee_backend.exe --ipc --defer-dag-verification --dagfile="Library/Bee/1900b0aE.dag" --continue-on-failure --profile="Library/Bee/backend1.traceevents" ScriptAssemblies
WorkingDir: C:/Users/Kouta/Documents/Growing_Dungeon_UL
info: Microsoft.AspNetCore.Hosting.Diagnostics[1]
      Request starting HTTP/2 POST http://ilpp/UnityILPP.PostProcessing/ConfigurePostProcessors - application/grpc -
info: Microsoft.AspNetCore.Routing.EndpointMiddleware[0]
      Executing endpoint 'gRPC - /UnityILPP.PostProcessing/ConfigurePostProcessors'
info: Unity.ILPP.Runner.PostProcessingAssemblyLoadContext[0]
      Current configuration matches the requested one, skipping
info: Microsoft.AspNetCore.Routing.EndpointMiddleware[1]
      Executed endpoint 'gRPC - /UnityILPP.PostProcessing/ConfigurePostProcessors'
info: Microsoft.AspNetCore.Hosting.Diagnostics[2]
      Request finished HTTP/2 POST http://ilpp/UnityILPP.PostProcessing/ConfigurePostProcessors - 200 - application/grpc 0.7417ms
ExitCode: 3 Duration: 0s299ms
[722/916    0s] ILPP-Configuration Library/ilpp-configuration.nevergeneratedoutput
[912/916    0s] Csc Library/Bee/artifacts/1900b0aE.dag/Assembly-CSharp.dll (+2 others)
##### CommandLine
"C:\Program Files\Unity\Hub\Editor\6000.5.1f1\Editor\Data\DotNetSdk\dotnet.exe" exec "C:/Program Files/Unity/Hub/Editor/6000.5.1f1/Editor/Data/DotNetSdk/sdk/8.0.318/Roslyn/bincore/csc.dll" /nostdlib /noconfig /shared "@Library/Bee/artifacts/1900b0aE.dag/Assembly-CSharp.rsp" "@Library/Bee/artifacts/1900b0aE.dag/Assembly-CSharp.rsp2"
##### Contents of Library\Bee\artifacts\1900b0aE.dag\Assembly-CSharp.rsp
-target:library
-out:"Library/Bee/artifacts/1900b0aE.dag/Assembly-CSharp.dll"
-refout:"Library/Bee/artifacts/1900b0aE.dag/Assembly-CSharp.ref.dll"
-define:UNITY_6000_5_1
-define:UNITY_6000_5
-define:UNITY_6000
-define:UNITY_5_3_OR_NEWER
-define:UNITY_5_4_OR_NEWER
-define:UNITY_5_5_OR_NEWER
-define:UNITY_5_6_OR_NEWER
-define:UNITY_2017_1_OR_NEWER
-define:UNITY_2017_2_OR_NEWER
-define:UNITY_2017_3_OR_NEWER
-define:UNITY_2017_4_OR_NEWER
-define:UNITY_2018_1_OR_NEWER
-define:UNITY_2018_2_OR_NEWER
-define:UNITY_2018_3_OR_NEWER
-define:UNITY_2018_4_OR_NEWER
-define:UNITY_2019_1_OR_NEWER
-define:UNITY_2019_2_OR_NEWER
-define:UNITY_2019_3_OR_NEWER
-define:UNITY_2019_4_OR_NEWER
-define:UNITY_2020_1_OR_NEWER
-define:UNITY_2020_2_OR_NEWER
-define:UNITY_2020_3_OR_NEWER
-define:UNITY_2021_1_OR_NEWER
-define:UNITY_2021_2_OR_NEWER
-define:UNITY_2021_3_OR_NEWER
-define:UNITY_2022_1_OR_NEWER
-define:UNITY_2022_2_OR_NEWER
-define:UNITY_2022_3_OR_NEWER
-define:UNITY_2023_1_OR_NEWER
-define:UNITY_2023_2_OR_NEWER
-define:UNITY_2023_3_OR_NEWER
-define:UNITY_6000_0_OR_NEWER
-define:UNITY_6000_1_OR_NEWER
-define:UNITY_6000_2_OR_NEWER
-define:UNITY_6000_3_OR_NEWER
-define:UNITY_6000_4_OR_NEWER
-define:UNITY_6000_5_OR_NEWER
-define:PLATFORM_ARCH_64
-define:UNITY_64
-define:UNITY_INCLUDE_TESTS
-define:UNITY_ENABLE_CLOUD_SERVICES_ENGINE_DIAGNOSTICS_MANAGED
-define:ENABLE_AR
-define:ENABLE_AUDIO
-define:ENABLE_AUDIO_SCRIPTABLE_PIPELINE
-define:ENABLE_CACHING
-define:ENABLE_CLOTH
-define:ENABLE_EVENT_QUEUE
-define:ENABLE_MICROPHONE
-define:ENABLE_MULTIPLE_DISPLAYS
-define:ENABLE_PHYSICS
-define:ENABLE_TEXTURE_STREAMING
-define:ENABLE_VIRTUALTEXTURING
-define:ENABLE_LZMA
-define:ENABLE_UNITYEVENTS
-define:ENABLE_VR
-define:ENABLE_WEBCAM
-define:ENABLE_UNITYWEBREQUEST
-define:ENABLE_WWW
-define:ENABLE_CLOUD_SERVICES
-define:ENABLE_CLOUD_SERVICES_ADS
-define:ENABLE_CLOUD_SERVICES_USE_WEBREQUEST
-define:ENABLE_UNITY_CONSENT
-define:ENABLE_UNITY_CLOUD_IDENTIFIERS
-define:ENABLE_CLOUD_SERVICES_CRASH_REPORTING
-define:ENABLE_CLOUD_SERVICES_NATIVE_CRASH_REPORTING
-define:ENABLE_CLOUD_SERVICES_PURCHASING
-define:ENABLE_CLOUD_SERVICES_ANALYTICS
-define:ENABLE_CLOUD_SERVICES_BUILD
-define:ENABLE_EDITOR_GAME_SERVICES
-define:ENABLE_UNITY_GAME_SERVICES_ANALYTICS_SUPPORT
-define:ENABLE_CLOUD_LICENSE
-define:ENABLE_EDITOR_HUB_LICENSE
-define:ENABLE_WEBSOCKET_CLIENT
-define:ENABLE_GENERATE_NATIVE_PLUGINS_FOR_ASSEMBLIES_API
-define:ENABLE_DIRECTOR_AUDIO
-define:ENABLE_DIRECTOR_TEXTURE
-define:ENABLE_MANAGED_JOBS
-define:ENABLE_MANAGED_TRANSFORM_JOBS
-define:ENABLE_MANAGED_ANIMATION_JOBS
-define:ENABLE_MANAGED_AUDIO_JOBS
-define:ENABLE_MANAGED_UNITYTLS
-define:INCLUDE_DYNAMIC_GI
-define:ENABLE_SCRIPTING_GC_WBARRIERS
-define:PLATFORM_SUPPORTS_MONO
-define:RENDER_SOFTWARE_CURSOR
-define:ENABLE_MARSHALLING_TESTS
-define:ENABLE_VIDEO
-define:ENABLE_NAVIGATION_OFFMESHLINK_TO_NAVMESHLINK
-define:ENABLE_ACCELERATOR_CLIENT_DEBUGGING
-define:ENABLE_ACCESSIBILITY_SCREEN_READER
-define:TEXTCORE_1_0_OR_NEWER
-define:EDITOR_ONLY_NAVMESH_BUILDER_DEPRECATED
-define:PLATFORM_STANDALONE_WIN
-define:PLATFORM_STANDALONE
-define:UNITY_STANDALONE_WIN
-define:UNITY_STANDALONE
-define:ENABLE_RUNTIME_GI
-define:ENABLE_MOVIES
-define:ENABLE_NETWORK
-define:ENABLE_NVIDIA
-define:ENABLE_AMD
-define:ENABLE_CRUNCH_TEXTURE_COMPRESSION
-define:ENABLE_CLOUD_SERVICES_ENGINE_DIAGNOSTICS
-define:ENABLE_OUT_OF_PROCESS_CRASH_HANDLER
-define:ENABLE_CLUSTER_SYNC
-define:ENABLE_CLUSTERINPUT
-define:PLATFORM_UPDATES_TIME_OUTSIDE_OF_PLAYER_LOOP
-define:GFXDEVICE_WAITFOREVENT_MESSAGEPUMP
-define:PLATFORM_USES_EXPLICIT_MEMORY_MANAGER_INITIALIZER
-define:PLATFORM_SUPPORTS_WAIT_FOR_PRESENTATION
-define:PLATFORM_SUPPORTS_SPLIT_GRAPHICS_JOBS
-define:PLATFORM_USES_VULKAN_OLD_SWAPCHAIN
-define:USE_READ_ASYNC_MANAGED_API
-define:ENABLE_MONO
-define:NET_STANDARD_2_0
-define:NET_STANDARD
-define:NET_STANDARD_2_1
-define:NETSTANDARD
-define:NETSTANDARD2_1
-define:ENABLE_PROFILER
-define:DEBUG
-define:TRACE
-define:UNITY_ASSERTIONS
-define:UNITY_EDITOR
-define:UNITY_EDITOR_64
-define:UNITY_EDITOR_WIN
-define:ENABLE_UNITY_COLLECTIONS_CHECKS
-define:ENABLE_BURST_AOT
-define:UNITY_TEAM_LICENSE
-define:ENABLE_CUSTOM_RENDER_TEXTURE
-define:ENABLE_DIRECTOR
-define:ENABLE_LOCALIZATION
-define:ENABLE_SPRITES
-define:ENABLE_TERRAIN
-define:ENABLE_TILEMAP
-define:ENABLE_TIMELINE
-define:ENABLE_INPUT_SYSTEM
-define:TEXTCORE_FONT_ENGINE_1_5_OR_NEWER
-define:TEXTCORE_TEXT_ENGINE_1_5_OR_NEWER
-define:TEXTCORE_FONT_ENGINE_1_6_OR_NEWER
-define:CSHARP_7_OR_LATER
-define:CSHARP_7_3_OR_NEWER
-r:"C:/Program Files/Unity/Hub/Editor/6000.5.1f1/Editor/Data/BCLExtensions/TargetingPacks/netstandard2.1/ref/Microsoft.Bcl.AsyncInterfaces.dll"
-r:"C:/Program Files/Unity/Hub/Editor/6000.5.1f1/Editor/Data/BCLExtensions/TargetingPacks/netstandard2.1/ref/Microsoft.Extensions.DependencyInjection.Abstractions.dll"
-r:"C:/Program Files/Unity/Hub/Editor/6000.5.1f1/Editor/Data/BCLExtensions/TargetingPacks/netstandard2.1/ref/Microsoft.Extensions.Logging.Abstractions.dll"
-r:"C:/Program Files/Unity/Hub/Editor/6000.5.1f1/Editor/Data/BCLExtensions/TargetingPacks/netstandard2.1/ref/System.Collections.Immutable.dll"
-r:"C:/Program Files/Unity/Hub/Editor/6000.5.1f1/Editor/Data/BCLExtensions/TargetingPacks/netstandard2.1/ref/System.Diagnostics.DiagnosticSource.dll"
-r:"C:/Program Files/Unity/Hub/Editor/6000.5.1f1/Editor/Data/BCLExtensions/TargetingPacks/netstandard2.1/ref/System.IO.Hashing.dll"
-r:"C:/Program Files/Unity/Hub/Editor/6000.5.1f1/Editor/Data/BCLExtensions/TargetingPacks/netstandard2.1/ref/System.Reflection.Metadata.dll"
-r:"C:/Program Files/Unity/Hub/Editor/6000.5.1f1/Editor/Data/BCLExtensions/TargetingPacks/netstandard2.1/ref/System.Runtime.CompilerServices.Unsafe.dll"
-r:"C:/Program Files/Unity/Hub/Editor/6000.5.1f1/Editor/Data/BCLExtensions/TargetingPacks/netstandard2.1/ref/System.Text.Encodings.Web.dll"
-r:"C:/Program Files/Unity/Hub/Editor/6000.5.1f1/Editor/Data/BCLExtensions/TargetingPacks/netstandard2.1/ref/System.Text.Json.dll"
-r:"C:/Program Files/Unity/Hub/Editor/6000.5.1f1/Editor/Data/Managed/UnityEngine/Unity.Scripting.dll"
-r:"C:/Program Files/Unity/Hub/Editor/6000.5.1f1/Editor/Data/Managed/UnityEngine/UnityEditor.AIModule.dll"
-r:"C:/Program Files/Unity/Hub/Editor/6000.5.1f1/Editor/Data/Managed/UnityEngine/UnityEditor.AccessibilityModule.dll"
-r:"C:/Program Files/Unity/Hub/Editor/6000.5.1f1/Editor/Data/Managed/UnityEngine/UnityEditor.AdaptivePerformanceModule.dll"
-r:"C:/Program Files/Unity/Hub/Editor/6000.5.1f1/Editor/Data/Managed/UnityEngine/UnityEditor.AssetComplianceModule.dll"
-r:"C:/Program Files/Unity/Hub/Editor/6000.5.1f1/Editor/Data/Managed/UnityEngine/UnityEditor.BuildProfileModule.dll"
-r:"C:/Program Files/Unity/Hub/Editor/6000.5.1f1/Editor/Data/Managed/UnityEngine/UnityEditor.ClothModule.dll"
-r:"C:/Program Files/Unity/Hub/Editor/6000.5.1f1/Editor/Data/Managed/UnityEngine/UnityEditor.ContentLoadModule.dll"
-r:"C:/Program Files/Unity/Hub/Editor/6000.5.1f1/Editor/Data/Managed/UnityEngine/UnityEditor.CoreBusinessMetricsModule.dll"
-r:"C:/Program Files/Unity/Hub/Editor/6000.5.1f1/Editor/Data/Managed/UnityEngine/UnityEditor.CoreModule.dll"
-r:"C:/Program Files/Unity/Hub/Editor/6000.5.1f1/Editor/Data/Managed/UnityEngine/UnityEditor.DeviceSimulatorModule.dll"
-r:"C:/Program Files/Unity/Hub/Editor/6000.5.1f1/Editor/Data/Managed/UnityEngine/UnityEditor.DiagnosticsModule.dll"
-r:"C:/Program Files/Unity/Hub/Editor/6000.5.1f1/Editor/Data/Managed/UnityEngine/UnityEditor.EditorToolbarModule.dll"
-r:"C:/Program Files/Unity/Hub/Editor/6000.5.1f1/Editor/Data/Managed/UnityEngine/UnityEditor.EmbreeModule.dll"
-r:"C:/Program Files/Unity/Hub/Editor/6000.5.1f1/Editor/Data/Managed/UnityEngine/UnityEditor.GIModule.dll"
-r:"C:/Program Files/Unity/Hub/Editor/6000.5.1f1/Editor/Data/Managed/UnityEngine/UnityEditor.GenericRemoteModule.dll"
-r:"C:/Program Files/Unity/Hub/Editor/6000.5.1f1/Editor/Data/Managed/UnityEngine/UnityEditor.GraphToolkitModule.dll"
-r:"C:/Program Files/Unity/Hub/Editor/6000.5.1f1/Editor/Data/Managed/UnityEngine/UnityEditor.GraphViewModule.dll"
-r:"C:/Program Files/Unity/Hub/Editor/6000.5.1f1/Editor/Data/Managed/UnityEngine/UnityEditor.GraphicsStateCollectionSerializerModule.dll"
-r:"C:/Program Files/Unity/Hub/Editor/6000.5.1f1/Editor/Data/Managed/UnityEngine/UnityEditor.GridAndSnapModule.dll"
-r:"C:/Program Files/Unity/Hub/Editor/6000.5.1f1/Editor/Data/Managed/UnityEngine/UnityEditor.GridModule.dll"
-r:"C:/Program Files/Unity/Hub/Editor/6000.5.1f1/Editor/Data/Managed/UnityEngine/UnityEditor.HierarchyModule.dll"
-r:"C:/Program Files/Unity/Hub/Editor/6000.5.1f1/Editor/Data/Managed/UnityEngine/UnityEditor.LightingModule.dll"
-r:"C:/Program Files/Unity/Hub/Editor/6000.5.1f1/Editor/Data/Managed/UnityEngine/UnityEditor.MathematicsModule.dll"
-r:"C:/Program Files/Unity/Hub/Editor/6000.5.1f1/Editor/Data/Managed/UnityEngine/UnityEditor.MediaModule.dll"
-r:"C:/Program Files/Unity/Hub/Editor/6000.5.1f1/Editor/Data/Managed/UnityEngine/UnityEditor.MultiplayerModule.dll"
-r:"C:/Program Files/Unity/Hub/Editor/6000.5.1f1/Editor/Data/Managed/UnityEngine/UnityEditor.Physics2DModule.dll"
-r:"C:/Program Files/Unity/Hub/Editor/6000.5.1f1/Editor/Data/Managed/UnityEngine/UnityEditor.PhysicsCore2DModule.dll"
-r:"C:/Program Files/Unity/Hub/Editor/6000.5.1f1/Editor/Data/Managed/UnityEngine/UnityEditor.PhysicsModule.dll"
-r:"C:/Program Files/Unity/Hub/Editor/6000.5.1f1/Editor/Data/Managed/UnityEngine/UnityEditor.PlayModeModule.dll"
-r:"C:/Program Files/Unity/Hub/Editor/6000.5.1f1/Editor/Data/Managed/UnityEngine/UnityEditor.PresetsUIModule.dll"
-r:"C:/Program Files/Unity/Hub/Editor/6000.5.1f1/Editor/Data/Managed/UnityEngine/UnityEditor.ProjectAuditorModule.dll"
-r:"C:/Program Files/Unity/Hub/Editor/6000.5.1f1/Editor/Data/Managed/UnityEngine/UnityEditor.PropertiesModule.dll"
-r:"C:/Program Files/Unity/Hub/Editor/6000.5.1f1/Editor/Data/Managed/UnityEngine/UnityEditor.QuickInstallModule.dll"
-r:"C:/Program Files/Unity/Hub/Editor/6000.5.1f1/Editor/Data/Managed/UnityEngine/UnityEditor.QuickSearchModule.dll"
-r:"C:/Program Files/Unity/Hub/Editor/6000.5.1f1/Editor/Data/Managed/UnityEngine/UnityEditor.SafeModeModule.dll"
-r:"C:/Program Files/Unity/Hub/Editor/6000.5.1f1/Editor/Data/Managed/UnityEngine/UnityEditor.SceneTemplateModule.dll"
-r:"C:/Program Files/Unity/Hub/Editor/6000.5.1f1/Editor/Data/Managed/UnityEngine/UnityEditor.SceneViewModule.dll"
-r:"C:/Program Files/Unity/Hub/Editor/6000.5.1f1/Editor/Data/Managed/UnityEngine/UnityEditor.ShaderBuildSettingsModule.dll"
-r:"C:/Program Files/Unity/Hub/Editor/6000.5.1f1/Editor/Data/Managed/UnityEngine/UnityEditor.ShaderCompilationModule.dll"
-r:"C:/Program Files/Unity/Hub/Editor/6000.5.1f1/Editor/Data/Managed/UnityEngine/UnityEditor.ShaderFoundryModule.dll"
-r:"C:/Program Files/Unity/Hub/Editor/6000.5.1f1/Editor/Data/Managed/UnityEngine/UnityEditor.SketchUpModule.dll"
-r:"C:/Program Files/Unity/Hub/Editor/6000.5.1f1/Editor/Data/Managed/UnityEngine/UnityEditor.SpriteMaskModule.dll"
-r:"C:/Program Files/Unity/Hub/Editor/6000.5.1f1/Editor/Data/Managed/UnityEngine/UnityEditor.SpriteShapeModule.dll"
-r:"C:/Program Files/Unity/Hub/Editor/6000.5.1f1/Editor/Data/Managed/UnityEngine/UnityEditor.SubstanceModule.dll"
-r:"C:/Program Files/Unity/Hub/Editor/6000.5.1f1/Editor/Data/Managed/UnityEngine/UnityEditor.TerrainModule.dll"
-r:"C:/Program Files/Unity/Hub/Editor/6000.5.1f1/Editor/Data/Managed/UnityEngine/UnityEditor.TextCoreFontEngineModule.dll"
-r:"C:/Program Files/Unity/Hub/Editor/6000.5.1f1/Editor/Data/Managed/UnityEngine/UnityEditor.TextCoreTextEngineModule.dll"
-r:"C:/Program Files/Unity/Hub/Editor/6000.5.1f1/Editor/Data/Managed/UnityEngine/UnityEditor.TextRenderingModule.dll"
-r:"C:/Program Files/Unity/Hub/Editor/6000.5.1f1/Editor/Data/Managed/UnityEngine/UnityEditor.TilemapModule.dll"
-r:"C:/Program Files/Unity/Hub/Editor/6000.5.1f1/Editor/Data/Managed/UnityEngine/UnityEditor.TreeModule.dll"
-r:"C:/Program Files/Unity/Hub/Editor/6000.5.1f1/Editor/Data/Managed/UnityEngine/UnityEditor.U2DModule.dll"
-r:"C:/Program Files/Unity/Hub/Editor/6000.5.1f1/Editor/Data/Managed/UnityEngine/UnityEditor.UIAutomationModule.dll"
-r:"C:/Program Files/Unity/Hub/Editor/6000.5.1f1/Editor/Data/Managed/UnityEngine/UnityEditor.UIBuilderModule.dll"
-r:"C:/Program Files/Unity/Hub/Editor/6000.5.1f1/Editor/Data/Managed/UnityEngine/UnityEditor.UIElementsModule.dll"
-r:"C:/Program Files/Unity/Hub/Editor/6000.5.1f1/Editor/Data/Managed/UnityEngine/UnityEditor.UIElementsSamplesModule.dll"
-r:"C:/Program Files/Unity/Hub/Editor/6000.5.1f1/Editor/Data/Managed/UnityEngine/UnityEditor.UIToolkitAuthoringModule.dll"
-r:"C:/Program Files/Unity/Hub/Editor/6000.5.1f1/Editor/Data/Managed/UnityEngine/UnityEditor.UmbraModule.dll"
-r:"C:/Program Files/Unity/Hub/Editor/6000.5.1f1/Editor/Data/Managed/UnityEngine/UnityEditor.UnityConnectModule.dll"
-r:"C:/Program Files/Unity/Hub/Editor/6000.5.1f1/Editor/Data/Managed/UnityEngine/UnityEditor.VFXModule.dll"
-r:"C:/Program Files/Unity/Hub/Editor/6000.5.1f1/Editor/Data/Managed/UnityEngine/UnityEditor.VectorGraphicsModule.dll"
-r:"C:/Program Files/Unity/Hub/Editor/6000.5.1f1/Editor/Data/Managed/UnityEngine/UnityEditor.VideoModule.dll"
-r:"C:/Program Files/Unity/Hub/Editor/6000.5.1f1/Editor/Data/Managed/UnityEngine/UnityEditor.XRModule.dll"
-r:"C:/Program Files/Unity/Hub/Editor/6000.5.1f1/Editor/Data/Managed/UnityEngine/UnityEditor.dll"
-r:"C:/Program Files/Unity/Hub/Editor/6000.5.1f1/Editor/Data/Managed/UnityEngine/UnityEngine.AIModule.dll"
-r:"C:/Program Files/Unity/Hub/Editor/6000.5.1f1/Editor/Data/Managed/UnityEngine/UnityEngine.ARModule.dll"
-r:"C:/Program Files/Unity/Hub/Editor/6000.5.1f1/Editor/Data/Managed/UnityEngine/UnityEngine.AccessibilityModule.dll"
-r:"C:/Program Files/Unity/Hub/Editor/6000.5.1f1/Editor/Data/Managed/UnityEngine/UnityEngine.AdaptivePerformanceModule.dll"
-r:"C:/Program Files/Unity/Hub/Editor/6000.5.1f1/Editor/Data/Managed/UnityEngine/UnityEngine.AndroidJNIModule.dll"
-r:"C:/Program Files/Unity/Hub/Editor/6000.5.1f1/Editor/Data/Managed/UnityEngine/UnityEngine.AnimationModule.dll"
-r:"C:/Program Files/Unity/Hub/Editor/6000.5.1f1/Editor/Data/Managed/UnityEngine/UnityEngine.AssetBundleModule.dll"
-r:"C:/Program Files/Unity/Hub/Editor/6000.5.1f1/Editor/Data/Managed/UnityEngine/UnityEngine.AudioModule.dll"
-r:"C:/Program Files/Unity/Hub/Editor/6000.5.1f1/Editor/Data/Managed/UnityEngine/UnityEngine.ClothModule.dll"
-r:"C:/Program Files/Unity/Hub/Editor/6000.5.1f1/Editor/Data/Managed/UnityEngine/UnityEngine.ClusterInputModule.dll"
-r:"C:/Program Files/Unity/Hub/Editor/6000.5.1f1/Editor/Data/Managed/UnityEngine/UnityEngine.ClusterRendererModule.dll"
-r:"C:/Program Files/Unity/Hub/Editor/6000.5.1f1/Editor/Data/Managed/UnityEngine/UnityEngine.ContentLoadModule.dll"
-r:"C:/Program Files/Unity/Hub/Editor/6000.5.1f1/Editor/Data/Managed/UnityEngine/UnityEngine.CoreModule.dll"
-r:"C:/Program Files/Unity/Hub/Editor/6000.5.1f1/Editor/Data/Managed/UnityEngine/UnityEngine.CrashReportingModule.dll"
-r:"C:/Program Files/Unity/Hub/Editor/6000.5.1f1/Editor/Data/Managed/UnityEngine/UnityEngine.DSPGraphModule.dll"
-r:"C:/Program Files/Unity/Hub/Editor/6000.5.1f1/Editor/Data/Managed/UnityEngine/UnityEngine.DirectorModule.dll"
-r:"C:/Program Files/Unity/Hub/Editor/6000.5.1f1/Editor/Data/Managed/UnityEngine/UnityEngine.GIModule.dll"
-r:"C:/Program Files/Unity/Hub/Editor/6000.5.1f1/Editor/Data/Managed/UnityEngine/UnityEngine.GameCenterModule.dll"
-r:"C:/Program Files/Unity/Hub/Editor/6000.5.1f1/Editor/Data/Managed/UnityEngine/UnityEngine.GraphicsStateCollectionSerializerModule.dll"
-r:"C:/Program Files/Unity/Hub/Editor/6000.5.1f1/Editor/Data/Managed/UnityEngine/UnityEngine.GridModule.dll"
-r:"C:/Program Files/Unity/Hub/Editor/6000.5.1f1/Editor/Data/Managed/UnityEngine/UnityEngine.HierarchyCoreModule.dll"
-r:"C:/Program Files/Unity/Hub/Editor/6000.5.1f1/Editor/Data/Managed/UnityEngine/UnityEngine.HotReloadModule.dll"
-r:"C:/Program Files/Unity/Hub/Editor/6000.5.1f1/Editor/Data/Managed/UnityEngine/UnityEngine.IMGUIModule.dll"
-r:"C:/Program Files/Unity/Hub/Editor/6000.5.1f1/Editor/Data/Managed/UnityEngine/UnityEngine.IdentifiersModule.dll"
-r:"C:/Program Files/Unity/Hub/Editor/6000.5.1f1/Editor/Data/Managed/UnityEngine/UnityEngine.ImageConversionModule.dll"
-r:"C:/Program Files/Unity/Hub/Editor/6000.5.1f1/Editor/Data/Managed/UnityEngine/UnityEngine.InputForUIModule.dll"
-r:"C:/Program Files/Unity/Hub/Editor/6000.5.1f1/Editor/Data/Managed/UnityEngine/UnityEngine.InputLegacyModule.dll"
-r:"C:/Program Files/Unity/Hub/Editor/6000.5.1f1/Editor/Data/Managed/UnityEngine/UnityEngine.InputModule.dll"
-r:"C:/Program Files/Unity/Hub/Editor/6000.5.1f1/Editor/Data/Managed/UnityEngine/UnityEngine.InsightsModule.dll"
-r:"C:/Program Files/Unity/Hub/Editor/6000.5.1f1/Editor/Data/Managed/UnityEngine/UnityEngine.JSONSerializeModule.dll"
-r:"C:/Program Files/Unity/Hub/Editor/6000.5.1f1/Editor/Data/Managed/UnityEngine/UnityEngine.LocalizationModule.dll"
-r:"C:/Program Files/Unity/Hub/Editor/6000.5.1f1/Editor/Data/Managed/UnityEngine/UnityEngine.MarshallingModule.dll"
-r:"C:/Program Files/Unity/Hub/Editor/6000.5.1f1/Editor/Data/Managed/UnityEngine/UnityEngine.MathematicsModule.dll"
-r:"C:/Program Files/Unity/Hub/Editor/6000.5.1f1/Editor/Data/Managed/UnityEngine/UnityEngine.MultiplayerModule.dll"
-r:"C:/Program Files/Unity/Hub/Editor/6000.5.1f1/Editor/Data/Managed/UnityEngine/UnityEngine.ParticleSystemModule.dll"
-r:"C:/Program Files/Unity/Hub/Editor/6000.5.1f1/Editor/Data/Managed/UnityEngine/UnityEngine.PerformanceReportingModule.dll"
-r:"C:/Program Files/Unity/Hub/Editor/6000.5.1f1/Editor/Data/Managed/UnityEngine/UnityEngine.Physics2DModule.dll"
-r:"C:/Program Files/Unity/Hub/Editor/6000.5.1f1/Editor/Data/Managed/UnityEngine/UnityEngine.PhysicsBackendPhysXModule.dll"
-r:"C:/Program Files/Unity/Hub/Editor/6000.5.1f1/Editor/Data/Managed/UnityEngine/UnityEngine.PhysicsCore2DModule.dll"
-r:"C:/Program Files/Unity/Hub/Editor/6000.5.1f1/Editor/Data/Managed/UnityEngine/UnityEngine.PhysicsModule.dll"
-r:"C:/Program Files/Unity/Hub/Editor/6000.5.1f1/Editor/Data/Managed/UnityEngine/UnityEngine.PropertiesModule.dll"
-r:"C:/Program Files/Unity/Hub/Editor/6000.5.1f1/Editor/Data/Managed/UnityEngine/UnityEngine.RenderAs2DModule.dll"
-r:"C:/Program Files/Unity/Hub/Editor/6000.5.1f1/Editor/Data/Managed/UnityEngine/UnityEngine.RuntimeInitializeOnLoadManagerInitializerModule.dll"
-r:"C:/Program Files/Unity/Hub/Editor/6000.5.1f1/Editor/Data/Managed/UnityEngine/UnityEngine.ScreenCaptureModule.dll"
-r:"C:/Program Files/Unity/Hub/Editor/6000.5.1f1/Editor/Data/Managed/UnityEngine/UnityEngine.ScriptingModule.dll"
-r:"C:/Program Files/Unity/Hub/Editor/6000.5.1f1/Editor/Data/Managed/UnityEngine/UnityEngine.ShaderVariantAnalyticsModule.dll"
-r:"C:/Program Files/Unity/Hub/Editor/6000.5.1f1/Editor/Data/Managed/UnityEngine/UnityEngine.SharedInternalsModule.dll"
-r:"C:/Program Files/Unity/Hub/Editor/6000.5.1f1/Editor/Data/Managed/UnityEngine/UnityEngine.SpriteMaskModule.dll"
-r:"C:/Program Files/Unity/Hub/Editor/6000.5.1f1/Editor/Data/Managed/UnityEngine/UnityEngine.SpriteShapeModule.dll"
-r:"C:/Program Files/Unity/Hub/Editor/6000.5.1f1/Editor/Data/Managed/UnityEngine/UnityEngine.StreamingModule.dll"
-r:"C:/Program Files/Unity/Hub/Editor/6000.5.1f1/Editor/Data/Managed/UnityEngine/UnityEngine.SubstanceModule.dll"
-r:"C:/Program Files/Unity/Hub/Editor/6000.5.1f1/Editor/Data/Managed/UnityEngine/UnityEngine.SubsystemsModule.dll"
-r:"C:/Program Files/Unity/Hub/Editor/6000.5.1f1/Editor/Data/Managed/UnityEngine/UnityEngine.TLSModule.dll"
-r:"C:/Program Files/Unity/Hub/Editor/6000.5.1f1/Editor/Data/Managed/UnityEngine/UnityEngine.TerrainModule.dll"
-r:"C:/Program Files/Unity/Hub/Editor/6000.5.1f1/Editor/Data/Managed/UnityEngine/UnityEngine.TerrainPhysicsModule.dll"
-r:"C:/Program Files/Unity/Hub/Editor/6000.5.1f1/Editor/Data/Managed/UnityEngine/UnityEngine.TextCoreFontEngineModule.dll"
-r:"C:/Program Files/Unity/Hub/Editor/6000.5.1f1/Editor/Data/Managed/UnityEngine/UnityEngine.TextCoreTextEngineModule.dll"
-r:"C:/Program Files/Unity/Hub/Editor/6000.5.1f1/Editor/Data/Managed/UnityEngine/UnityEngine.TextRenderingModule.dll"
-r:"C:/Program Files/Unity/Hub/Editor/6000.5.1f1/Editor/Data/Managed/UnityEngine/UnityEngine.TilemapModule.dll"
-r:"C:/Program Files/Unity/Hub/Editor/6000.5.1f1/Editor/Data/Managed/UnityEngine/UnityEngine.U2DRuntimeModule.dll"
-r:"C:/Program Files/Unity/Hub/Editor/6000.5.1f1/Editor/Data/Managed/UnityEngine/UnityEngine.UIElementsModule.dll"
-r:"C:/Program Files/Unity/Hub/Editor/6000.5.1f1/Editor/Data/Managed/UnityEngine/UnityEngine.UIModule.dll"
-r:"C:/Program Files/Unity/Hub/Editor/6000.5.1f1/Editor/Data/Managed/UnityEngine/UnityEngine.UmbraModule.dll"
-r:"C:/Program Files/Unity/Hub/Editor/6000.5.1f1/Editor/Data/Managed/UnityEngine/UnityEngine.UnityAnalyticsCommonModule.dll"
-r:"C:/Program Files/Unity/Hub/Editor/6000.5.1f1/Editor/Data/Managed/UnityEngine/UnityEngine.UnityAnalyticsModule.dll"
-r:"C:/Program Files/Unity/Hub/Editor/6000.5.1f1/Editor/Data/Managed/UnityEngine/UnityEngine.UnityConnectModule.dll"
-r:"C:/Program Files/Unity/Hub/Editor/6000.5.1f1/Editor/Data/Managed/UnityEngine/UnityEngine.UnityConsentModule.dll"
-r:"C:/Program Files/Unity/Hub/Editor/6000.5.1f1/Editor/Data/Managed/UnityEngine/UnityEngine.UnityCurlModule.dll"
-r:"C:/Program Files/Unity/Hub/Editor/6000.5.1f1/Editor/Data/Managed/UnityEngine/UnityEngine.UnityWebRequestAssetBundleModule.dll"
-r:"C:/Program Files/Unity/Hub/Editor/6000.5.1f1/Editor/Data/Managed/UnityEngine/UnityEngine.UnityWebRequestAudioModule.dll"
-r:"C:/Program Files/Unity/Hub/Editor/6000.5.1f1/Editor/Data/Managed/UnityEngine/UnityEngine.UnityWebRequestModule.dll"
-r:"C:/Program Files/Unity/Hub/Editor/6000.5.1f1/Editor/Data/Managed/UnityEngine/UnityEngine.UnityWebRequestTextureModule.dll"
-r:"C:/Program Files/Unity/Hub/Editor/6000.5.1f1/Editor/Data/Managed/UnityEngine/UnityEngine.UnityWebRequestWWWModule.dll"
-r:"C:/Program Files/Unity/Hub/Editor/6000.5.1f1/Editor/Data/Managed/UnityEngine/UnityEngine.VFXModule.dll"
-r:"C:/Program Files/Unity/Hub/Editor/6000.5.1f1/Editor/Data/Managed/UnityEngine/UnityEngine.VectorGraphicsModule.dll"
-r:"C:/Program Files/Unity/Hub/Editor/6000.5.1f1/Editor/Data/Managed/UnityEngine/UnityEngine.VehiclesModule.dll"
-r:"C:/Program Files/Unity/Hub/Editor/6000.5.1f1/Editor/Data/Managed/UnityEngine/UnityEngine.VideoModule.dll"
-r:"C:/Program Files/Unity/Hub/Editor/6000.5.1f1/Editor/Data/Managed/UnityEngine/UnityEngine.VirtualTexturingModule.dll"
-r:"C:/Program Files/Unity/Hub/Editor/6000.5.1f1/Editor/Data/Managed/UnityEngine/UnityEngine.WindModule.dll"
-r:"C:/Program Files/Unity/Hub/Editor/6000.5.1f1/Editor/Data/Managed/UnityEngine/UnityEngine.XRModule.dll"
-r:"C:/Program Files/Unity/Hub/Editor/6000.5.1f1/Editor/Data/Managed/UnityEngine/UnityEngine.dll"
-r:"C:/Program Files/Unity/Hub/Editor/6000.5.1f1/Editor/Data/NetStandard/Extensions/2.0.0/System.Runtime.InteropServices.WindowsRuntime.dll"
-r:"C:/Program Files/Unity/Hub/Editor/6000.5.1f1/Editor/Data/NetStandard/compat/2.1.0/shims/netfx/System.ComponentModel.Composition.dll"
-r:"C:/Program Files/Unity/Hub/Editor/6000.5.1f1/Editor/Data/NetStandard/compat/2.1.0/shims/netfx/System.Core.dll"
-r:"C:/Program Files/Unity/Hub/Editor/6000.5.1f1/Editor/Data/NetStandard/compat/2.1.0/shims/netfx/System.Data.dll"
-r:"C:/Program Files/Unity/Hub/Editor/6000.5.1f1/Editor/Data/NetStandard/compat/2.1.0/shims/netfx/System.Drawing.dll"
-r:"C:/Program Files/Unity/Hub/Editor/6000.5.1f1/Editor/Data/NetStandard/compat/2.1.0/shims/netfx/System.IO.Compression.FileSystem.dll"
-r:"C:/Program Files/Unity/Hub/Editor/6000.5.1f1/Editor/Data/NetStandard/compat/2.1.0/shims/netfx/System.Net.dll"
-r:"C:/Program Files/Unity/Hub/Editor/6000.5.1f1/Editor/Data/NetStandard/compat/2.1.0/shims/netfx/System.Numerics.dll"
-r:"C:/Program Files/Unity/Hub/Editor/6000.5.1f1/Editor/Data/NetStandard/compat/2.1.0/shims/netfx/System.Runtime.Serialization.dll"
-r:"C:/Program Files/Unity/Hub/Editor/6000.5.1f1/Editor/Data/NetStandard/compat/2.1.0/shims/netfx/System.ServiceModel.Web.dll"
-r:"C:/Program Files/Unity/Hub/Editor/6000.5.1f1/Editor/Data/NetStandard/compat/2.1.0/shims/netfx/System.Transactions.dll"
-r:"C:/Program Files/Unity/Hub/Editor/6000.5.1f1/Editor/Data/NetStandard/compat/2.1.0/shims/netfx/System.Web.dll"
-r:"C:/Program Files/Unity/Hub/Editor/6000.5.1f1/Editor/Data/NetStandard/compat/2.1.0/shims/netfx/System.Windows.dll"
-r:"C:/Program Files/Unity/Hub/Editor/6000.5.1f1/Editor/Data/NetStandard/compat/2.1.0/shims/netfx/System.Xml.Linq.dll"
-r:"C:/Program Files/Unity/Hub/Editor/6000.5.1f1/Editor/Data/NetStandard/compat/2.1.0/shims/netfx/System.Xml.Serialization.dll"
-r:"C:/Program Files/Unity/Hub/Editor/6000.5.1f1/Editor/Data/NetStandard/compat/2.1.0/shims/netfx/System.Xml.dll"
-r:"C:/Program Files/Unity/Hub/Editor/6000.5.1f1/Editor/Data/NetStandard/compat/2.1.0/shims/netfx/System.dll"
-r:"C:/Program Files/Unity/Hub/Editor/6000.5.1f1/Editor/Data/NetStandard/compat/2.1.0/shims/netfx/mscorlib.dll"
-r:"C:/Program Files/Unity/Hub/Editor/6000.5.1f1/Editor/Data/NetStandard/compat/2.1.0/shims/netstandard/Microsoft.Win32.Primitives.dll"
-r:"C:/Program Files/Unity/Hub/Editor/6000.5.1f1/Editor/Data/NetStandard/compat/2.1.0/shims/netstandard/System.AppContext.dll"
-r:"C:/Program Files/Unity/Hub/Editor/6000.5.1f1/Editor/Data/NetStandard/compat/2.1.0/shims/netstandard/System.Buffers.dll"
-r:"C:/Program Files/Unity/Hub/Editor/6000.5.1f1/Editor/Data/NetStandard/compat/2.1.0/shims/netstandard/System.Collections.Concurrent.dll"
-r:"C:/Program Files/Unity/Hub/Editor/6000.5.1f1/Editor/Data/NetStandard/compat/2.1.0/shims/netstandard/System.Collections.NonGeneric.dll"
-r:"C:/Program Files/Unity/Hub/Editor/6000.5.1f1/Editor/Data/NetStandard/compat/2.1.0/shims/netstandard/System.Collections.Specialized.dll"
-r:"C:/Program Files/Unity/Hub/Editor/6000.5.1f1/Editor/Data/NetStandard/compat/2.1.0/shims/netstandard/System.Collections.dll"
-r:"C:/Program Files/Unity/Hub/Editor/6000.5.1f1/Editor/Data/NetStandard/compat/2.1.0/shims/netstandard/System.ComponentModel.EventBasedAsync.dll"
-r:"C:/Program Files/Unity/Hub/Editor/6000.5.1f1/Editor/Data/NetStandard/compat/2.1.0/shims/netstandard/System.ComponentModel.Primitives.dll"
-r:"C:/Program Files/Unity/Hub/Editor/6000.5.1f1/Editor/Data/NetStandard/compat/2.1.0/shims/netstandard/System.ComponentModel.TypeConverter.dll"
-r:"C:/Program Files/Unity/Hub/Editor/6000.5.1f1/Editor/Data/NetStandard/compat/2.1.0/shims/netstandard/System.ComponentModel.dll"
-r:"C:/Program Files/Unity/Hub/Editor/6000.5.1f1/Editor/Data/NetStandard/compat/2.1.0/shims/netstandard/System.Console.dll"
-r:"C:/Program Files/Unity/Hub/Editor/6000.5.1f1/Editor/Data/NetStandard/compat/2.1.0/shims/netstandard/System.Data.Common.dll"
-r:"C:/Program Files/Unity/Hub/Editor/6000.5.1f1/Editor/Data/NetStandard/compat/2.1.0/shims/netstandard/System.Diagnostics.Contracts.dll"
-r:"C:/Program Files/Unity/Hub/Editor/6000.5.1f1/Editor/Data/NetStandard/compat/2.1.0/shims/netstandard/System.Diagnostics.Debug.dll"
-r:"C:/Program Files/Unity/Hub/Editor/6000.5.1f1/Editor/Data/NetStandard/compat/2.1.0/shims/netstandard/System.Diagnostics.FileVersionInfo.dll"
-r:"C:/Program Files/Unity/Hub/Editor/6000.5.1f1/Editor/Data/NetStandard/compat/2.1.0/shims/netstandard/System.Diagnostics.Process.dll"
-r:"C:/Program Files/Unity/Hub/Editor/6000.5.1f1/Editor/Data/NetStandard/compat/2.1.0/shims/netstandard/System.Diagnostics.StackTrace.dll"
-r:"C:/Program Files/Unity/Hub/Editor/6000.5.1f1/Editor/Data/NetStandard/compat/2.1.0/shims/netstandard/System.Diagnostics.TextWriterTraceListener.dll"
-r:"C:/Program Files/Unity/Hub/Editor/6000.5.1f1/Editor/Data/NetStandard/compat/2.1.0/shims/netstandard/System.Diagnostics.Tools.dll"
-r:"C:/Program Files/Unity/Hub/Editor/6000.5.1f1/Editor/Data/NetStandard/compat/2.1.0/shims/netstandard/System.Diagnostics.TraceSource.dll"
-r:"C:/Program Files/Unity/Hub/Editor/6000.5.1f1/Editor/Data/NetStandard/compat/2.1.0/shims/netstandard/System.Diagnostics.Tracing.dll"
-r:"C:/Program Files/Unity/Hub/Editor/6000.5.1f1/Editor/Data/NetStandard/compat/2.1.0/shims/netstandard/System.Drawing.Primitives.dll"
-r:"C:/Program Files/Unity/Hub/Editor/6000.5.1f1/Editor/Data/NetStandard/compat/2.1.0/shims/netstandard/System.Dynamic.Runtime.dll"
-r:"C:/Program Files/Unity/Hub/Editor/6000.5.1f1/Editor/Data/NetStandard/compat/2.1.0/shims/netstandard/System.Globalization.Calendars.dll"
-r:"C:/Program Files/Unity/Hub/Editor/6000.5.1f1/Editor/Data/NetStandard/compat/2.1.0/shims/netstandard/System.Globalization.Extensions.dll"
-r:"C:/Program Files/Unity/Hub/Editor/6000.5.1f1/Editor/Data/NetStandard/compat/2.1.0/shims/netstandard/System.Globalization.dll"
-r:"C:/Program Files/Unity/Hub/Editor/6000.5.1f1/Editor/Data/NetStandard/compat/2.1.0/shims/netstandard/System.IO.Compression.ZipFile.dll"
-r:"C:/Program Files/Unity/Hub/Editor/6000.5.1f1/Editor/Data/NetStandard/compat/2.1.0/shims/netstandard/System.IO.Compression.dll"
-r:"C:/Program Files/Unity/Hub/Editor/6000.5.1f1/Editor/Data/NetStandard/compat/2.1.0/shims/netstandard/System.IO.FileSystem.DriveInfo.dll"
-r:"C:/Program Files/Unity/Hub/Editor/6000.5.1f1/Editor/Data/NetStandard/compat/2.1.0/shims/netstandard/System.IO.FileSystem.Primitives.dll"
-r:"C:/Program Files/Unity/Hub/Editor/6000.5.1f1/Editor/Data/NetStandard/compat/2.1.0/shims/netstandard/System.IO.FileSystem.Watcher.dll"
-r:"C:/Program Files/Unity/Hub/Editor/6000.5.1f1/Editor/Data/NetStandard/compat/2.1.0/shims/netstandard/System.IO.FileSystem.dll"
-r:"C:/Program Files/Unity/Hub/Editor/6000.5.1f1/Editor/Data/NetStandard/compat/2.1.0/shims/netstandard/System.IO.IsolatedStorage.dll"
-r:"C:/Program Files/Unity/Hub/Editor/6000.5.1f1/Editor/Data/NetStandard/compat/2.1.0/shims/netstandard/System.IO.MemoryMappedFiles.dll"
-r:"C:/Program Files/Unity/Hub/Editor/6000.5.1f1/Editor/Data/NetStandard/compat/2.1.0/shims/netstandard/System.IO.Pipes.dll"
-r:"C:/Program Files/Unity/Hub/Editor/6000.5.1f1/Editor/Data/NetStandard/compat/2.1.0/shims/netstandard/System.IO.UnmanagedMemoryStream.dll"
-r:"C:/Program Files/Unity/Hub/Editor/6000.5.1f1/Editor/Data/NetStandard/compat/2.1.0/shims/netstandard/System.IO.dll"
-r:"C:/Program Files/Unity/Hub/Editor/6000.5.1f1/Editor/Data/NetStandard/compat/2.1.0/shims/netstandard/System.Linq.Expressions.dll"
-r:"C:/Program Files/Unity/Hub/Editor/6000.5.1f1/Editor/Data/NetStandard/compat/2.1.0/shims/netstandard/System.Linq.Parallel.dll"
-r:"C:/Program Files/Unity/Hub/Editor/6000.5.1f1/Editor/Data/NetStandard/compat/2.1.0/shims/netstandard/System.Linq.Queryable.dll"
-r:"C:/Program Files/Unity/Hub/Editor/6000.5.1f1/Editor/Data/NetStandard/compat/2.1.0/shims/netstandard/System.Linq.dll"
-r:"C:/Program Files/Unity/Hub/Editor/6000.5.1f1/Editor/Data/NetStandard/compat/2.1.0/shims/netstandard/System.Memory.dll"
-r:"C:/Program Files/Unity/Hub/Editor/6000.5.1f1/Editor/Data/NetStandard/compat/2.1.0/shims/netstandard/System.Net.Http.dll"
-r:"C:/Program Files/Unity/Hub/Editor/6000.5.1f1/Editor/Data/NetStandard/compat/2.1.0/shims/netstandard/System.Net.NameResolution.dll"
-r:"C:/Program Files/Unity/Hub/Editor/6000.5.1f1/Editor/Data/NetStandard/compat/2.1.0/shims/netstandard/System.Net.NetworkInformation.dll"
-r:"C:/Program Files/Unity/Hub/Editor/6000.5.1f1/Editor/Data/NetStandard/compat/2.1.0/shims/netstandard/System.Net.Ping.dll"
-r:"C:/Program Files/Unity/Hub/Editor/6000.5.1f1/Editor/Data/NetStandard/compat/2.1.0/shims/netstandard/System.Net.Primitives.dll"
-r:"C:/Program Files/Unity/Hub/Editor/6000.5.1f1/Editor/Data/NetStandard/compat/2.1.0/shims/netstandard/System.Net.Requests.dll"
-r:"C:/Program Files/Unity/Hub/Editor/6000.5.1f1/Editor/Data/NetStandard/compat/2.1.0/shims/netstandard/System.Net.Security.dll"
-r:"C:/Program Files/Unity/Hub/Editor/6000.5.1f1/Editor/Data/NetStandard/compat/2.1.0/shims/netstandard/System.Net.Sockets.dll"
-r:"C:/Program Files/Unity/Hub/Editor/6000.5.1f1/Editor/Data/NetStandard/compat/2.1.0/shims/netstandard/System.Net.WebHeaderCollection.dll"
-r:"C:/Program Files/Unity/Hub/Editor/6000.5.1f1/Editor/Data/NetStandard/compat/2.1.0/shims/netstandard/System.Net.WebSockets.Client.dll"
-r:"C:/Program Files/Unity/Hub/Editor/6000.5.1f1/Editor/Data/NetStandard/compat/2.1.0/shims/netstandard/System.Net.WebSockets.dll"
-r:"C:/Program Files/Unity/Hub/Editor/6000.5.1f1/Editor/Data/NetStandard/compat/2.1.0/shims/netstandard/System.Numerics.Vectors.dll"
-r:"C:/Program Files/Unity/Hub/Editor/6000.5.1f1/Editor/Data/NetStandard/compat/2.1.0/shims/netstandard/System.ObjectModel.dll"
-r:"C:/Program Files/Unity/Hub/Editor/6000.5.1f1/Editor/Data/NetStandard/compat/2.1.0/shims/netstandard/System.Reflection.DispatchProxy.dll"
-r:"C:/Program Files/Unity/Hub/Editor/6000.5.1f1/Editor/Data/NetStandard/compat/2.1.0/shims/netstandard/System.Reflection.Emit.ILGeneration.dll"
-r:"C:/Program Files/Unity/Hub/Editor/6000.5.1f1/Editor/Data/NetStandard/compat/2.1.0/shims/netstandard/System.Reflection.Emit.Lightweight.dll"
-r:"C:/Program Files/Unity/Hub/Editor/6000.5.1f1/Editor/Data/NetStandard/compat/2.1.0/shims/netstandard/System.Reflection.Emit.dll"
-r:"C:/Program Files/Unity/Hub/Editor/6000.5.1f1/Editor/Data/NetStandard/compat/2.1.0/shims/netstandard/System.Reflection.Extensions.dll"
-r:"C:/Program Files/Unity/Hub/Editor/6000.5.1f1/Editor/Data/NetStandard/compat/2.1.0/shims/netstandard/System.Reflection.Primitives.dll"
-r:"C:/Program Files/Unity/Hub/Editor/6000.5.1f1/Editor/Data/NetStandard/compat/2.1.0/shims/netstandard/System.Reflection.dll"
-r:"C:/Program Files/Unity/Hub/Editor/6000.5.1f1/Editor/Data/NetStandard/compat/2.1.0/shims/netstandard/System.Resources.Reader.dll"
-r:"C:/Program Files/Unity/Hub/Editor/6000.5.1f1/Editor/Data/NetStandard/compat/2.1.0/shims/netstandard/System.Resources.ResourceManager.dll"
-r:"C:/Program Files/Unity/Hub/Editor/6000.5.1f1/Editor/Data/NetStandard/compat/2.1.0/shims/netstandard/System.Resources.Writer.dll"
-r:"C:/Program Files/Unity/Hub/Editor/6000.5.1f1/Editor/Data/NetStandard/compat/2.1.0/shims/netstandard/System.Runtime.CompilerServices.VisualC.dll"
-r:"C:/Program Files/Unity/Hub/Editor/6000.5.1f1/Editor/Data/NetStandard/compat/2.1.0/shims/netstandard/System.Runtime.Extensions.dll"
-r:"C:/Program Files/Unity/Hub/Editor/6000.5.1f1/Editor/Data/NetStandard/compat/2.1.0/shims/netstandard/System.Runtime.Handles.dll"
-r:"C:/Program Files/Unity/Hub/Editor/6000.5.1f1/Editor/Data/NetStandard/compat/2.1.0/shims/netstandard/System.Runtime.InteropServices.RuntimeInformation.dll"
-r:"C:/Program Files/Unity/Hub/Editor/6000.5.1f1/Editor/Data/NetStandard/compat/2.1.0/shims/netstandard/System.Runtime.InteropServices.dll"
-r:"C:/Program Files/Unity/Hub/Editor/6000.5.1f1/Editor/Data/NetStandard/compat/2.1.0/shims/netstandard/System.Runtime.Numerics.dll"
-r:"C:/Program Files/Unity/Hub/Editor/6000.5.1f1/Editor/Data/NetStandard/compat/2.1.0/shims/netstandard/System.Runtime.Serialization.Formatters.dll"
-r:"C:/Program Files/Unity/Hub/Editor/6000.5.1f1/Editor/Data/NetStandard/compat/2.1.0/shims/netstandard/System.Runtime.Serialization.Json.dll"
-r:"C:/Program Files/Unity/Hub/Editor/6000.5.1f1/Editor/Data/NetStandard/compat/2.1.0/shims/netstandard/System.Runtime.Serialization.Primitives.dll"
-r:"C:/Program Files/Unity/Hub/Editor/6000.5.1f1/Editor/Data/NetStandard/compat/2.1.0/shims/netstandard/System.Runtime.Serialization.Xml.dll"
-r:"C:/Program Files/Unity/Hub/Editor/6000.5.1f1/Editor/Data/NetStandard/compat/2.1.0/shims/netstandard/System.Runtime.dll"
-r:"C:/Program Files/Unity/Hub/Editor/6000.5.1f1/Editor/Data/NetStandard/compat/2.1.0/shims/netstandard/System.Security.Claims.dll"
-r:"C:/Program Files/Unity/Hub/Editor/6000.5.1f1/Editor/Data/NetStandard/compat/2.1.0/shims/netstandard/System.Security.Cryptography.Algorithms.dll"
-r:"C:/Program Files/Unity/Hub/Editor/6000.5.1f1/Editor/Data/NetStandard/compat/2.1.0/shims/netstandard/System.Security.Cryptography.Csp.dll"
-r:"C:/Program Files/Unity/Hub/Editor/6000.5.1f1/Editor/Data/NetStandard/compat/2.1.0/shims/netstandard/System.Security.Cryptography.Encoding.dll"
-r:"C:/Program Files/Unity/Hub/Editor/6000.5.1f1/Editor/Data/NetStandard/compat/2.1.0/shims/netstandard/System.Security.Cryptography.Primitives.dll"
-r:"C:/Program Files/Unity/Hub/Editor/6000.5.1f1/Editor/Data/NetStandard/compat/2.1.0/shims/netstandard/System.Security.Cryptography.X509Certificates.dll"
-r:"C:/Program Files/Unity/Hub/Editor/6000.5.1f1/Editor/Data/NetStandard/compat/2.1.0/shims/netstandard/System.Security.Principal.dll"
-r:"C:/Program Files/Unity/Hub/Editor/6000.5.1f1/Editor/Data/NetStandard/compat/2.1.0/shims/netstandard/System.Security.SecureString.dll"
-r:"C:/Program Files/Unity/Hub/Editor/6000.5.1f1/Editor/Data/NetStandard/compat/2.1.0/shims/netstandard/System.Text.Encoding.Extensions.dll"
-r:"C:/Program Files/Unity/Hub/Editor/6000.5.1f1/Editor/Data/NetStandard/compat/2.1.0/shims/netstandard/System.Text.Encoding.dll"
-r:"C:/Program Files/Unity/Hub/Editor/6000.5.1f1/Editor/Data/NetStandard/compat/2.1.0/shims/netstandard/System.Text.RegularExpressions.dll"
-r:"C:/Program Files/Unity/Hub/Editor/6000.5.1f1/Editor/Data/NetStandard/compat/2.1.0/shims/netstandard/System.Threading.Overlapped.dll"
-r:"C:/Program Files/Unity/Hub/Editor/6000.5.1f1/Editor/Data/NetStandard/compat/2.1.0/shims/netstandard/System.Threading.Tasks.Extensions.dll"
-r:"C:/Program Files/Unity/Hub/Editor/6000.5.1f1/Editor/Data/NetStandard/compat/2.1.0/shims/netstandard/System.Threading.Tasks.Parallel.dll"
-r:"C:/Program Files/Unity/Hub/Editor/6000.5.1f1/Editor/Data/NetStandard/compat/2.1.0/shims/netstandard/System.Threading.Tasks.dll"
-r:"C:/Program Files/Unity/Hub/Editor/6000.5.1f1/Editor/Data/NetStandard/compat/2.1.0/shims/netstandard/System.Threading.Thread.dll"
-r:"C:/Program Files/Unity/Hub/Editor/6000.5.1f1/Editor/Data/NetStandard/compat/2.1.0/shims/netstandard/System.Threading.ThreadPool.dll"
-r:"C:/Program Files/Unity/Hub/Editor/6000.5.1f1/Editor/Data/NetStandard/compat/2.1.0/shims/netstandard/System.Threading.Timer.dll"
-r:"C:/Program Files/Unity/Hub/Editor/6000.5.1f1/Editor/Data/NetStandard/compat/2.1.0/shims/netstandard/System.Threading.dll"
-r:"C:/Program Files/Unity/Hub/Editor/6000.5.1f1/Editor/Data/NetStandard/compat/2.1.0/shims/netstandard/System.ValueTuple.dll"
-r:"C:/Program Files/Unity/Hub/Editor/6000.5.1f1/Editor/Data/NetStandard/compat/2.1.0/shims/netstandard/System.Xml.ReaderWriter.dll"
-r:"C:/Program Files/Unity/Hub/Editor/6000.5.1f1/Editor/Data/NetStandard/compat/2.1.0/shims/netstandard/System.Xml.XDocument.dll"
-r:"C:/Program Files/Unity/Hub/Editor/6000.5.1f1/Editor/Data/NetStandard/compat/2.1.0/shims/netstandard/System.Xml.XPath.XDocument.dll"
-r:"C:/Program Files/Unity/Hub/Editor/6000.5.1f1/Editor/Data/NetStandard/compat/2.1.0/shims/netstandard/System.Xml.XPath.dll"
-r:"C:/Program Files/Unity/Hub/Editor/6000.5.1f1/Editor/Data/NetStandard/compat/2.1.0/shims/netstandard/System.Xml.XmlDocument.dll"
-r:"C:/Program Files/Unity/Hub/Editor/6000.5.1f1/Editor/Data/NetStandard/compat/2.1.0/shims/netstandard/System.Xml.XmlSerializer.dll"
-r:"C:/Program Files/Unity/Hub/Editor/6000.5.1f1/Editor/Data/NetStandard/ref/2.1.0/netstandard.dll"
-r:"Library/PackageCache/com.unity.collections@a43cabe808ca/Unity.Collections.LowLevel.ILSupport/Unity.Collections.LowLevel.ILSupport.dll"
-r:"Library/PackageCache/com.unity.ext.nunit@44f7d31723bd/net472/unity-custom/nunit.framework.dll"
-r:"Library/PackageCache/com.unity.nuget.mono-cecil@ecb9724e46ff/Mono.Cecil.dll"
-r:"Library/PackageCache/com.unity.visualscripting@8bed5ad90189/Runtime/VisualScripting.Flow/Dependencies/NCalc/Unity.VisualScripting.Antlr3.Runtime.dll"
-r:"Library/Bee/artifacts/1900b0aE.dag/Unity.2D.Sprite.Editor.ref.dll"
-r:"Library/Bee/artifacts/1900b0aE.dag/Unity.AI.Navigation.Editor.ConversionSystem.ref.dll"
-r:"Library/Bee/artifacts/1900b0aE.dag/Unity.AI.Navigation.Editor.ref.dll"
-r:"Library/Bee/artifacts/1900b0aE.dag/Unity.AI.Navigation.ref.dll"
-r:"Library/Bee/artifacts/1900b0aE.dag/Unity.AI.Navigation.Updater.ref.dll"
-r:"Library/Bee/artifacts/1900b0aE.dag/Unity.Burst.Editor.ref.dll"
-r:"Library/Bee/artifacts/1900b0aE.dag/Unity.Burst.ref.dll"
-r:"Library/Bee/artifacts/1900b0aE.dag/Unity.Collections.Editor.ref.dll"
-r:"Library/Bee/artifacts/1900b0aE.dag/Unity.Collections.ref.dll"
-r:"Library/Bee/artifacts/1900b0aE.dag/Unity.InputSystem.ForUI.ref.dll"
-r:"Library/Bee/artifacts/1900b0aE.dag/Unity.InputSystem.ref.dll"
-r:"Library/Bee/artifacts/1900b0aE.dag/Unity.InternalAPIEditorBridge.ShaderGraph.Editor.ref.dll"
-r:"Library/Bee/artifacts/1900b0aE.dag/Unity.InternalAPIEngineBridge.004.ref.dll"
-r:"Library/Bee/artifacts/1900b0aE.dag/Unity.InternalAPIEngineBridge.RenderPipelines.Core.Editor.ref.dll"
-r:"Library/Bee/artifacts/1900b0aE.dag/Unity.InternalAPIEngineBridge.RenderPipelines.Core.Runtime.Shared.ref.dll"
-r:"Library/Bee/artifacts/1900b0aE.dag/Unity.Mathematics.ref.dll"
-r:"Library/Bee/artifacts/1900b0aE.dag/Unity.Multiplayer.Center.Common.ref.dll"
-r:"Library/Bee/artifacts/1900b0aE.dag/Unity.Multiplayer.Center.Editor.ref.dll"
-r:"Library/Bee/artifacts/1900b0aE.dag/Unity.PathTracing.Editor.ref.dll"
-r:"Library/Bee/artifacts/1900b0aE.dag/Unity.PathTracing.Runtime.ref.dll"
-r:"Library/Bee/artifacts/1900b0aE.dag/Unity.PlasticSCM.Editor.ref.dll"
-r:"Library/Bee/artifacts/1900b0aE.dag/Unity.Rendering.LightTransport.Editor.ref.dll"
-r:"Library/Bee/artifacts/1900b0aE.dag/Unity.RenderPipeline.Universal.ShaderLibrary.ref.dll"
-r:"Library/Bee/artifacts/1900b0aE.dag/Unity.RenderPipelines.Core.Editor.ref.dll"
-r:"Library/Bee/artifacts/1900b0aE.dag/Unity.RenderPipelines.Core.Editor.Shared.ref.dll"
-r:"Library/Bee/artifacts/1900b0aE.dag/Unity.RenderPipelines.Core.Runtime.ref.dll"
-r:"Library/Bee/artifacts/1900b0aE.dag/Unity.RenderPipelines.Core.Runtime.Shared.ref.dll"
-r:"Library/Bee/artifacts/1900b0aE.dag/Unity.RenderPipelines.Core.ShaderLibrary.ref.dll"
-r:"Library/Bee/artifacts/1900b0aE.dag/Unity.RenderPipelines.GPUDriven.Runtime.ref.dll"
-r:"Library/Bee/artifacts/1900b0aE.dag/Unity.RenderPipelines.ShaderGraph.ShaderGraphLibrary.ref.dll"
-r:"Library/Bee/artifacts/1900b0aE.dag/Unity.RenderPipelines.Universal.2D.Editor.Overrides.ref.dll"
-r:"Library/Bee/artifacts/1900b0aE.dag/Unity.RenderPipelines.Universal.2D.Runtime.ref.dll"
-r:"Library/Bee/artifacts/1900b0aE.dag/Unity.RenderPipelines.Universal.Config.Runtime.ref.dll"
-r:"Library/Bee/artifacts/1900b0aE.dag/Unity.RenderPipelines.Universal.Editor.ref.dll"
-r:"Library/Bee/artifacts/1900b0aE.dag/Unity.RenderPipelines.Universal.Runtime.ref.dll"
-r:"Library/Bee/artifacts/1900b0aE.dag/Unity.RenderPipelines.Universal.Shaders.ref.dll"
-r:"Library/Bee/artifacts/1900b0aE.dag/Unity.Rider.Editor.ref.dll"
-r:"Library/Bee/artifacts/1900b0aE.dag/Unity.Searcher.Editor.ref.dll"
-r:"Library/Bee/artifacts/1900b0aE.dag/Unity.ShaderGraph.Editor.ref.dll"
-r:"Library/Bee/artifacts/1900b0aE.dag/Unity.SurfaceCache.Runtime.ref.dll"
-r:"Library/Bee/artifacts/1900b0aE.dag/Unity.TextMeshPro.Editor.ref.dll"
-r:"Library/Bee/artifacts/1900b0aE.dag/Unity.TextMeshPro.ref.dll"
-r:"Library/Bee/artifacts/1900b0aE.dag/Unity.Timeline.Editor.ref.dll"
-r:"Library/Bee/artifacts/1900b0aE.dag/Unity.Timeline.ref.dll"
-r:"Library/Bee/artifacts/1900b0aE.dag/Unity.UnifiedRayTracing.Runtime.ref.dll"
-r:"Library/Bee/artifacts/1900b0aE.dag/Unity.VisualScripting.Core.Editor.ref.dll"
-r:"Library/Bee/artifacts/1900b0aE.dag/Unity.VisualScripting.Core.ref.dll"
-r:"Library/Bee/artifacts/1900b0aE.dag/Unity.VisualScripting.Flow.Editor.ref.dll"
-r:"Library/Bee/artifacts/1900b0aE.dag/Unity.VisualScripting.Flow.ref.dll"
-r:"Library/Bee/artifacts/1900b0aE.dag/Unity.VisualScripting.SettingsProvider.Editor.ref.dll"
-r:"Library/Bee/artifacts/1900b0aE.dag/Unity.VisualScripting.Shared.Editor.ref.dll"
-r:"Library/Bee/artifacts/1900b0aE.dag/Unity.VisualScripting.State.Editor.ref.dll"
-r:"Library/Bee/artifacts/1900b0aE.dag/Unity.VisualScripting.State.ref.dll"
-r:"Library/Bee/artifacts/1900b0aE.dag/Unity.VisualStudio.Editor.ref.dll"
-r:"Library/Bee/artifacts/1900b0aE.dag/UnityEditor.UI.Analytics.ref.dll"
-r:"Library/Bee/artifacts/1900b0aE.dag/UnityEditor.UI.ref.dll"
-r:"Library/Bee/artifacts/1900b0aE.dag/UnityEngine.UI.ref.dll"
-analyzer:"C:/Program Files/Unity/Hub/Editor/6000.5.1f1/Editor/Data/BCLExtensions/TargetingPacks/netstandard2.1/analyzers/dotnet/roslyn4.0/cs/Microsoft.Extensions.Logging.Generators.dll"
-analyzer:"C:/Program Files/Unity/Hub/Editor/6000.5.1f1/Editor/Data/BCLExtensions/TargetingPacks/netstandard2.1/analyzers/dotnet/roslyn4.0/cs/System.Text.Json.SourceGeneration.dll"
-analyzer:"C:/Program Files/Unity/Hub/Editor/6000.5.1f1/Editor/Data/Tools/BuildPipeline/Unity.Analyzers.Common/Unity.Analyzers.Common.dll"
-analyzer:"C:/Program Files/Unity/Hub/Editor/6000.5.1f1/Editor/Data/Tools/BuildPipeline/Unity.Analyzers.LongLiving/Unity.Analyzers.LongLiving.dll"
-analyzer:"C:/Program Files/Unity/Hub/Editor/6000.5.1f1/Editor/Data/Tools/BuildPipeline/Unity.SourceGenerators/Unity.Properties.SourceGenerator.dll"
-analyzer:"C:/Program Files/Unity/Hub/Editor/6000.5.1f1/Editor/Data/Tools/BuildPipeline/Unity.SourceGenerators/Unity.SourceGenerators.dll"
-analyzer:"C:/Program Files/Unity/Hub/Editor/6000.5.1f1/Editor/Data/Tools/BuildPipeline/Unity.SourceGenerators/Unity.UIToolkit.SourceGenerator.dll"
"Assets/Billboard.cs"
"Assets/DungeonCore3D.cs"
"Assets/Scripts/Build/NewEmptyCSharpScript.cs"
"Assets/Scripts/Builder/BuildManager.cs"
"Assets/Scripts/Builder/BuileMode.cs"
"Assets/Scripts/Builder/PlaceableObject.cs"
"Assets/Scripts/Builder/TileSelector.cs"
"Assets/Scripts/Enemy/AdventureData.cs"
"Assets/Scripts/Enemy/Monster.cs"
"Assets/Scripts/Enemy/instruderNavMesh.cs"
"Assets/Scripts/Grid/GridManager.cs"
"Assets/Scripts/Grid/Tile.cs"
"Assets/Scripts/Grid/TileType.cs"
"Assets/Scripts/Managers/CameraController.cs"
"Assets/Scripts/Managers/EnemySpawner..cs"
"Assets/Scripts/Managers/GameManager.cs"
"Assets/Scripts/Managers/Highlightable.cs"
"Assets/Scripts/Managers/PreviewManager.cs"
"Assets/Scripts/Managers/ReadyButtonController.cs"
"Assets/Scripts/Managers/WaveManager.cs"
"Assets/Scripts/UI/BuildMenuUI.cs"
"Assets/Scripts/UI/ChangeMenuUI.cs"
"Assets/Scripts/UI/GameStartManager.cs"
"Assets/Scripts/UI/MonsterMenuUI.cs"
"Assets/TextMesh Pro/Examples & Extras/Scripts/Benchmark01.cs"
"Assets/TextMesh Pro/Examples & Extras/Scripts/Benchmark01_UGUI.cs"
"Assets/TextMesh Pro/Examples & Extras/Scripts/Benchmark02.cs"
"Assets/TextMesh Pro/Examples & Extras/Scripts/Benchmark03.cs"
"Assets/TextMesh Pro/Examples & Extras/Scripts/Benchmark04.cs"
"Assets/TextMesh Pro/Examples & Extras/Scripts/CameraController.cs"
"Assets/TextMesh Pro/Examples & Extras/Scripts/ChatController.cs"
"Assets/TextMesh Pro/Examples & Extras/Scripts/DropdownSample.cs"
"Assets/TextMesh Pro/Examples & Extras/Scripts/EnvMapAnimator.cs"
"Assets/TextMesh Pro/Examples & Extras/Scripts/ObjectSpin.cs"
"Assets/TextMesh Pro/Examples & Extras/Scripts/ShaderPropAnimator.cs"
"Assets/TextMesh Pro/Examples & Extras/Scripts/SimpleScript.cs"
"Assets/TextMesh Pro/Examples & Extras/Scripts/SkewTextExample.cs"
"Assets/TextMesh Pro/Examples & Extras/Scripts/TMP_DigitValidator.cs"
"Assets/TextMesh Pro/Examples & Extras/Scripts/TMP_ExampleScript_01.cs"
"Assets/TextMesh Pro/Examples & Extras/Scripts/TMP_FrameRateCounter.cs"
"Assets/TextMesh Pro/Examples & Extras/Scripts/TMP_PhoneNumberValidator.cs"
"Assets/TextMesh Pro/Examples & Extras/Scripts/TMP_TextEventCheck.cs"
"Assets/TextMesh Pro/Examples & Extras/Scripts/TMP_TextEventHandler.cs"
"Assets/TextMesh Pro/Examples & Extras/Scripts/TMP_TextInfoDebugTool.cs"
"Assets/TextMesh Pro/Examples & Extras/Scripts/TMP_TextSelector_A.cs"
"Assets/TextMesh Pro/Examples & Extras/Scripts/TMP_TextSelector_B.cs"
"Assets/TextMesh Pro/Examples & Extras/Scripts/TMP_UiFrameRateCounter.cs"
"Assets/TextMesh Pro/Examples & Extras/Scripts/TMPro_InstructionOverlay.cs"
"Assets/TextMesh Pro/Examples & Extras/Scripts/TeleType.cs"
"Assets/TextMesh Pro/Examples & Extras/Scripts/TextConsoleSimulator.cs"
"Assets/TextMesh Pro/Examples & Extras/Scripts/TextMeshProFloatingText.cs"
"Assets/TextMesh Pro/Examples & Extras/Scripts/TextMeshSpawner.cs"
"Assets/TextMesh Pro/Examples & Extras/Scripts/VertexColorCycler.cs"
"Assets/TextMesh Pro/Examples & Extras/Scripts/VertexJitter.cs"
"Assets/TextMesh Pro/Examples & Extras/Scripts/VertexShakeA.cs"
"Assets/TextMesh Pro/Examples & Extras/Scripts/VertexShakeB.cs"
"Assets/TextMesh Pro/Examples & Extras/Scripts/VertexZoom.cs"
"Assets/TextMesh Pro/Examples & Extras/Scripts/WarpTextExample.cs"
-langversion:9.0
/deterministic
/optimize+
/debug:portable
/nologo
/RuntimeMetadataVersion:v4.0.30319
/nowarn:0169
/nowarn:0649
/nowarn:0282
/nowarn:1701
/nowarn:1702
/utf8output
/preferreduilang:en-US
/additionalfile:"Library/Bee/artifacts/1900b0aE.dag/Assembly-CSharp.UnityAdditionalFile.txt"
##### Custom Environment Variables
DOTNET_HOST_PATH=C:\Program Files\Unity\Hub\Editor\6000.5.1f1\Editor\Data\DotNetSdk\dotnet.exe
DOTNET_MULTILEVEL_LOOKUP=0
##### ExitCode
1
##### Output
Assets\Scripts\Managers\GameManager.cs(76,25): error CS1061: 'WaveManager' does not contain a definition for 'StartWaveSystem' and no accessible extension method 'StartWaveSystem' accepting a first argument of type 'WaveManager' could be found (are you missing a using directive or an assembly reference?)

Assets\Scripts\Managers\WaveManager.cs(138,25): error CS1061: 'EnemySpawner' does not contain a definition for 'SpawnEnemyByRank' and no accessible extension method 'SpawnEnemyByRank' accepting a first argument of type 'EnemySpawner' could be found (are you missing a using directive or an assembly reference?)

Assets\Scripts\Managers\WaveManager.cs(156,58): warning CS0618: 'FindObjectsSortMode' is obsolete: 'FindObjectsSortMode has been deprecated. Use the FindObjectsByType overloads that do not take a FindObjectsSortMode parameter.'

Assets\Scripts\Managers\WaveManager.cs(156,16): warning CS0618: 'Object.FindObjectsByType<T>(FindObjectsSortMode)' is obsolete: 'FindObjectsByType with FindObjectsSortMode parameter has been deprecated. Use FindObjectsByType<T>() or FindObjectsByType<T>(FindObjectsInactive) instead. InstanceID will be replaced in the future with EntityId and previous sort order cannot be maintained.'
*** Tundra build failed (0.28 seconds), 2 items updated, 916 evaluated
## Script Compilation Error for: Csc Library/Bee/artifacts/1900b0aE.dag/Assembly-CSharp.dll (+2 others)
## CmdLine: "C:\Program Files\Unity\Hub\Editor\6000.5.1f1\Editor\Data\DotNetSdk\dotnet.exe" exec "C:/Program Files/Unity/Hub/Editor/6000.5.1f1/Editor/Data/DotNetSdk/sdk/8.0.318/Roslyn/bincore/csc.dll" /nostdlib /noconfig /shared "@Library/Bee/artifacts/1900b0aE.dag/Assembly-CSharp.rsp" "@Library/Bee/artifacts/1900b0aE.dag/Assembly-CSharp.rsp2"
## Output:
Assets\Scripts\Managers\GameManager.cs(76,25): error CS1061: 'WaveManager' does not contain a definition for 'StartWaveSystem' and no accessible extension method 'StartWaveSystem' accepting a first argument of type 'WaveManager' could be found (are you missing a using directive or an assembly reference?)
Assets\Scripts\Managers\WaveManager.cs(138,25): error CS1061: 'EnemySpawner' does not contain a definition for 'SpawnEnemyByRank' and no accessible extension method 'SpawnEnemyByRank' accepting a first argument of type 'EnemySpawner' could be found (are you missing a using directive or an assembly reference?)
Assets\Scripts\Managers\WaveManager.cs(156,58): warning CS0618: 'FindObjectsSortMode' is obsolete: 'FindObjectsSortMode has been deprecated. Use the FindObjectsByType overloads that do not take a FindObjectsSortMode parameter.'
Assets\Scripts\Managers\WaveManager.cs(156,16): warning CS0618: 'Object.FindObjectsByType<T>(FindObjectsSortMode)' is obsolete: 'FindObjectsByType with FindObjectsSortMode parameter has been deprecated. Use FindObjectsByType<T>() or FindObjectsByType<T>(FindObjectsInactive) instead. InstanceID will be replaced in the future with EntityId and previous sort order cannot be maintained.'

Assets\Scripts\Managers\GameManager.cs(76,25): error CS1061: 'WaveManager' does not contain a definition for 'StartWaveSystem' and no accessible extension method 'StartWaveSystem' accepting a first argument of type 'WaveManager' could be found (are you missing a using directive or an assembly reference?)
Assets\Scripts\Managers\WaveManager.cs(138,25): error CS1061: 'EnemySpawner' does not contain a definition for 'SpawnEnemyByRank' and no accessible extension method 'SpawnEnemyByRank' accepting a first argument of type 'EnemySpawner' could be found (are you missing a using directive or an assembly reference?)
Assets\Scripts\Managers\WaveManager.cs(156,58): warning CS0618: 'FindObjectsSortMode' is obsolete: 'FindObjectsSortMode has been deprecated. Use the FindObjectsByType overloads that do not take a FindObjectsSortMode parameter.'
Assets\Scripts\Managers\WaveManager.cs(156,16): warning CS0618: 'Object.FindObjectsByType<T>(FindObjectsSortMode)' is obsolete: 'FindObjectsByType with FindObjectsSortMode parameter has been deprecated. Use FindObjectsByType<T>() or FindObjectsByType<T>(FindObjectsInactive) instead. InstanceID will be replaced in the future with EntityId and previous sort order cannot be maintained.'
Total cache size 65084268
Total cache size after purge 65084268, took 00:00:00.0384472
Unloading 0 Unused Serialized files (Serialized files now loaded: 0)
Loaded scene 'Temp/__Backupscenes/0.backup'
	Deserialize:            1.956 ms
	Integration:            174.513 ms
	Integration of assets:  0.002 ms
	Thread Wait Time:       0.029 ms
	Total Operation Time:   176.499 ms
Unloading 5875 unused Assets / (1.7 MB). Loaded Objects now: 8763.
Memory consumption went from 0.61 GB to 0.61 GB.
Total: 10.774500 ms (FindLiveObjects: 0.734500 ms CreateObjectMapping: 1.136500 ms MarkObjects: 7.804100 ms  DeleteObjects: 1.098500 ms)

[Licensing::Client] Successfully resolved entitlement details
The character with Unicode value \u25B6 was not found in the [LiberationSans SDF] font asset or any potential fallbacks. It was replaced by Unicode character \u25A1 in text object [Text (TMP)].
UnityEngine.Debug:ExtractStackTraceNoAlloc (byte*,int,string)
UnityEngine.StackTraceUtility:ExtractStackTrace ()
UnityEngine.DebugLogHandler:Internal_Log (UnityEngine.LogType,UnityEngine.LogOption,string,UnityEngine.Object)
UnityEngine.DebugLogHandler:LogFormat (UnityEngine.LogType,UnityEngine.Object,string,object[])
UnityEngine.Logger:Log (UnityEngine.LogType,object,UnityEngine.Object)
UnityEngine.Debug:LogWarning (object,UnityEngine.Object)
TMPro.TextMeshProUGUI:SetArraySizes (TMPro.TMP_Text/TextProcessingElement[]) (at ./Library/PackageCache/com.unity.ugui@4f9b15fd1386/Runtime/TMP/TextMeshProUGUI.cs:2012)
TMPro.TMP_Text:ParseInputText () (at ./Library/PackageCache/com.unity.ugui@4f9b15fd1386/Runtime/TMP/TMP_Text.cs:2063)
TMPro.TextMeshProUGUI:OnPreRenderCanvas () (at ./Library/PackageCache/com.unity.ugui@4f9b15fd1386/Runtime/TMP/TextMeshProUGUI.cs:2496)
TMPro.TextMeshProUGUI:Rebuild (UnityEngine.UI.CanvasUpdate) (at ./Library/PackageCache/com.unity.ugui@4f9b15fd1386/Runtime/TMP/TextMeshProUGUI.cs:229)
UnityEngine.UI.CanvasUpdateRegistry:PerformUpdate () (at ./Library/PackageCache/com.unity.ugui@4f9b15fd1386/Runtime/UGUI/UI/Core/CanvasUpdateRegistry.cs:215)
UnityEngine.Canvas:SendWillRenderCanvases ()

(Filename: ./Library/PackageCache/com.unity.ugui@4f9b15fd1386/Runtime/TMP/TextMeshProUGUI.cs Line: 2012)

Asset Pipeline Refresh (id=9a7a2c348b1d13f49bedd1d124a86cfe): Total: 0.010 seconds - Initiated by RefreshV2(AllowForceSynchronousImport)

Asset Pipeline Refresh (id=9213f071281c8854b8ed19f1482bcf8a): Total: 0.003 seconds - Initiated by RefreshV2(AllowForceSynchronousImport)
Asset Pipeline Refresh (id=4440701ffc3cc7041a3a7ef08f7cb1ed): Total: 0.004 seconds - Initiated by RefreshV2(AllowForceSynchronousImport)
[ScriptCompilation] Requested script compilation because: AssetDatabase observed changes in script compilation related files
[Licensing::Client] Successfully resolved entitlement details
info: Microsoft.AspNetCore.Hosting.Diagnostics[1]
      Request starting HTTP/2 POST http://ilpp/UnityILPP.PostProcessing/Ping - application/grpc -
info: Microsoft.AspNetCore.Routing.EndpointMiddleware[0]
      Executing endpoint 'gRPC - /UnityILPP.PostProcessing/Ping'
info: Microsoft.AspNetCore.Routing.EndpointMiddleware[1]
      Executed endpoint 'gRPC - /UnityILPP.PostProcessing/Ping'
info: Microsoft.AspNetCore.Hosting.Diagnostics[2]
      Request finished HTTP/2 POST http://ilpp/UnityILPP.PostProcessing/Ping - 200 - application/grpc 0.2226ms
Starting: C:\Program Files\Unity\Hub\Editor\6000.5.1f1\Editor\Data\Tools\BuildPipeline\bee_backend.exe --ipc --defer-dag-verification --dagfile="Library/Bee/1900b0aE.dag" --continue-on-failure --profile="Library/Bee/backend1.traceevents" ScriptAssemblies
WorkingDir: C:/Users/Kouta/Documents/Growing_Dungeon_UL
info: Microsoft.AspNetCore.Hosting.Diagnostics[1]
      Request starting HTTP/2 POST http://ilpp/UnityILPP.PostProcessing/ConfigurePostProcessors - application/grpc -
info: Microsoft.AspNetCore.Routing.EndpointMiddleware[0]
      Executing endpoint 'gRPC - /UnityILPP.PostProcessing/ConfigurePostProcessors'
info: Unity.ILPP.Runner.PostProcessingAssemblyLoadContext[0]
      Current configuration matches the requested one, skipping
info: Microsoft.AspNetCore.Routing.EndpointMiddleware[1]
      Executed endpoint 'gRPC - /UnityILPP.PostProcessing/ConfigurePostProcessors'
info: Microsoft.AspNetCore.Hosting.Diagnostics[2]
      Request finished HTTP/2 POST http://ilpp/UnityILPP.PostProcessing/ConfigurePostProcessors - 200 - application/grpc 0.8951ms
## Script Compilation Error for: Csc Library/Bee/artifacts/1900b0aE.dag/Assembly-CSharp.dll (+2 others)
## CmdLine: "C:\Program Files\Unity\Hub\Editor\6000.5.1f1\Editor\Data\DotNetSdk\dotnet.exe" exec "C:/Program Files/Unity/Hub/Editor/6000.5.1f1/Editor/Data/DotNetSdk/sdk/8.0.318/Roslyn/bincore/csc.dll" /nostdlib /noconfig /shared "@Library/Bee/artifacts/1900b0aE.dag/Assembly-CSharp.rsp" "@Library/Bee/artifacts/1900b0aE.dag/Assembly-CSharp.rsp2"
## Output:
Assets\Scripts\Managers\WaveManager.cs(138,25): error CS1061: 'EnemySpawner' does not contain a definition for 'SpawnEnemyByRank' and no accessible extension method 'SpawnEnemyByRank' accepting a first argument of type 'EnemySpawner' could be found (are you missing a using directive or an assembly reference?)
Assets\Scripts\Managers\WaveManager.cs(156,58): warning CS0618: 'FindObjectsSortMode' is obsolete: 'FindObjectsSortMode has been deprecated. Use the FindObjectsByType overloads that do not take a FindObjectsSortMode parameter.'
Assets\Scripts\Managers\WaveManager.cs(156,16): warning CS0618: 'Object.FindObjectsByType<T>(FindObjectsSortMode)' is obsolete: 'FindObjectsByType with FindObjectsSortMode parameter has been deprecated. Use FindObjectsByType<T>() or FindObjectsByType<T>(FindObjectsInactive) instead. InstanceID will be replaced in the future with EntityId and previous sort order cannot be maintained.'

ExitCode: 3 Duration: 0s273ms
[722/916    0s] ILPP-Configuration Library/ilpp-configuration.nevergeneratedoutput
[912/916    0s] Csc Library/Bee/artifacts/1900b0aE.dag/Assembly-CSharp.dll (+2 others)
##### CommandLine
"C:\Program Files\Unity\Hub\Editor\6000.5.1f1\Editor\Data\DotNetSdk\dotnet.exe" exec "C:/Program Files/Unity/Hub/Editor/6000.5.1f1/Editor/Data/DotNetSdk/sdk/8.0.318/Roslyn/bincore/csc.dll" /nostdlib /noconfig /shared "@Library/Bee/artifacts/1900b0aE.dag/Assembly-CSharp.rsp" "@Library/Bee/artifacts/1900b0aE.dag/Assembly-CSharp.rsp2"
##### Contents of Library\Bee\artifacts\1900b0aE.dag\Assembly-CSharp.rsp
-target:library
-out:"Library/Bee/artifacts/1900b0aE.dag/Assembly-CSharp.dll"
-refout:"Library/Bee/artifacts/1900b0aE.dag/Assembly-CSharp.ref.dll"
-define:UNITY_6000_5_1
-define:UNITY_6000_5
-define:UNITY_6000
-define:UNITY_5_3_OR_NEWER
-define:UNITY_5_4_OR_NEWER
-define:UNITY_5_5_OR_NEWER
-define:UNITY_5_6_OR_NEWER
-define:UNITY_2017_1_OR_NEWER
-define:UNITY_2017_2_OR_NEWER
-define:UNITY_2017_3_OR_NEWER
-define:UNITY_2017_4_OR_NEWER
-define:UNITY_2018_1_OR_NEWER
-define:UNITY_2018_2_OR_NEWER
-define:UNITY_2018_3_OR_NEWER
-define:UNITY_2018_4_OR_NEWER
-define:UNITY_2019_1_OR_NEWER
-define:UNITY_2019_2_OR_NEWER
-define:UNITY_2019_3_OR_NEWER
-define:UNITY_2019_4_OR_NEWER
-define:UNITY_2020_1_OR_NEWER
-define:UNITY_2020_2_OR_NEWER
-define:UNITY_2020_3_OR_NEWER
-define:UNITY_2021_1_OR_NEWER
-define:UNITY_2021_2_OR_NEWER
-define:UNITY_2021_3_OR_NEWER
-define:UNITY_2022_1_OR_NEWER
-define:UNITY_2022_2_OR_NEWER
-define:UNITY_2022_3_OR_NEWER
-define:UNITY_2023_1_OR_NEWER
-define:UNITY_2023_2_OR_NEWER
-define:UNITY_2023_3_OR_NEWER
-define:UNITY_6000_0_OR_NEWER
-define:UNITY_6000_1_OR_NEWER
-define:UNITY_6000_2_OR_NEWER
-define:UNITY_6000_3_OR_NEWER
-define:UNITY_6000_4_OR_NEWER
-define:UNITY_6000_5_OR_NEWER
-define:PLATFORM_ARCH_64
-define:UNITY_64
-define:UNITY_INCLUDE_TESTS
-define:UNITY_ENABLE_CLOUD_SERVICES_ENGINE_DIAGNOSTICS_MANAGED
-define:ENABLE_AR
-define:ENABLE_AUDIO
-define:ENABLE_AUDIO_SCRIPTABLE_PIPELINE
-define:ENABLE_CACHING
-define:ENABLE_CLOTH
-define:ENABLE_EVENT_QUEUE
-define:ENABLE_MICROPHONE
-define:ENABLE_MULTIPLE_DISPLAYS
-define:ENABLE_PHYSICS
-define:ENABLE_TEXTURE_STREAMING
-define:ENABLE_VIRTUALTEXTURING
-define:ENABLE_LZMA
-define:ENABLE_UNITYEVENTS
-define:ENABLE_VR
-define:ENABLE_WEBCAM
-define:ENABLE_UNITYWEBREQUEST
-define:ENABLE_WWW
-define:ENABLE_CLOUD_SERVICES
-define:ENABLE_CLOUD_SERVICES_ADS
-define:ENABLE_CLOUD_SERVICES_USE_WEBREQUEST
-define:ENABLE_UNITY_CONSENT
-define:ENABLE_UNITY_CLOUD_IDENTIFIERS
-define:ENABLE_CLOUD_SERVICES_CRASH_REPORTING
-define:ENABLE_CLOUD_SERVICES_NATIVE_CRASH_REPORTING
-define:ENABLE_CLOUD_SERVICES_PURCHASING
-define:ENABLE_CLOUD_SERVICES_ANALYTICS
-define:ENABLE_CLOUD_SERVICES_BUILD
-define:ENABLE_EDITOR_GAME_SERVICES
-define:ENABLE_UNITY_GAME_SERVICES_ANALYTICS_SUPPORT
-define:ENABLE_CLOUD_LICENSE
-define:ENABLE_EDITOR_HUB_LICENSE
-define:ENABLE_WEBSOCKET_CLIENT
-define:ENABLE_GENERATE_NATIVE_PLUGINS_FOR_ASSEMBLIES_API
-define:ENABLE_DIRECTOR_AUDIO
-define:ENABLE_DIRECTOR_TEXTURE
-define:ENABLE_MANAGED_JOBS
-define:ENABLE_MANAGED_TRANSFORM_JOBS
-define:ENABLE_MANAGED_ANIMATION_JOBS
-define:ENABLE_MANAGED_AUDIO_JOBS
-define:ENABLE_MANAGED_UNITYTLS
-define:INCLUDE_DYNAMIC_GI
-define:ENABLE_SCRIPTING_GC_WBARRIERS
-define:PLATFORM_SUPPORTS_MONO
-define:RENDER_SOFTWARE_CURSOR
-define:ENABLE_MARSHALLING_TESTS
-define:ENABLE_VIDEO
-define:ENABLE_NAVIGATION_OFFMESHLINK_TO_NAVMESHLINK
-define:ENABLE_ACCELERATOR_CLIENT_DEBUGGING
-define:ENABLE_ACCESSIBILITY_SCREEN_READER
-define:TEXTCORE_1_0_OR_NEWER
-define:EDITOR_ONLY_NAVMESH_BUILDER_DEPRECATED
-define:PLATFORM_STANDALONE_WIN
-define:PLATFORM_STANDALONE
-define:UNITY_STANDALONE_WIN
-define:UNITY_STANDALONE
-define:ENABLE_RUNTIME_GI
-define:ENABLE_MOVIES
-define:ENABLE_NETWORK
-define:ENABLE_NVIDIA
-define:ENABLE_AMD
-define:ENABLE_CRUNCH_TEXTURE_COMPRESSION
-define:ENABLE_CLOUD_SERVICES_ENGINE_DIAGNOSTICS
-define:ENABLE_OUT_OF_PROCESS_CRASH_HANDLER
-define:ENABLE_CLUSTER_SYNC
-define:ENABLE_CLUSTERINPUT
-define:PLATFORM_UPDATES_TIME_OUTSIDE_OF_PLAYER_LOOP
-define:GFXDEVICE_WAITFOREVENT_MESSAGEPUMP
-define:PLATFORM_USES_EXPLICIT_MEMORY_MANAGER_INITIALIZER
-define:PLATFORM_SUPPORTS_WAIT_FOR_PRESENTATION
-define:PLATFORM_SUPPORTS_SPLIT_GRAPHICS_JOBS
-define:PLATFORM_USES_VULKAN_OLD_SWAPCHAIN
-define:USE_READ_ASYNC_MANAGED_API
-define:ENABLE_MONO
-define:NET_STANDARD_2_0
-define:NET_STANDARD
-define:NET_STANDARD_2_1
-define:NETSTANDARD
-define:NETSTANDARD2_1
-define:ENABLE_PROFILER
-define:DEBUG
-define:TRACE
-define:UNITY_ASSERTIONS
-define:UNITY_EDITOR
-define:UNITY_EDITOR_64
-define:UNITY_EDITOR_WIN
-define:ENABLE_UNITY_COLLECTIONS_CHECKS
-define:ENABLE_BURST_AOT
-define:UNITY_TEAM_LICENSE
-define:ENABLE_CUSTOM_RENDER_TEXTURE
-define:ENABLE_DIRECTOR
-define:ENABLE_LOCALIZATION
-define:ENABLE_SPRITES
-define:ENABLE_TERRAIN
-define:ENABLE_TILEMAP
-define:ENABLE_TIMELINE
-define:ENABLE_INPUT_SYSTEM
-define:TEXTCORE_FONT_ENGINE_1_5_OR_NEWER
-define:TEXTCORE_TEXT_ENGINE_1_5_OR_NEWER
-define:TEXTCORE_FONT_ENGINE_1_6_OR_NEWER
-define:CSHARP_7_OR_LATER
-define:CSHARP_7_3_OR_NEWER
-r:"C:/Program Files/Unity/Hub/Editor/6000.5.1f1/Editor/Data/BCLExtensions/TargetingPacks/netstandard2.1/ref/Microsoft.Bcl.AsyncInterfaces.dll"
-r:"C:/Program Files/Unity/Hub/Editor/6000.5.1f1/Editor/Data/BCLExtensions/TargetingPacks/netstandard2.1/ref/Microsoft.Extensions.DependencyInjection.Abstractions.dll"
-r:"C:/Program Files/Unity/Hub/Editor/6000.5.1f1/Editor/Data/BCLExtensions/TargetingPacks/netstandard2.1/ref/Microsoft.Extensions.Logging.Abstractions.dll"
-r:"C:/Program Files/Unity/Hub/Editor/6000.5.1f1/Editor/Data/BCLExtensions/TargetingPacks/netstandard2.1/ref/System.Collections.Immutable.dll"
-r:"C:/Program Files/Unity/Hub/Editor/6000.5.1f1/Editor/Data/BCLExtensions/TargetingPacks/netstandard2.1/ref/System.Diagnostics.DiagnosticSource.dll"
-r:"C:/Program Files/Unity/Hub/Editor/6000.5.1f1/Editor/Data/BCLExtensions/TargetingPacks/netstandard2.1/ref/System.IO.Hashing.dll"
-r:"C:/Program Files/Unity/Hub/Editor/6000.5.1f1/Editor/Data/BCLExtensions/TargetingPacks/netstandard2.1/ref/System.Reflection.Metadata.dll"
-r:"C:/Program Files/Unity/Hub/Editor/6000.5.1f1/Editor/Data/BCLExtensions/TargetingPacks/netstandard2.1/ref/System.Runtime.CompilerServices.Unsafe.dll"
-r:"C:/Program Files/Unity/Hub/Editor/6000.5.1f1/Editor/Data/BCLExtensions/TargetingPacks/netstandard2.1/ref/System.Text.Encodings.Web.dll"
-r:"C:/Program Files/Unity/Hub/Editor/6000.5.1f1/Editor/Data/BCLExtensions/TargetingPacks/netstandard2.1/ref/System.Text.Json.dll"
-r:"C:/Program Files/Unity/Hub/Editor/6000.5.1f1/Editor/Data/Managed/UnityEngine/Unity.Scripting.dll"
-r:"C:/Program Files/Unity/Hub/Editor/6000.5.1f1/Editor/Data/Managed/UnityEngine/UnityEditor.AIModule.dll"
-r:"C:/Program Files/Unity/Hub/Editor/6000.5.1f1/Editor/Data/Managed/UnityEngine/UnityEditor.AccessibilityModule.dll"
-r:"C:/Program Files/Unity/Hub/Editor/6000.5.1f1/Editor/Data/Managed/UnityEngine/UnityEditor.AdaptivePerformanceModule.dll"
-r:"C:/Program Files/Unity/Hub/Editor/6000.5.1f1/Editor/Data/Managed/UnityEngine/UnityEditor.AssetComplianceModule.dll"
-r:"C:/Program Files/Unity/Hub/Editor/6000.5.1f1/Editor/Data/Managed/UnityEngine/UnityEditor.BuildProfileModule.dll"
-r:"C:/Program Files/Unity/Hub/Editor/6000.5.1f1/Editor/Data/Managed/UnityEngine/UnityEditor.ClothModule.dll"
-r:"C:/Program Files/Unity/Hub/Editor/6000.5.1f1/Editor/Data/Managed/UnityEngine/UnityEditor.ContentLoadModule.dll"
-r:"C:/Program Files/Unity/Hub/Editor/6000.5.1f1/Editor/Data/Managed/UnityEngine/UnityEditor.CoreBusinessMetricsModule.dll"
-r:"C:/Program Files/Unity/Hub/Editor/6000.5.1f1/Editor/Data/Managed/UnityEngine/UnityEditor.CoreModule.dll"
-r:"C:/Program Files/Unity/Hub/Editor/6000.5.1f1/Editor/Data/Managed/UnityEngine/UnityEditor.DeviceSimulatorModule.dll"
-r:"C:/Program Files/Unity/Hub/Editor/6000.5.1f1/Editor/Data/Managed/UnityEngine/UnityEditor.DiagnosticsModule.dll"
-r:"C:/Program Files/Unity/Hub/Editor/6000.5.1f1/Editor/Data/Managed/UnityEngine/UnityEditor.EditorToolbarModule.dll"
-r:"C:/Program Files/Unity/Hub/Editor/6000.5.1f1/Editor/Data/Managed/UnityEngine/UnityEditor.EmbreeModule.dll"
-r:"C:/Program Files/Unity/Hub/Editor/6000.5.1f1/Editor/Data/Managed/UnityEngine/UnityEditor.GIModule.dll"
-r:"C:/Program Files/Unity/Hub/Editor/6000.5.1f1/Editor/Data/Managed/UnityEngine/UnityEditor.GenericRemoteModule.dll"
-r:"C:/Program Files/Unity/Hub/Editor/6000.5.1f1/Editor/Data/Managed/UnityEngine/UnityEditor.GraphToolkitModule.dll"
-r:"C:/Program Files/Unity/Hub/Editor/6000.5.1f1/Editor/Data/Managed/UnityEngine/UnityEditor.GraphViewModule.dll"
-r:"C:/Program Files/Unity/Hub/Editor/6000.5.1f1/Editor/Data/Managed/UnityEngine/UnityEditor.GraphicsStateCollectionSerializerModule.dll"
-r:"C:/Program Files/Unity/Hub/Editor/6000.5.1f1/Editor/Data/Managed/UnityEngine/UnityEditor.GridAndSnapModule.dll"
-r:"C:/Program Files/Unity/Hub/Editor/6000.5.1f1/Editor/Data/Managed/UnityEngine/UnityEditor.GridModule.dll"
-r:"C:/Program Files/Unity/Hub/Editor/6000.5.1f1/Editor/Data/Managed/UnityEngine/UnityEditor.HierarchyModule.dll"
-r:"C:/Program Files/Unity/Hub/Editor/6000.5.1f1/Editor/Data/Managed/UnityEngine/UnityEditor.LightingModule.dll"
-r:"C:/Program Files/Unity/Hub/Editor/6000.5.1f1/Editor/Data/Managed/UnityEngine/UnityEditor.MathematicsModule.dll"
-r:"C:/Program Files/Unity/Hub/Editor/6000.5.1f1/Editor/Data/Managed/UnityEngine/UnityEditor.MediaModule.dll"
-r:"C:/Program Files/Unity/Hub/Editor/6000.5.1f1/Editor/Data/Managed/UnityEngine/UnityEditor.MultiplayerModule.dll"
-r:"C:/Program Files/Unity/Hub/Editor/6000.5.1f1/Editor/Data/Managed/UnityEngine/UnityEditor.Physics2DModule.dll"
-r:"C:/Program Files/Unity/Hub/Editor/6000.5.1f1/Editor/Data/Managed/UnityEngine/UnityEditor.PhysicsCore2DModule.dll"
-r:"C:/Program Files/Unity/Hub/Editor/6000.5.1f1/Editor/Data/Managed/UnityEngine/UnityEditor.PhysicsModule.dll"
-r:"C:/Program Files/Unity/Hub/Editor/6000.5.1f1/Editor/Data/Managed/UnityEngine/UnityEditor.PlayModeModule.dll"
-r:"C:/Program Files/Unity/Hub/Editor/6000.5.1f1/Editor/Data/Managed/UnityEngine/UnityEditor.PresetsUIModule.dll"
-r:"C:/Program Files/Unity/Hub/Editor/6000.5.1f1/Editor/Data/Managed/UnityEngine/UnityEditor.ProjectAuditorModule.dll"
-r:"C:/Program Files/Unity/Hub/Editor/6000.5.1f1/Editor/Data/Managed/UnityEngine/UnityEditor.PropertiesModule.dll"
-r:"C:/Program Files/Unity/Hub/Editor/6000.5.1f1/Editor/Data/Managed/UnityEngine/UnityEditor.QuickInstallModule.dll"
-r:"C:/Program Files/Unity/Hub/Editor/6000.5.1f1/Editor/Data/Managed/UnityEngine/UnityEditor.QuickSearchModule.dll"
-r:"C:/Program Files/Unity/Hub/Editor/6000.5.1f1/Editor/Data/Managed/UnityEngine/UnityEditor.SafeModeModule.dll"
-r:"C:/Program Files/Unity/Hub/Editor/6000.5.1f1/Editor/Data/Managed/UnityEngine/UnityEditor.SceneTemplateModule.dll"
-r:"C:/Program Files/Unity/Hub/Editor/6000.5.1f1/Editor/Data/Managed/UnityEngine/UnityEditor.SceneViewModule.dll"
-r:"C:/Program Files/Unity/Hub/Editor/6000.5.1f1/Editor/Data/Managed/UnityEngine/UnityEditor.ShaderBuildSettingsModule.dll"
-r:"C:/Program Files/Unity/Hub/Editor/6000.5.1f1/Editor/Data/Managed/UnityEngine/UnityEditor.ShaderCompilationModule.dll"
-r:"C:/Program Files/Unity/Hub/Editor/6000.5.1f1/Editor/Data/Managed/UnityEngine/UnityEditor.ShaderFoundryModule.dll"
-r:"C:/Program Files/Unity/Hub/Editor/6000.5.1f1/Editor/Data/Managed/UnityEngine/UnityEditor.SketchUpModule.dll"
-r:"C:/Program Files/Unity/Hub/Editor/6000.5.1f1/Editor/Data/Managed/UnityEngine/UnityEditor.SpriteMaskModule.dll"
-r:"C:/Program Files/Unity/Hub/Editor/6000.5.1f1/Editor/Data/Managed/UnityEngine/UnityEditor.SpriteShapeModule.dll"
-r:"C:/Program Files/Unity/Hub/Editor/6000.5.1f1/Editor/Data/Managed/UnityEngine/UnityEditor.SubstanceModule.dll"
-r:"C:/Program Files/Unity/Hub/Editor/6000.5.1f1/Editor/Data/Managed/UnityEngine/UnityEditor.TerrainModule.dll"
-r:"C:/Program Files/Unity/Hub/Editor/6000.5.1f1/Editor/Data/Managed/UnityEngine/UnityEditor.TextCoreFontEngineModule.dll"
-r:"C:/Program Files/Unity/Hub/Editor/6000.5.1f1/Editor/Data/Managed/UnityEngine/UnityEditor.TextCoreTextEngineModule.dll"
-r:"C:/Program Files/Unity/Hub/Editor/6000.5.1f1/Editor/Data/Managed/UnityEngine/UnityEditor.TextRenderingModule.dll"
-r:"C:/Program Files/Unity/Hub/Editor/6000.5.1f1/Editor/Data/Managed/UnityEngine/UnityEditor.TilemapModule.dll"
-r:"C:/Program Files/Unity/Hub/Editor/6000.5.1f1/Editor/Data/Managed/UnityEngine/UnityEditor.TreeModule.dll"
-r:"C:/Program Files/Unity/Hub/Editor/6000.5.1f1/Editor/Data/Managed/UnityEngine/UnityEditor.U2DModule.dll"
-r:"C:/Program Files/Unity/Hub/Editor/6000.5.1f1/Editor/Data/Managed/UnityEngine/UnityEditor.UIAutomationModule.dll"
-r:"C:/Program Files/Unity/Hub/Editor/6000.5.1f1/Editor/Data/Managed/UnityEngine/UnityEditor.UIBuilderModule.dll"
-r:"C:/Program Files/Unity/Hub/Editor/6000.5.1f1/Editor/Data/Managed/UnityEngine/UnityEditor.UIElementsModule.dll"
-r:"C:/Program Files/Unity/Hub/Editor/6000.5.1f1/Editor/Data/Managed/UnityEngine/UnityEditor.UIElementsSamplesModule.dll"
-r:"C:/Program Files/Unity/Hub/Editor/6000.5.1f1/Editor/Data/Managed/UnityEngine/UnityEditor.UIToolkitAuthoringModule.dll"
-r:"C:/Program Files/Unity/Hub/Editor/6000.5.1f1/Editor/Data/Managed/UnityEngine/UnityEditor.UmbraModule.dll"
-r:"C:/Program Files/Unity/Hub/Editor/6000.5.1f1/Editor/Data/Managed/UnityEngine/UnityEditor.UnityConnectModule.dll"
-r:"C:/Program Files/Unity/Hub/Editor/6000.5.1f1/Editor/Data/Managed/UnityEngine/UnityEditor.VFXModule.dll"
-r:"C:/Program Files/Unity/Hub/Editor/6000.5.1f1/Editor/Data/Managed/UnityEngine/UnityEditor.VectorGraphicsModule.dll"
-r:"C:/Program Files/Unity/Hub/Editor/6000.5.1f1/Editor/Data/Managed/UnityEngine/UnityEditor.VideoModule.dll"
-r:"C:/Program Files/Unity/Hub/Editor/6000.5.1f1/Editor/Data/Managed/UnityEngine/UnityEditor.XRModule.dll"
-r:"C:/Program Files/Unity/Hub/Editor/6000.5.1f1/Editor/Data/Managed/UnityEngine/UnityEditor.dll"
-r:"C:/Program Files/Unity/Hub/Editor/6000.5.1f1/Editor/Data/Managed/UnityEngine/UnityEngine.AIModule.dll"
-r:"C:/Program Files/Unity/Hub/Editor/6000.5.1f1/Editor/Data/Managed/UnityEngine/UnityEngine.ARModule.dll"
-r:"C:/Program Files/Unity/Hub/Editor/6000.5.1f1/Editor/Data/Managed/UnityEngine/UnityEngine.AccessibilityModule.dll"
-r:"C:/Program Files/Unity/Hub/Editor/6000.5.1f1/Editor/Data/Managed/UnityEngine/UnityEngine.AdaptivePerformanceModule.dll"
-r:"C:/Program Files/Unity/Hub/Editor/6000.5.1f1/Editor/Data/Managed/UnityEngine/UnityEngine.AndroidJNIModule.dll"
-r:"C:/Program Files/Unity/Hub/Editor/6000.5.1f1/Editor/Data/Managed/UnityEngine/UnityEngine.AnimationModule.dll"
-r:"C:/Program Files/Unity/Hub/Editor/6000.5.1f1/Editor/Data/Managed/UnityEngine/UnityEngine.AssetBundleModule.dll"
-r:"C:/Program Files/Unity/Hub/Editor/6000.5.1f1/Editor/Data/Managed/UnityEngine/UnityEngine.AudioModule.dll"
-r:"C:/Program Files/Unity/Hub/Editor/6000.5.1f1/Editor/Data/Managed/UnityEngine/UnityEngine.ClothModule.dll"
-r:"C:/Program Files/Unity/Hub/Editor/6000.5.1f1/Editor/Data/Managed/UnityEngine/UnityEngine.ClusterInputModule.dll"
-r:"C:/Program Files/Unity/Hub/Editor/6000.5.1f1/Editor/Data/Managed/UnityEngine/UnityEngine.ClusterRendererModule.dll"
-r:"C:/Program Files/Unity/Hub/Editor/6000.5.1f1/Editor/Data/Managed/UnityEngine/UnityEngine.ContentLoadModule.dll"
-r:"C:/Program Files/Unity/Hub/Editor/6000.5.1f1/Editor/Data/Managed/UnityEngine/UnityEngine.CoreModule.dll"
-r:"C:/Program Files/Unity/Hub/Editor/6000.5.1f1/Editor/Data/Managed/UnityEngine/UnityEngine.CrashReportingModule.dll"
-r:"C:/Program Files/Unity/Hub/Editor/6000.5.1f1/Editor/Data/Managed/UnityEngine/UnityEngine.DSPGraphModule.dll"
-r:"C:/Program Files/Unity/Hub/Editor/6000.5.1f1/Editor/Data/Managed/UnityEngine/UnityEngine.DirectorModule.dll"
-r:"C:/Program Files/Unity/Hub/Editor/6000.5.1f1/Editor/Data/Managed/UnityEngine/UnityEngine.GIModule.dll"
-r:"C:/Program Files/Unity/Hub/Editor/6000.5.1f1/Editor/Data/Managed/UnityEngine/UnityEngine.GameCenterModule.dll"
-r:"C:/Program Files/Unity/Hub/Editor/6000.5.1f1/Editor/Data/Managed/UnityEngine/UnityEngine.GraphicsStateCollectionSerializerModule.dll"
-r:"C:/Program Files/Unity/Hub/Editor/6000.5.1f1/Editor/Data/Managed/UnityEngine/UnityEngine.GridModule.dll"
-r:"C:/Program Files/Unity/Hub/Editor/6000.5.1f1/Editor/Data/Managed/UnityEngine/UnityEngine.HierarchyCoreModule.dll"
-r:"C:/Program Files/Unity/Hub/Editor/6000.5.1f1/Editor/Data/Managed/UnityEngine/UnityEngine.HotReloadModule.dll"
-r:"C:/Program Files/Unity/Hub/Editor/6000.5.1f1/Editor/Data/Managed/UnityEngine/UnityEngine.IMGUIModule.dll"
-r:"C:/Program Files/Unity/Hub/Editor/6000.5.1f1/Editor/Data/Managed/UnityEngine/UnityEngine.IdentifiersModule.dll"
-r:"C:/Program Files/Unity/Hub/Editor/6000.5.1f1/Editor/Data/Managed/UnityEngine/UnityEngine.ImageConversionModule.dll"
-r:"C:/Program Files/Unity/Hub/Editor/6000.5.1f1/Editor/Data/Managed/UnityEngine/UnityEngine.InputForUIModule.dll"
-r:"C:/Program Files/Unity/Hub/Editor/6000.5.1f1/Editor/Data/Managed/UnityEngine/UnityEngine.InputLegacyModule.dll"
-r:"C:/Program Files/Unity/Hub/Editor/6000.5.1f1/Editor/Data/Managed/UnityEngine/UnityEngine.InputModule.dll"
-r:"C:/Program Files/Unity/Hub/Editor/6000.5.1f1/Editor/Data/Managed/UnityEngine/UnityEngine.InsightsModule.dll"
-r:"C:/Program Files/Unity/Hub/Editor/6000.5.1f1/Editor/Data/Managed/UnityEngine/UnityEngine.JSONSerializeModule.dll"
-r:"C:/Program Files/Unity/Hub/Editor/6000.5.1f1/Editor/Data/Managed/UnityEngine/UnityEngine.LocalizationModule.dll"
-r:"C:/Program Files/Unity/Hub/Editor/6000.5.1f1/Editor/Data/Managed/UnityEngine/UnityEngine.MarshallingModule.dll"
-r:"C:/Program Files/Unity/Hub/Editor/6000.5.1f1/Editor/Data/Managed/UnityEngine/UnityEngine.MathematicsModule.dll"
-r:"C:/Program Files/Unity/Hub/Editor/6000.5.1f1/Editor/Data/Managed/UnityEngine/UnityEngine.MultiplayerModule.dll"
-r:"C:/Program Files/Unity/Hub/Editor/6000.5.1f1/Editor/Data/Managed/UnityEngine/UnityEngine.ParticleSystemModule.dll"
-r:"C:/Program Files/Unity/Hub/Editor/6000.5.1f1/Editor/Data/Managed/UnityEngine/UnityEngine.PerformanceReportingModule.dll"
-r:"C:/Program Files/Unity/Hub/Editor/6000.5.1f1/Editor/Data/Managed/UnityEngine/UnityEngine.Physics2DModule.dll"
-r:"C:/Program Files/Unity/Hub/Editor/6000.5.1f1/Editor/Data/Managed/UnityEngine/UnityEngine.PhysicsBackendPhysXModule.dll"
-r:"C:/Program Files/Unity/Hub/Editor/6000.5.1f1/Editor/Data/Managed/UnityEngine/UnityEngine.PhysicsCore2DModule.dll"
-r:"C:/Program Files/Unity/Hub/Editor/6000.5.1f1/Editor/Data/Managed/UnityEngine/UnityEngine.PhysicsModule.dll"
-r:"C:/Program Files/Unity/Hub/Editor/6000.5.1f1/Editor/Data/Managed/UnityEngine/UnityEngine.PropertiesModule.dll"
-r:"C:/Program Files/Unity/Hub/Editor/6000.5.1f1/Editor/Data/Managed/UnityEngine/UnityEngine.RenderAs2DModule.dll"
-r:"C:/Program Files/Unity/Hub/Editor/6000.5.1f1/Editor/Data/Managed/UnityEngine/UnityEngine.RuntimeInitializeOnLoadManagerInitializerModule.dll"
-r:"C:/Program Files/Unity/Hub/Editor/6000.5.1f1/Editor/Data/Managed/UnityEngine/UnityEngine.ScreenCaptureModule.dll"
-r:"C:/Program Files/Unity/Hub/Editor/6000.5.1f1/Editor/Data/Managed/UnityEngine/UnityEngine.ScriptingModule.dll"
-r:"C:/Program Files/Unity/Hub/Editor/6000.5.1f1/Editor/Data/Managed/UnityEngine/UnityEngine.ShaderVariantAnalyticsModule.dll"
-r:"C:/Program Files/Unity/Hub/Editor/6000.5.1f1/Editor/Data/Managed/UnityEngine/UnityEngine.SharedInternalsModule.dll"
-r:"C:/Program Files/Unity/Hub/Editor/6000.5.1f1/Editor/Data/Managed/UnityEngine/UnityEngine.SpriteMaskModule.dll"
-r:"C:/Program Files/Unity/Hub/Editor/6000.5.1f1/Editor/Data/Managed/UnityEngine/UnityEngine.SpriteShapeModule.dll"
-r:"C:/Program Files/Unity/Hub/Editor/6000.5.1f1/Editor/Data/Managed/UnityEngine/UnityEngine.StreamingModule.dll"
-r:"C:/Program Files/Unity/Hub/Editor/6000.5.1f1/Editor/Data/Managed/UnityEngine/UnityEngine.SubstanceModule.dll"
-r:"C:/Program Files/Unity/Hub/Editor/6000.5.1f1/Editor/Data/Managed/UnityEngine/UnityEngine.SubsystemsModule.dll"
-r:"C:/Program Files/Unity/Hub/Editor/6000.5.1f1/Editor/Data/Managed/UnityEngine/UnityEngine.TLSModule.dll"
-r:"C:/Program Files/Unity/Hub/Editor/6000.5.1f1/Editor/Data/Managed/UnityEngine/UnityEngine.TerrainModule.dll"
-r:"C:/Program Files/Unity/Hub/Editor/6000.5.1f1/Editor/Data/Managed/UnityEngine/UnityEngine.TerrainPhysicsModule.dll"
-r:"C:/Program Files/Unity/Hub/Editor/6000.5.1f1/Editor/Data/Managed/UnityEngine/UnityEngine.TextCoreFontEngineModule.dll"
-r:"C:/Program Files/Unity/Hub/Editor/6000.5.1f1/Editor/Data/Managed/UnityEngine/UnityEngine.TextCoreTextEngineModule.dll"
-r:"C:/Program Files/Unity/Hub/Editor/6000.5.1f1/Editor/Data/Managed/UnityEngine/UnityEngine.TextRenderingModule.dll"
-r:"C:/Program Files/Unity/Hub/Editor/6000.5.1f1/Editor/Data/Managed/UnityEngine/UnityEngine.TilemapModule.dll"
-r:"C:/Program Files/Unity/Hub/Editor/6000.5.1f1/Editor/Data/Managed/UnityEngine/UnityEngine.U2DRuntimeModule.dll"
-r:"C:/Program Files/Unity/Hub/Editor/6000.5.1f1/Editor/Data/Managed/UnityEngine/UnityEngine.UIElementsModule.dll"
-r:"C:/Program Files/Unity/Hub/Editor/6000.5.1f1/Editor/Data/Managed/UnityEngine/UnityEngine.UIModule.dll"
-r:"C:/Program Files/Unity/Hub/Editor/6000.5.1f1/Editor/Data/Managed/UnityEngine/UnityEngine.UmbraModule.dll"
-r:"C:/Program Files/Unity/Hub/Editor/6000.5.1f1/Editor/Data/Managed/UnityEngine/UnityEngine.UnityAnalyticsCommonModule.dll"
-r:"C:/Program Files/Unity/Hub/Editor/6000.5.1f1/Editor/Data/Managed/UnityEngine/UnityEngine.UnityAnalyticsModule.dll"
-r:"C:/Program Files/Unity/Hub/Editor/6000.5.1f1/Editor/Data/Managed/UnityEngine/UnityEngine.UnityConnectModule.dll"
-r:"C:/Program Files/Unity/Hub/Editor/6000.5.1f1/Editor/Data/Managed/UnityEngine/UnityEngine.UnityConsentModule.dll"
-r:"C:/Program Files/Unity/Hub/Editor/6000.5.1f1/Editor/Data/Managed/UnityEngine/UnityEngine.UnityCurlModule.dll"
-r:"C:/Program Files/Unity/Hub/Editor/6000.5.1f1/Editor/Data/Managed/UnityEngine/UnityEngine.UnityWebRequestAssetBundleModule.dll"
-r:"C:/Program Files/Unity/Hub/Editor/6000.5.1f1/Editor/Data/Managed/UnityEngine/UnityEngine.UnityWebRequestAudioModule.dll"
-r:"C:/Program Files/Unity/Hub/Editor/6000.5.1f1/Editor/Data/Managed/UnityEngine/UnityEngine.UnityWebRequestModule.dll"
-r:"C:/Program Files/Unity/Hub/Editor/6000.5.1f1/Editor/Data/Managed/UnityEngine/UnityEngine.UnityWebRequestTextureModule.dll"
-r:"C:/Program Files/Unity/Hub/Editor/6000.5.1f1/Editor/Data/Managed/UnityEngine/UnityEngine.UnityWebRequestWWWModule.dll"
-r:"C:/Program Files/Unity/Hub/Editor/6000.5.1f1/Editor/Data/Managed/UnityEngine/UnityEngine.VFXModule.dll"
-r:"C:/Program Files/Unity/Hub/Editor/6000.5.1f1/Editor/Data/Managed/UnityEngine/UnityEngine.VectorGraphicsModule.dll"
-r:"C:/Program Files/Unity/Hub/Editor/6000.5.1f1/Editor/Data/Managed/UnityEngine/UnityEngine.VehiclesModule.dll"
-r:"C:/Program Files/Unity/Hub/Editor/6000.5.1f1/Editor/Data/Managed/UnityEngine/UnityEngine.VideoModule.dll"
-r:"C:/Program Files/Unity/Hub/Editor/6000.5.1f1/Editor/Data/Managed/UnityEngine/UnityEngine.VirtualTexturingModule.dll"
-r:"C:/Program Files/Unity/Hub/Editor/6000.5.1f1/Editor/Data/Managed/UnityEngine/UnityEngine.WindModule.dll"
-r:"C:/Program Files/Unity/Hub/Editor/6000.5.1f1/Editor/Data/Managed/UnityEngine/UnityEngine.XRModule.dll"
-r:"C:/Program Files/Unity/Hub/Editor/6000.5.1f1/Editor/Data/Managed/UnityEngine/UnityEngine.dll"
-r:"C:/Program Files/Unity/Hub/Editor/6000.5.1f1/Editor/Data/NetStandard/Extensions/2.0.0/System.Runtime.InteropServices.WindowsRuntime.dll"
-r:"C:/Program Files/Unity/Hub/Editor/6000.5.1f1/Editor/Data/NetStandard/compat/2.1.0/shims/netfx/System.ComponentModel.Composition.dll"
-r:"C:/Program Files/Unity/Hub/Editor/6000.5.1f1/Editor/Data/NetStandard/compat/2.1.0/shims/netfx/System.Core.dll"
-r:"C:/Program Files/Unity/Hub/Editor/6000.5.1f1/Editor/Data/NetStandard/compat/2.1.0/shims/netfx/System.Data.dll"
-r:"C:/Program Files/Unity/Hub/Editor/6000.5.1f1/Editor/Data/NetStandard/compat/2.1.0/shims/netfx/System.Drawing.dll"
-r:"C:/Program Files/Unity/Hub/Editor/6000.5.1f1/Editor/Data/NetStandard/compat/2.1.0/shims/netfx/System.IO.Compression.FileSystem.dll"
-r:"C:/Program Files/Unity/Hub/Editor/6000.5.1f1/Editor/Data/NetStandard/compat/2.1.0/shims/netfx/System.Net.dll"
-r:"C:/Program Files/Unity/Hub/Editor/6000.5.1f1/Editor/Data/NetStandard/compat/2.1.0/shims/netfx/System.Numerics.dll"
-r:"C:/Program Files/Unity/Hub/Editor/6000.5.1f1/Editor/Data/NetStandard/compat/2.1.0/shims/netfx/System.Runtime.Serialization.dll"
-r:"C:/Program Files/Unity/Hub/Editor/6000.5.1f1/Editor/Data/NetStandard/compat/2.1.0/shims/netfx/System.ServiceModel.Web.dll"
-r:"C:/Program Files/Unity/Hub/Editor/6000.5.1f1/Editor/Data/NetStandard/compat/2.1.0/shims/netfx/System.Transactions.dll"
-r:"C:/Program Files/Unity/Hub/Editor/6000.5.1f1/Editor/Data/NetStandard/compat/2.1.0/shims/netfx/System.Web.dll"
-r:"C:/Program Files/Unity/Hub/Editor/6000.5.1f1/Editor/Data/NetStandard/compat/2.1.0/shims/netfx/System.Windows.dll"
-r:"C:/Program Files/Unity/Hub/Editor/6000.5.1f1/Editor/Data/NetStandard/compat/2.1.0/shims/netfx/System.Xml.Linq.dll"
-r:"C:/Program Files/Unity/Hub/Editor/6000.5.1f1/Editor/Data/NetStandard/compat/2.1.0/shims/netfx/System.Xml.Serialization.dll"
-r:"C:/Program Files/Unity/Hub/Editor/6000.5.1f1/Editor/Data/NetStandard/compat/2.1.0/shims/netfx/System.Xml.dll"
-r:"C:/Program Files/Unity/Hub/Editor/6000.5.1f1/Editor/Data/NetStandard/compat/2.1.0/shims/netfx/System.dll"
-r:"C:/Program Files/Unity/Hub/Editor/6000.5.1f1/Editor/Data/NetStandard/compat/2.1.0/shims/netfx/mscorlib.dll"
-r:"C:/Program Files/Unity/Hub/Editor/6000.5.1f1/Editor/Data/NetStandard/compat/2.1.0/shims/netstandard/Microsoft.Win32.Primitives.dll"
-r:"C:/Program Files/Unity/Hub/Editor/6000.5.1f1/Editor/Data/NetStandard/compat/2.1.0/shims/netstandard/System.AppContext.dll"
-r:"C:/Program Files/Unity/Hub/Editor/6000.5.1f1/Editor/Data/NetStandard/compat/2.1.0/shims/netstandard/System.Buffers.dll"
-r:"C:/Program Files/Unity/Hub/Editor/6000.5.1f1/Editor/Data/NetStandard/compat/2.1.0/shims/netstandard/System.Collections.Concurrent.dll"
-r:"C:/Program Files/Unity/Hub/Editor/6000.5.1f1/Editor/Data/NetStandard/compat/2.1.0/shims/netstandard/System.Collections.NonGeneric.dll"
-r:"C:/Program Files/Unity/Hub/Editor/6000.5.1f1/Editor/Data/NetStandard/compat/2.1.0/shims/netstandard/System.Collections.Specialized.dll"
-r:"C:/Program Files/Unity/Hub/Editor/6000.5.1f1/Editor/Data/NetStandard/compat/2.1.0/shims/netstandard/System.Collections.dll"
-r:"C:/Program Files/Unity/Hub/Editor/6000.5.1f1/Editor/Data/NetStandard/compat/2.1.0/shims/netstandard/System.ComponentModel.EventBasedAsync.dll"
-r:"C:/Program Files/Unity/Hub/Editor/6000.5.1f1/Editor/Data/NetStandard/compat/2.1.0/shims/netstandard/System.ComponentModel.Primitives.dll"
-r:"C:/Program Files/Unity/Hub/Editor/6000.5.1f1/Editor/Data/NetStandard/compat/2.1.0/shims/netstandard/System.ComponentModel.TypeConverter.dll"
-r:"C:/Program Files/Unity/Hub/Editor/6000.5.1f1/Editor/Data/NetStandard/compat/2.1.0/shims/netstandard/System.ComponentModel.dll"
-r:"C:/Program Files/Unity/Hub/Editor/6000.5.1f1/Editor/Data/NetStandard/compat/2.1.0/shims/netstandard/System.Console.dll"
-r:"C:/Program Files/Unity/Hub/Editor/6000.5.1f1/Editor/Data/NetStandard/compat/2.1.0/shims/netstandard/System.Data.Common.dll"
-r:"C:/Program Files/Unity/Hub/Editor/6000.5.1f1/Editor/Data/NetStandard/compat/2.1.0/shims/netstandard/System.Diagnostics.Contracts.dll"
-r:"C:/Program Files/Unity/Hub/Editor/6000.5.1f1/Editor/Data/NetStandard/compat/2.1.0/shims/netstandard/System.Diagnostics.Debug.dll"
-r:"C:/Program Files/Unity/Hub/Editor/6000.5.1f1/Editor/Data/NetStandard/compat/2.1.0/shims/netstandard/System.Diagnostics.FileVersionInfo.dll"
-r:"C:/Program Files/Unity/Hub/Editor/6000.5.1f1/Editor/Data/NetStandard/compat/2.1.0/shims/netstandard/System.Diagnostics.Process.dll"
-r:"C:/Program Files/Unity/Hub/Editor/6000.5.1f1/Editor/Data/NetStandard/compat/2.1.0/shims/netstandard/System.Diagnostics.StackTrace.dll"
-r:"C:/Program Files/Unity/Hub/Editor/6000.5.1f1/Editor/Data/NetStandard/compat/2.1.0/shims/netstandard/System.Diagnostics.TextWriterTraceListener.dll"
-r:"C:/Program Files/Unity/Hub/Editor/6000.5.1f1/Editor/Data/NetStandard/compat/2.1.0/shims/netstandard/System.Diagnostics.Tools.dll"
-r:"C:/Program Files/Unity/Hub/Editor/6000.5.1f1/Editor/Data/NetStandard/compat/2.1.0/shims/netstandard/System.Diagnostics.TraceSource.dll"
-r:"C:/Program Files/Unity/Hub/Editor/6000.5.1f1/Editor/Data/NetStandard/compat/2.1.0/shims/netstandard/System.Diagnostics.Tracing.dll"
-r:"C:/Program Files/Unity/Hub/Editor/6000.5.1f1/Editor/Data/NetStandard/compat/2.1.0/shims/netstandard/System.Drawing.Primitives.dll"
-r:"C:/Program Files/Unity/Hub/Editor/6000.5.1f1/Editor/Data/NetStandard/compat/2.1.0/shims/netstandard/System.Dynamic.Runtime.dll"
-r:"C:/Program Files/Unity/Hub/Editor/6000.5.1f1/Editor/Data/NetStandard/compat/2.1.0/shims/netstandard/System.Globalization.Calendars.dll"
-r:"C:/Program Files/Unity/Hub/Editor/6000.5.1f1/Editor/Data/NetStandard/compat/2.1.0/shims/netstandard/System.Globalization.Extensions.dll"
-r:"C:/Program Files/Unity/Hub/Editor/6000.5.1f1/Editor/Data/NetStandard/compat/2.1.0/shims/netstandard/System.Globalization.dll"
-r:"C:/Program Files/Unity/Hub/Editor/6000.5.1f1/Editor/Data/NetStandard/compat/2.1.0/shims/netstandard/System.IO.Compression.ZipFile.dll"
-r:"C:/Program Files/Unity/Hub/Editor/6000.5.1f1/Editor/Data/NetStandard/compat/2.1.0/shims/netstandard/System.IO.Compression.dll"
-r:"C:/Program Files/Unity/Hub/Editor/6000.5.1f1/Editor/Data/NetStandard/compat/2.1.0/shims/netstandard/System.IO.FileSystem.DriveInfo.dll"
-r:"C:/Program Files/Unity/Hub/Editor/6000.5.1f1/Editor/Data/NetStandard/compat/2.1.0/shims/netstandard/System.IO.FileSystem.Primitives.dll"
-r:"C:/Program Files/Unity/Hub/Editor/6000.5.1f1/Editor/Data/NetStandard/compat/2.1.0/shims/netstandard/System.IO.FileSystem.Watcher.dll"
-r:"C:/Program Files/Unity/Hub/Editor/6000.5.1f1/Editor/Data/NetStandard/compat/2.1.0/shims/netstandard/System.IO.FileSystem.dll"
-r:"C:/Program Files/Unity/Hub/Editor/6000.5.1f1/Editor/Data/NetStandard/compat/2.1.0/shims/netstandard/System.IO.IsolatedStorage.dll"
-r:"C:/Program Files/Unity/Hub/Editor/6000.5.1f1/Editor/Data/NetStandard/compat/2.1.0/shims/netstandard/System.IO.MemoryMappedFiles.dll"
-r:"C:/Program Files/Unity/Hub/Editor/6000.5.1f1/Editor/Data/NetStandard/compat/2.1.0/shims/netstandard/System.IO.Pipes.dll"
-r:"C:/Program Files/Unity/Hub/Editor/6000.5.1f1/Editor/Data/NetStandard/compat/2.1.0/shims/netstandard/System.IO.UnmanagedMemoryStream.dll"
-r:"C:/Program Files/Unity/Hub/Editor/6000.5.1f1/Editor/Data/NetStandard/compat/2.1.0/shims/netstandard/System.IO.dll"
-r:"C:/Program Files/Unity/Hub/Editor/6000.5.1f1/Editor/Data/NetStandard/compat/2.1.0/shims/netstandard/System.Linq.Expressions.dll"
-r:"C:/Program Files/Unity/Hub/Editor/6000.5.1f1/Editor/Data/NetStandard/compat/2.1.0/shims/netstandard/System.Linq.Parallel.dll"
-r:"C:/Program Files/Unity/Hub/Editor/6000.5.1f1/Editor/Data/NetStandard/compat/2.1.0/shims/netstandard/System.Linq.Queryable.dll"
-r:"C:/Program Files/Unity/Hub/Editor/6000.5.1f1/Editor/Data/NetStandard/compat/2.1.0/shims/netstandard/System.Linq.dll"
-r:"C:/Program Files/Unity/Hub/Editor/6000.5.1f1/Editor/Data/NetStandard/compat/2.1.0/shims/netstandard/System.Memory.dll"
-r:"C:/Program Files/Unity/Hub/Editor/6000.5.1f1/Editor/Data/NetStandard/compat/2.1.0/shims/netstandard/System.Net.Http.dll"
-r:"C:/Program Files/Unity/Hub/Editor/6000.5.1f1/Editor/Data/NetStandard/compat/2.1.0/shims/netstandard/System.Net.NameResolution.dll"
-r:"C:/Program Files/Unity/Hub/Editor/6000.5.1f1/Editor/Data/NetStandard/compat/2.1.0/shims/netstandard/System.Net.NetworkInformation.dll"
-r:"C:/Program Files/Unity/Hub/Editor/6000.5.1f1/Editor/Data/NetStandard/compat/2.1.0/shims/netstandard/System.Net.Ping.dll"
-r:"C:/Program Files/Unity/Hub/Editor/6000.5.1f1/Editor/Data/NetStandard/compat/2.1.0/shims/netstandard/System.Net.Primitives.dll"
-r:"C:/Program Files/Unity/Hub/Editor/6000.5.1f1/Editor/Data/NetStandard/compat/2.1.0/shims/netstandard/System.Net.Requests.dll"
-r:"C:/Program Files/Unity/Hub/Editor/6000.5.1f1/Editor/Data/NetStandard/compat/2.1.0/shims/netstandard/System.Net.Security.dll"
-r:"C:/Program Files/Unity/Hub/Editor/6000.5.1f1/Editor/Data/NetStandard/compat/2.1.0/shims/netstandard/System.Net.Sockets.dll"
-r:"C:/Program Files/Unity/Hub/Editor/6000.5.1f1/Editor/Data/NetStandard/compat/2.1.0/shims/netstandard/System.Net.WebHeaderCollection.dll"
-r:"C:/Program Files/Unity/Hub/Editor/6000.5.1f1/Editor/Data/NetStandard/compat/2.1.0/shims/netstandard/System.Net.WebSockets.Client.dll"
-r:"C:/Program Files/Unity/Hub/Editor/6000.5.1f1/Editor/Data/NetStandard/compat/2.1.0/shims/netstandard/System.Net.WebSockets.dll"
-r:"C:/Program Files/Unity/Hub/Editor/6000.5.1f1/Editor/Data/NetStandard/compat/2.1.0/shims/netstandard/System.Numerics.Vectors.dll"
-r:"C:/Program Files/Unity/Hub/Editor/6000.5.1f1/Editor/Data/NetStandard/compat/2.1.0/shims/netstandard/System.ObjectModel.dll"
-r:"C:/Program Files/Unity/Hub/Editor/6000.5.1f1/Editor/Data/NetStandard/compat/2.1.0/shims/netstandard/System.Reflection.DispatchProxy.dll"
-r:"C:/Program Files/Unity/Hub/Editor/6000.5.1f1/Editor/Data/NetStandard/compat/2.1.0/shims/netstandard/System.Reflection.Emit.ILGeneration.dll"
-r:"C:/Program Files/Unity/Hub/Editor/6000.5.1f1/Editor/Data/NetStandard/compat/2.1.0/shims/netstandard/System.Reflection.Emit.Lightweight.dll"
-r:"C:/Program Files/Unity/Hub/Editor/6000.5.1f1/Editor/Data/NetStandard/compat/2.1.0/shims/netstandard/System.Reflection.Emit.dll"
-r:"C:/Program Files/Unity/Hub/Editor/6000.5.1f1/Editor/Data/NetStandard/compat/2.1.0/shims/netstandard/System.Reflection.Extensions.dll"
-r:"C:/Program Files/Unity/Hub/Editor/6000.5.1f1/Editor/Data/NetStandard/compat/2.1.0/shims/netstandard/System.Reflection.Primitives.dll"
-r:"C:/Program Files/Unity/Hub/Editor/6000.5.1f1/Editor/Data/NetStandard/compat/2.1.0/shims/netstandard/System.Reflection.dll"
-r:"C:/Program Files/Unity/Hub/Editor/6000.5.1f1/Editor/Data/NetStandard/compat/2.1.0/shims/netstandard/System.Resources.Reader.dll"
-r:"C:/Program Files/Unity/Hub/Editor/6000.5.1f1/Editor/Data/NetStandard/compat/2.1.0/shims/netstandard/System.Resources.ResourceManager.dll"
-r:"C:/Program Files/Unity/Hub/Editor/6000.5.1f1/Editor/Data/NetStandard/compat/2.1.0/shims/netstandard/System.Resources.Writer.dll"
-r:"C:/Program Files/Unity/Hub/Editor/6000.5.1f1/Editor/Data/NetStandard/compat/2.1.0/shims/netstandard/System.Runtime.CompilerServices.VisualC.dll"
-r:"C:/Program Files/Unity/Hub/Editor/6000.5.1f1/Editor/Data/NetStandard/compat/2.1.0/shims/netstandard/System.Runtime.Extensions.dll"
-r:"C:/Program Files/Unity/Hub/Editor/6000.5.1f1/Editor/Data/NetStandard/compat/2.1.0/shims/netstandard/System.Runtime.Handles.dll"
-r:"C:/Program Files/Unity/Hub/Editor/6000.5.1f1/Editor/Data/NetStandard/compat/2.1.0/shims/netstandard/System.Runtime.InteropServices.RuntimeInformation.dll"
-r:"C:/Program Files/Unity/Hub/Editor/6000.5.1f1/Editor/Data/NetStandard/compat/2.1.0/shims/netstandard/System.Runtime.InteropServices.dll"
-r:"C:/Program Files/Unity/Hub/Editor/6000.5.1f1/Editor/Data/NetStandard/compat/2.1.0/shims/netstandard/System.Runtime.Numerics.dll"
-r:"C:/Program Files/Unity/Hub/Editor/6000.5.1f1/Editor/Data/NetStandard/compat/2.1.0/shims/netstandard/System.Runtime.Serialization.Formatters.dll"
-r:"C:/Program Files/Unity/Hub/Editor/6000.5.1f1/Editor/Data/NetStandard/compat/2.1.0/shims/netstandard/System.Runtime.Serialization.Json.dll"
-r:"C:/Program Files/Unity/Hub/Editor/6000.5.1f1/Editor/Data/NetStandard/compat/2.1.0/shims/netstandard/System.Runtime.Serialization.Primitives.dll"
-r:"C:/Program Files/Unity/Hub/Editor/6000.5.1f1/Editor/Data/NetStandard/compat/2.1.0/shims/netstandard/System.Runtime.Serialization.Xml.dll"
-r:"C:/Program Files/Unity/Hub/Editor/6000.5.1f1/Editor/Data/NetStandard/compat/2.1.0/shims/netstandard/System.Runtime.dll"
-r:"C:/Program Files/Unity/Hub/Editor/6000.5.1f1/Editor/Data/NetStandard/compat/2.1.0/shims/netstandard/System.Security.Claims.dll"
-r:"C:/Program Files/Unity/Hub/Editor/6000.5.1f1/Editor/Data/NetStandard/compat/2.1.0/shims/netstandard/System.Security.Cryptography.Algorithms.dll"
-r:"C:/Program Files/Unity/Hub/Editor/6000.5.1f1/Editor/Data/NetStandard/compat/2.1.0/shims/netstandard/System.Security.Cryptography.Csp.dll"
-r:"C:/Program Files/Unity/Hub/Editor/6000.5.1f1/Editor/Data/NetStandard/compat/2.1.0/shims/netstandard/System.Security.Cryptography.Encoding.dll"
-r:"C:/Program Files/Unity/Hub/Editor/6000.5.1f1/Editor/Data/NetStandard/compat/2.1.0/shims/netstandard/System.Security.Cryptography.Primitives.dll"
-r:"C:/Program Files/Unity/Hub/Editor/6000.5.1f1/Editor/Data/NetStandard/compat/2.1.0/shims/netstandard/System.Security.Cryptography.X509Certificates.dll"
-r:"C:/Program Files/Unity/Hub/Editor/6000.5.1f1/Editor/Data/NetStandard/compat/2.1.0/shims/netstandard/System.Security.Principal.dll"
-r:"C:/Program Files/Unity/Hub/Editor/6000.5.1f1/Editor/Data/NetStandard/compat/2.1.0/shims/netstandard/System.Security.SecureString.dll"
-r:"C:/Program Files/Unity/Hub/Editor/6000.5.1f1/Editor/Data/NetStandard/compat/2.1.0/shims/netstandard/System.Text.Encoding.Extensions.dll"
-r:"C:/Program Files/Unity/Hub/Editor/6000.5.1f1/Editor/Data/NetStandard/compat/2.1.0/shims/netstandard/System.Text.Encoding.dll"
-r:"C:/Program Files/Unity/Hub/Editor/6000.5.1f1/Editor/Data/NetStandard/compat/2.1.0/shims/netstandard/System.Text.RegularExpressions.dll"
-r:"C:/Program Files/Unity/Hub/Editor/6000.5.1f1/Editor/Data/NetStandard/compat/2.1.0/shims/netstandard/System.Threading.Overlapped.dll"
-r:"C:/Program Files/Unity/Hub/Editor/6000.5.1f1/Editor/Data/NetStandard/compat/2.1.0/shims/netstandard/System.Threading.Tasks.Extensions.dll"
-r:"C:/Program Files/Unity/Hub/Editor/6000.5.1f1/Editor/Data/NetStandard/compat/2.1.0/shims/netstandard/System.Threading.Tasks.Parallel.dll"
-r:"C:/Program Files/Unity/Hub/Editor/6000.5.1f1/Editor/Data/NetStandard/compat/2.1.0/shims/netstandard/System.Threading.Tasks.dll"
-r:"C:/Program Files/Unity/Hub/Editor/6000.5.1f1/Editor/Data/NetStandard/compat/2.1.0/shims/netstandard/System.Threading.Thread.dll"
-r:"C:/Program Files/Unity/Hub/Editor/6000.5.1f1/Editor/Data/NetStandard/compat/2.1.0/shims/netstandard/System.Threading.ThreadPool.dll"
-r:"C:/Program Files/Unity/Hub/Editor/6000.5.1f1/Editor/Data/NetStandard/compat/2.1.0/shims/netstandard/System.Threading.Timer.dll"
-r:"C:/Program Files/Unity/Hub/Editor/6000.5.1f1/Editor/Data/NetStandard/compat/2.1.0/shims/netstandard/System.Threading.dll"
-r:"C:/Program Files/Unity/Hub/Editor/6000.5.1f1/Editor/Data/NetStandard/compat/2.1.0/shims/netstandard/System.ValueTuple.dll"
-r:"C:/Program Files/Unity/Hub/Editor/6000.5.1f1/Editor/Data/NetStandard/compat/2.1.0/shims/netstandard/System.Xml.ReaderWriter.dll"
-r:"C:/Program Files/Unity/Hub/Editor/6000.5.1f1/Editor/Data/NetStandard/compat/2.1.0/shims/netstandard/System.Xml.XDocument.dll"
-r:"C:/Program Files/Unity/Hub/Editor/6000.5.1f1/Editor/Data/NetStandard/compat/2.1.0/shims/netstandard/System.Xml.XPath.XDocument.dll"
-r:"C:/Program Files/Unity/Hub/Editor/6000.5.1f1/Editor/Data/NetStandard/compat/2.1.0/shims/netstandard/System.Xml.XPath.dll"
-r:"C:/Program Files/Unity/Hub/Editor/6000.5.1f1/Editor/Data/NetStandard/compat/2.1.0/shims/netstandard/System.Xml.XmlDocument.dll"
-r:"C:/Program Files/Unity/Hub/Editor/6000.5.1f1/Editor/Data/NetStandard/compat/2.1.0/shims/netstandard/System.Xml.XmlSerializer.dll"
-r:"C:/Program Files/Unity/Hub/Editor/6000.5.1f1/Editor/Data/NetStandard/ref/2.1.0/netstandard.dll"
-r:"Library/PackageCache/com.unity.collections@a43cabe808ca/Unity.Collections.LowLevel.ILSupport/Unity.Collections.LowLevel.ILSupport.dll"
-r:"Library/PackageCache/com.unity.ext.nunit@44f7d31723bd/net472/unity-custom/nunit.framework.dll"
-r:"Library/PackageCache/com.unity.nuget.mono-cecil@ecb9724e46ff/Mono.Cecil.dll"
-r:"Library/PackageCache/com.unity.visualscripting@8bed5ad90189/Runtime/VisualScripting.Flow/Dependencies/NCalc/Unity.VisualScripting.Antlr3.Runtime.dll"
-r:"Library/Bee/artifacts/1900b0aE.dag/Unity.2D.Sprite.Editor.ref.dll"
-r:"Library/Bee/artifacts/1900b0aE.dag/Unity.AI.Navigation.Editor.ConversionSystem.ref.dll"
-r:"Library/Bee/artifacts/1900b0aE.dag/Unity.AI.Navigation.Editor.ref.dll"
-r:"Library/Bee/artifacts/1900b0aE.dag/Unity.AI.Navigation.ref.dll"
-r:"Library/Bee/artifacts/1900b0aE.dag/Unity.AI.Navigation.Updater.ref.dll"
-r:"Library/Bee/artifacts/1900b0aE.dag/Unity.Burst.Editor.ref.dll"
-r:"Library/Bee/artifacts/1900b0aE.dag/Unity.Burst.ref.dll"
-r:"Library/Bee/artifacts/1900b0aE.dag/Unity.Collections.Editor.ref.dll"
-r:"Library/Bee/artifacts/1900b0aE.dag/Unity.Collections.ref.dll"
-r:"Library/Bee/artifacts/1900b0aE.dag/Unity.InputSystem.ForUI.ref.dll"
-r:"Library/Bee/artifacts/1900b0aE.dag/Unity.InputSystem.ref.dll"
-r:"Library/Bee/artifacts/1900b0aE.dag/Unity.InternalAPIEditorBridge.ShaderGraph.Editor.ref.dll"
-r:"Library/Bee/artifacts/1900b0aE.dag/Unity.InternalAPIEngineBridge.004.ref.dll"
-r:"Library/Bee/artifacts/1900b0aE.dag/Unity.InternalAPIEngineBridge.RenderPipelines.Core.Editor.ref.dll"
-r:"Library/Bee/artifacts/1900b0aE.dag/Unity.InternalAPIEngineBridge.RenderPipelines.Core.Runtime.Shared.ref.dll"
-r:"Library/Bee/artifacts/1900b0aE.dag/Unity.Mathematics.ref.dll"
-r:"Library/Bee/artifacts/1900b0aE.dag/Unity.Multiplayer.Center.Common.ref.dll"
-r:"Library/Bee/artifacts/1900b0aE.dag/Unity.Multiplayer.Center.Editor.ref.dll"
-r:"Library/Bee/artifacts/1900b0aE.dag/Unity.PathTracing.Editor.ref.dll"
-r:"Library/Bee/artifacts/1900b0aE.dag/Unity.PathTracing.Runtime.ref.dll"
-r:"Library/Bee/artifacts/1900b0aE.dag/Unity.PlasticSCM.Editor.ref.dll"
-r:"Library/Bee/artifacts/1900b0aE.dag/Unity.Rendering.LightTransport.Editor.ref.dll"
-r:"Library/Bee/artifacts/1900b0aE.dag/Unity.RenderPipeline.Universal.ShaderLibrary.ref.dll"
-r:"Library/Bee/artifacts/1900b0aE.dag/Unity.RenderPipelines.Core.Editor.ref.dll"
-r:"Library/Bee/artifacts/1900b0aE.dag/Unity.RenderPipelines.Core.Editor.Shared.ref.dll"
-r:"Library/Bee/artifacts/1900b0aE.dag/Unity.RenderPipelines.Core.Runtime.ref.dll"
-r:"Library/Bee/artifacts/1900b0aE.dag/Unity.RenderPipelines.Core.Runtime.Shared.ref.dll"
-r:"Library/Bee/artifacts/1900b0aE.dag/Unity.RenderPipelines.Core.ShaderLibrary.ref.dll"
-r:"Library/Bee/artifacts/1900b0aE.dag/Unity.RenderPipelines.GPUDriven.Runtime.ref.dll"
-r:"Library/Bee/artifacts/1900b0aE.dag/Unity.RenderPipelines.ShaderGraph.ShaderGraphLibrary.ref.dll"
-r:"Library/Bee/artifacts/1900b0aE.dag/Unity.RenderPipelines.Universal.2D.Editor.Overrides.ref.dll"
-r:"Library/Bee/artifacts/1900b0aE.dag/Unity.RenderPipelines.Universal.2D.Runtime.ref.dll"
-r:"Library/Bee/artifacts/1900b0aE.dag/Unity.RenderPipelines.Universal.Config.Runtime.ref.dll"
-r:"Library/Bee/artifacts/1900b0aE.dag/Unity.RenderPipelines.Universal.Editor.ref.dll"
-r:"Library/Bee/artifacts/1900b0aE.dag/Unity.RenderPipelines.Universal.Runtime.ref.dll"
-r:"Library/Bee/artifacts/1900b0aE.dag/Unity.RenderPipelines.Universal.Shaders.ref.dll"
-r:"Library/Bee/artifacts/1900b0aE.dag/Unity.Rider.Editor.ref.dll"
-r:"Library/Bee/artifacts/1900b0aE.dag/Unity.Searcher.Editor.ref.dll"
-r:"Library/Bee/artifacts/1900b0aE.dag/Unity.ShaderGraph.Editor.ref.dll"
-r:"Library/Bee/artifacts/1900b0aE.dag/Unity.SurfaceCache.Runtime.ref.dll"
-r:"Library/Bee/artifacts/1900b0aE.dag/Unity.TextMeshPro.Editor.ref.dll"
-r:"Library/Bee/artifacts/1900b0aE.dag/Unity.TextMeshPro.ref.dll"
-r:"Library/Bee/artifacts/1900b0aE.dag/Unity.Timeline.Editor.ref.dll"
-r:"Library/Bee/artifacts/1900b0aE.dag/Unity.Timeline.ref.dll"
-r:"Library/Bee/artifacts/1900b0aE.dag/Unity.UnifiedRayTracing.Runtime.ref.dll"
-r:"Library/Bee/artifacts/1900b0aE.dag/Unity.VisualScripting.Core.Editor.ref.dll"
-r:"Library/Bee/artifacts/1900b0aE.dag/Unity.VisualScripting.Core.ref.dll"
-r:"Library/Bee/artifacts/1900b0aE.dag/Unity.VisualScripting.Flow.Editor.ref.dll"
-r:"Library/Bee/artifacts/1900b0aE.dag/Unity.VisualScripting.Flow.ref.dll"
-r:"Library/Bee/artifacts/1900b0aE.dag/Unity.VisualScripting.SettingsProvider.Editor.ref.dll"
-r:"Library/Bee/artifacts/1900b0aE.dag/Unity.VisualScripting.Shared.Editor.ref.dll"
-r:"Library/Bee/artifacts/1900b0aE.dag/Unity.VisualScripting.State.Editor.ref.dll"
-r:"Library/Bee/artifacts/1900b0aE.dag/Unity.VisualScripting.State.ref.dll"
-r:"Library/Bee/artifacts/1900b0aE.dag/Unity.VisualStudio.Editor.ref.dll"
-r:"Library/Bee/artifacts/1900b0aE.dag/UnityEditor.UI.Analytics.ref.dll"
-r:"Library/Bee/artifacts/1900b0aE.dag/UnityEditor.UI.ref.dll"
-r:"Library/Bee/artifacts/1900b0aE.dag/UnityEngine.UI.ref.dll"
-analyzer:"C:/Program Files/Unity/Hub/Editor/6000.5.1f1/Editor/Data/BCLExtensions/TargetingPacks/netstandard2.1/analyzers/dotnet/roslyn4.0/cs/Microsoft.Extensions.Logging.Generators.dll"
-analyzer:"C:/Program Files/Unity/Hub/Editor/6000.5.1f1/Editor/Data/BCLExtensions/TargetingPacks/netstandard2.1/analyzers/dotnet/roslyn4.0/cs/System.Text.Json.SourceGeneration.dll"
-analyzer:"C:/Program Files/Unity/Hub/Editor/6000.5.1f1/Editor/Data/Tools/BuildPipeline/Unity.Analyzers.Common/Unity.Analyzers.Common.dll"
-analyzer:"C:/Program Files/Unity/Hub/Editor/6000.5.1f1/Editor/Data/Tools/BuildPipeline/Unity.Analyzers.LongLiving/Unity.Analyzers.LongLiving.dll"
-analyzer:"C:/Program Files/Unity/Hub/Editor/6000.5.1f1/Editor/Data/Tools/BuildPipeline/Unity.SourceGenerators/Unity.Properties.SourceGenerator.dll"
-analyzer:"C:/Program Files/Unity/Hub/Editor/6000.5.1f1/Editor/Data/Tools/BuildPipeline/Unity.SourceGenerators/Unity.SourceGenerators.dll"
-analyzer:"C:/Program Files/Unity/Hub/Editor/6000.5.1f1/Editor/Data/Tools/BuildPipeline/Unity.SourceGenerators/Unity.UIToolkit.SourceGenerator.dll"
"Assets/Billboard.cs"
"Assets/DungeonCore3D.cs"
"Assets/Scripts/Build/NewEmptyCSharpScript.cs"
"Assets/Scripts/Builder/BuildManager.cs"
"Assets/Scripts/Builder/BuileMode.cs"
"Assets/Scripts/Builder/PlaceableObject.cs"
"Assets/Scripts/Builder/TileSelector.cs"
"Assets/Scripts/Enemy/AdventureData.cs"
"Assets/Scripts/Enemy/Monster.cs"
"Assets/Scripts/Enemy/instruderNavMesh.cs"
"Assets/Scripts/Grid/GridManager.cs"
"Assets/Scripts/Grid/Tile.cs"
"Assets/Scripts/Grid/TileType.cs"
"Assets/Scripts/Managers/CameraController.cs"
"Assets/Scripts/Managers/EnemySpawner..cs"
"Assets/Scripts/Managers/GameManager.cs"
"Assets/Scripts/Managers/Highlightable.cs"
"Assets/Scripts/Managers/PreviewManager.cs"
"Assets/Scripts/Managers/ReadyButtonController.cs"
"Assets/Scripts/Managers/WaveManager.cs"
"Assets/Scripts/UI/BuildMenuUI.cs"
"Assets/Scripts/UI/ChangeMenuUI.cs"
"Assets/Scripts/UI/GameStartManager.cs"
"Assets/Scripts/UI/MonsterMenuUI.cs"
"Assets/TextMesh Pro/Examples & Extras/Scripts/Benchmark01.cs"
"Assets/TextMesh Pro/Examples & Extras/Scripts/Benchmark01_UGUI.cs"
"Assets/TextMesh Pro/Examples & Extras/Scripts/Benchmark02.cs"
"Assets/TextMesh Pro/Examples & Extras/Scripts/Benchmark03.cs"
"Assets/TextMesh Pro/Examples & Extras/Scripts/Benchmark04.cs"
"Assets/TextMesh Pro/Examples & Extras/Scripts/CameraController.cs"
"Assets/TextMesh Pro/Examples & Extras/Scripts/ChatController.cs"
"Assets/TextMesh Pro/Examples & Extras/Scripts/DropdownSample.cs"
"Assets/TextMesh Pro/Examples & Extras/Scripts/EnvMapAnimator.cs"
"Assets/TextMesh Pro/Examples & Extras/Scripts/ObjectSpin.cs"
"Assets/TextMesh Pro/Examples & Extras/Scripts/ShaderPropAnimator.cs"
"Assets/TextMesh Pro/Examples & Extras/Scripts/SimpleScript.cs"
"Assets/TextMesh Pro/Examples & Extras/Scripts/SkewTextExample.cs"
"Assets/TextMesh Pro/Examples & Extras/Scripts/TMP_DigitValidator.cs"
"Assets/TextMesh Pro/Examples & Extras/Scripts/TMP_ExampleScript_01.cs"
"Assets/TextMesh Pro/Examples & Extras/Scripts/TMP_FrameRateCounter.cs"
"Assets/TextMesh Pro/Examples & Extras/Scripts/TMP_PhoneNumberValidator.cs"
"Assets/TextMesh Pro/Examples & Extras/Scripts/TMP_TextEventCheck.cs"
"Assets/TextMesh Pro/Examples & Extras/Scripts/TMP_TextEventHandler.cs"
"Assets/TextMesh Pro/Examples & Extras/Scripts/TMP_TextInfoDebugTool.cs"
"Assets/TextMesh Pro/Examples & Extras/Scripts/TMP_TextSelector_A.cs"
"Assets/TextMesh Pro/Examples & Extras/Scripts/TMP_TextSelector_B.cs"
"Assets/TextMesh Pro/Examples & Extras/Scripts/TMP_UiFrameRateCounter.cs"
"Assets/TextMesh Pro/Examples & Extras/Scripts/TMPro_InstructionOverlay.cs"
"Assets/TextMesh Pro/Examples & Extras/Scripts/TeleType.cs"
"Assets/TextMesh Pro/Examples & Extras/Scripts/TextConsoleSimulator.cs"
"Assets/TextMesh Pro/Examples & Extras/Scripts/TextMeshProFloatingText.cs"
"Assets/TextMesh Pro/Examples & Extras/Scripts/TextMeshSpawner.cs"
"Assets/TextMesh Pro/Examples & Extras/Scripts/VertexColorCycler.cs"
"Assets/TextMesh Pro/Examples & Extras/Scripts/VertexJitter.cs"
"Assets/TextMesh Pro/Examples & Extras/Scripts/VertexShakeA.cs"
"Assets/TextMesh Pro/Examples & Extras/Scripts/VertexShakeB.cs"
"Assets/TextMesh Pro/Examples & Extras/Scripts/VertexZoom.cs"
"Assets/TextMesh Pro/Examples & Extras/Scripts/WarpTextExample.cs"
-langversion:9.0
/deterministic
/optimize+
/debug:portable
/nologo
/RuntimeMetadataVersion:v4.0.30319
/nowarn:0169
/nowarn:0649
/nowarn:0282
/nowarn:1701
/nowarn:1702
/utf8output
/preferreduilang:en-US
/additionalfile:"Library/Bee/artifacts/1900b0aE.dag/Assembly-CSharp.UnityAdditionalFile.txt"
##### Custom Environment Variables
DOTNET_HOST_PATH=C:\Program Files\Unity\Hub\Editor\6000.5.1f1\Editor\Data\DotNetSdk\dotnet.exe
DOTNET_MULTILEVEL_LOOKUP=0
##### ExitCode
1
##### Output
Assets\Scripts\Managers\WaveManager.cs(138,25): error CS1061: 'EnemySpawner' does not contain a definition for 'SpawnEnemyByRank' and no accessible extension method 'SpawnEnemyByRank' accepting a first argument of type 'EnemySpawner' could be found (are you missing a using directive or an assembly reference?)

Assets\Scripts\Managers\WaveManager.cs(156,58): warning CS0618: 'FindObjectsSortMode' is obsolete: 'FindObjectsSortMode has been deprecated. Use the FindObjectsByType overloads that do not take a FindObjectsSortMode parameter.'

Assets\Scripts\Managers\WaveManager.cs(156,16): warning CS0618: 'Object.FindObjectsByType<T>(FindObjectsSortMode)' is obsolete: 'FindObjectsByType with FindObjectsSortMode parameter has been deprecated. Use FindObjectsByType<T>() or FindObjectsByType<T>(FindObjectsInactive) instead. InstanceID will be replaced in the future with EntityId and previous sort order cannot be maintained.'
*** Tundra build failed (0.26 seconds), 2 items updated, 916 evaluated
Assets\Scripts\Managers\WaveManager.cs(138,25): error CS1061: 'EnemySpawner' does not contain a definition for 'SpawnEnemyByRank' and no accessible extension method 'SpawnEnemyByRank' accepting a first argument of type 'EnemySpawner' could be found (are you missing a using directive or an assembly reference?)
Assets\Scripts\Managers\WaveManager.cs(156,58): warning CS0618: 'FindObjectsSortMode' is obsolete: 'FindObjectsSortMode has been deprecated. Use the FindObjectsByType overloads that do not take a FindObjectsSortMode parameter.'
Assets\Scripts\Managers\WaveManager.cs(156,16): warning CS0618: 'Object.FindObjectsByType<T>(FindObjectsSortMode)' is obsolete: 'FindObjectsByType with FindObjectsSortMode parameter has been deprecated. Use FindObjectsByType<T>() or FindObjectsByType<T>(FindObjectsInactive) instead. InstanceID will be replaced in the future with EntityId and previous sort order cannot be maintained.'
Total cache size 65084268
Total cache size after purge 65084268, took 00:00:00.0423031

Asset Pipeline Refresh (id=acace92567b00f1489c541ede0df9f82): Total: 0.423 seconds - Initiated by RefreshV2(AllowForceSynchronousImport)
	(Values over 0.05ms)
	Summary:
		Imports: total=0 (actual=0, local cache=0, cache server=0)
		Asset DB Process Time: managed=0 ms, native=58 ms
		Asset DB Callback time: managed=23 ms, native=3 ms
		Scripting: domain reloads=0, domain reload time=0 ms, compile time=337 ms, other=0 ms
		Project Asset Count: scripts=1373, non-scripts=2479
		Asset File Changes: new=0, changed=1, moved=0, deleted=0
		Scan Filter Count: 0
	InvokePackagesCallback: 0.637ms
	ApplyChangesToAssetFolders: 0.193ms
	Scan: 4.491ms
	Collect global state as custom dependencies: 0.089ms
	ProcessAssetsWithTransientArtifactChanges: 0.119ms
	CategorizeAssets: 12.687ms
	CompileScripts: 336.798ms
	ImportOutOfDateAssets: 31.604ms (6.448ms without children)
		UnloadImportedAssets: 0.214ms
		EnsureUptoDateAssetsAreRegisteredWithGuidPM: 0.319ms
		ImportSchedulerStart: 24.587ms
	PostProcessAllAssets: 24.946ms
		XRBuildSystem.XRAssetImported 1.465ms
		MonoPostProcessAllAssets: 23.356ms
			AssetPostprocessor.OnPostprocessAllAssets 1.959ms
			SyncVS.PostprocessSyncProject 1.729ms
			SampleDependencyImporterPostProcessor.OnPostprocessAllAssets 0.799ms
			ArtifactBrowserPostProcessor.OnPostprocessAllAssets 0.766ms
			ShaderGraphAssetPostProcessor.OnPostprocessAllAssets 0.734ms
			AssetChangedListener.OnPostprocessAllAssets 0.415ms
			TMPro_TexturePostProcessor.OnPostprocessAllAssets 0.277ms
			TerrainToolbarOverlayPostProcessor.OnPostprocessAllAssets 0.222ms
			SpriteEditorTexturePostprocessor.OnPostprocessAllAssets 0.173ms
			RetainedModeAssetPostprocessor.OnPostprocessAllAssets 0.166ms
			RenderPipelineGlobalSettingsPostprocessor.OnPostprocessAllAssets 0.114ms
			SamplePostprocessor.OnPostprocessAllAssets 0.093ms
	PostAssetChangesProfiler: 2.137ms
	GatherAllCurrentPrimaryImportResultRevisions: 0.086ms
	UnloadStreamsBegin: 2.110ms
	PersistCurrentRevisions: 0.077ms
	Untracked: 6.914ms

[ScriptCompilation] Requested script compilation because: AssetDatabase observed changes in script compilation related files
info: Microsoft.AspNetCore.Hosting.Diagnostics[1]
      Request starting HTTP/2 POST http://ilpp/UnityILPP.PostProcessing/Ping - application/grpc -
info: Microsoft.AspNetCore.Routing.EndpointMiddleware[0]
      Executing endpoint 'gRPC - /UnityILPP.PostProcessing/Ping'
info: Microsoft.AspNetCore.Routing.EndpointMiddleware[1]
      Executed endpoint 'gRPC - /UnityILPP.PostProcessing/Ping'
info: Microsoft.AspNetCore.Hosting.Diagnostics[2]
      Request finished HTTP/2 POST http://ilpp/UnityILPP.PostProcessing/Ping - 200 - application/grpc 0.2221ms
Starting: C:\Program Files\Unity\Hub\Editor\6000.5.1f1\Editor\Data\Tools\BuildPipeline\bee_backend.exe --ipc --defer-dag-verification --dagfile="Library/Bee/1900b0aE.dag" --continue-on-failure --profile="Library/Bee/backend1.traceevents" ScriptAssemblies
WorkingDir: C:/Users/Kouta/Documents/Growing_Dungeon_UL
info: Microsoft.AspNetCore.Hosting.Diagnostics[1]
      Request starting HTTP/2 POST http://ilpp/UnityILPP.PostProcessing/ConfigurePostProcessors - application/grpc -
info: Microsoft.AspNetCore.Routing.EndpointMiddleware[0]
      Executing endpoint 'gRPC - /UnityILPP.PostProcessing/ConfigurePostProcessors'
info: Unity.ILPP.Runner.PostProcessingAssemblyLoadContext[0]
      Current configuration matches the requested one, skipping
info: Microsoft.AspNetCore.Routing.EndpointMiddleware[1]
      Executed endpoint 'gRPC - /UnityILPP.PostProcessing/ConfigurePostProcessors'
info: Microsoft.AspNetCore.Hosting.Diagnostics[2]
      Request finished HTTP/2 POST http://ilpp/UnityILPP.PostProcessing/ConfigurePostProcessors - 200 - application/grpc 0.6933ms
info: Microsoft.AspNetCore.Hosting.Diagnostics[1]
      Request starting HTTP/2 POST http://ilpp/UnityILPP.PostProcessing/PostProcessAssembly - application/grpc -
info: Microsoft.AspNetCore.Routing.EndpointMiddleware[0]
      Executing endpoint 'gRPC - /UnityILPP.PostProcessing/PostProcessAssembly'
info: Unity.ILPP.Runner.PostProcessingPipeline[0]
      Processing assembly Library/Bee/artifacts/1900b0aE.dag/Assembly-CSharp.dll, with 142 defines and 338 references
info: Unity.ILPP.Runner.PostProcessingPipeline[0]
      processors: Unity.Jobs.CodeGen.JobsILPostProcessor, zzzUnity.Burst.CodeGen.BurstILPostProcessor
info: Unity.ILPP.Runner.PostProcessingPipeline[0]
      running Unity.Jobs.CodeGen.JobsILPostProcessor
info: Unity.ILPP.Runner.PostProcessingAssemblyLoadContext[0]
      Resolved Unity.Collections, Version=0.0.0.0, Culture=neutral, PublicKeyToken=null with Library\Bee\artifacts\1900b0aE.dag\Unity.Collections.dll
info: Unity.ILPP.Runner.PostProcessingAssemblyLoadContext[0]
      Resolved UnityEditor.CoreModule, Version=0.0.0.0, Culture=neutral, PublicKeyToken=null with C:\Program Files\Unity\Hub\Editor\6000.5.1f1\Editor\Data\Managed\UnityEngine\UnityEditor.CoreModule.dll
info: Unity.ILPP.Runner.PostProcessingAssemblyLoadContext[0]
      Resolved UnityEngine.CoreModule, Version=0.0.0.0, Culture=neutral, PublicKeyToken=null with C:\Program Files\Unity\Hub\Editor\6000.5.1f1\Editor\Data\Managed\UnityEngine\UnityEngine.CoreModule.dll
info: Unity.ILPP.Runner.PostProcessingAssemblyLoadContext[0]
      Resolved Unity.Scripting, Version=0.0.0.0, Culture=neutral, PublicKeyToken=null with C:\Program Files\Unity\Hub\Editor\6000.5.1f1\Editor\Data\Managed\UnityEngine\Unity.Scripting.dll
info: Unity.ILPP.Runner.PostProcessingPipeline[0]
      running zzzUnity.Burst.CodeGen.BurstILPostProcessor
info: Unity.ILPP.Runner.PostProcessingAssemblyLoadContext[0]
      Resolved Unity.Burst.Cecil.Rocks, Version=0.11.6.0, Culture=neutral, PublicKeyToken=50cebf1cceb9d05e with Library\PackageCache\com.unity.burst@6bb9aca3ef38\Unity.Burst.CodeGen\Unity.Burst.Cecil.Rocks.dll
info: Microsoft.AspNetCore.Routing.EndpointMiddleware[1]
      Executed endpoint 'gRPC - /UnityILPP.PostProcessing/PostProcessAssembly'
info: Microsoft.AspNetCore.Hosting.Diagnostics[2]
      Request finished HTTP/2 POST http://ilpp/UnityILPP.PostProcessing/PostProcessAssembly - 200 - application/grpc 321.1947ms
ExitCode: 0 Duration: 0s643ms
[722/916    0s] ILPP-Configuration Library/ilpp-configuration.nevergeneratedoutput
[912/916    0s] Csc Library/Bee/artifacts/1900b0aE.dag/Assembly-CSharp.dll (+2 others)
Assets\Scripts\Managers\WaveManager.cs(156,58): warning CS0618: 'FindObjectsSortMode' is obsolete: 'FindObjectsSortMode has been deprecated. Use the FindObjectsByType overloads that do not take a FindObjectsSortMode parameter.'

Assets\Scripts\Managers\WaveManager.cs(156,16): warning CS0618: 'Object.FindObjectsByType<T>(FindObjectsSortMode)' is obsolete: 'FindObjectsByType with FindObjectsSortMode parameter has been deprecated. Use FindObjectsByType<T>() or FindObjectsByType<T>(FindObjectsInactive) instead. InstanceID will be replaced in the future with EntityId and previous sort order cannot be maintained.'
[913/916    0s] ILPostProcess Library/Bee/artifacts/1900b0aE.dag/post-processed/Assembly-CSharp.dll (+pdb)
Processing assembly Library/Bee/artifacts/1900b0aE.dag/Assembly-CSharp.dll, with 142 defines and 338 references

processors: Unity.Jobs.CodeGen.JobsILPostProcessor, zzzUnity.Burst.CodeGen.BurstILPostProcessor

running Unity.Jobs.CodeGen.JobsILPostProcessor

running zzzUnity.Burst.CodeGen.BurstILPostProcessor
[914/916    0s] CopyFiles Library/ScriptAssemblies/Assembly-CSharp.pdb
[915/916    0s] CopyFiles Library/ScriptAssemblies/Assembly-CSharp.dll
*** Tundra build success (0.63 seconds), 5 items updated, 916 evaluated
Assets\Scripts\Managers\WaveManager.cs(156,58): warning CS0618: 'FindObjectsSortMode' is obsolete: 'FindObjectsSortMode has been deprecated. Use the FindObjectsByType overloads that do not take a FindObjectsSortMode parameter.'
Assets\Scripts\Managers\WaveManager.cs(156,16): warning CS0618: 'Object.FindObjectsByType<T>(FindObjectsSortMode)' is obsolete: 'FindObjectsByType with FindObjectsSortMode parameter has been deprecated. Use FindObjectsByType<T>() or FindObjectsByType<T>(FindObjectsInactive) instead. InstanceID will be replaced in the future with EntityId and previous sort order cannot be maintained.'
Reloading assemblies after forced synchronous recompile.
Total cache size 65084268
Total cache size after purge 65084268, took 00:00:00.0362211
Begin MonoManager ReloadAssembly
Native extension for WindowsStandalone target not found
Native extension for WebGL target not found
[MODES] ModeService[none].Initialize
[MODES] ModeService[none].LoadModes
ScheduleIndexationOnStartup MainProcess:True IndexOnStartup:True
Mono: successfully reloaded assembly
- Finished resetting the current domain, in  1.058 seconds
Domain Reload Profiling: 1991ms
	BeginReloadAssembly (663ms)
		DisableScriptedObjects (135ms)
		CreateAndSetChildDomain (363ms)
	RebuildCommonClasses (6ms)
	RebuildNativeTypeToScriptingClass (11ms)
	initialDomainReloadingComplete (32ms)
	LoadAllAssembliesAndSetupDomain (221ms)
		LoadAssemblies (72ms)
		AnalyzeDomain (127ms)
			TypeCache.Refresh (7ms)
			BuildScriptInfoCaches (114ms)
			ResolveRequiredComponents (5ms)
	FinalizeReload (1058ms)
		SetupLoadedEditorAssemblies (0ms)
			BeforeProcessingInitializeOnLoad (117ms)
			ProcessInitializeOnLoadAttributes (208ms)
			ProcessInitializeOnLoadMethodAttributes (82ms)
			AfterProcessingInitializeOnLoad (3ms)
		AwakeInstancesAfterBackupRestoration (346ms)

Asset Pipeline Refresh (id=6cae6083c5db2af49beb9f400cc95b02): Total: 2.892 seconds - Initiated by RefreshV2(AllowForceSynchronousImport)
	(Values over 0.05ms)
	Summary:
		Imports: total=0 (actual=0, local cache=0, cache server=0)
		Asset DB Process Time: managed=0 ms, native=1156 ms
		Asset DB Callback time: managed=37 ms, native=4 ms
		Scripting: domain reloads=1, domain reload time=969 ms, compile time=724 ms, other=0 ms
		Project Asset Count: scripts=1373, non-scripts=2479
		Asset File Changes: new=0, changed=1, moved=0, deleted=0
		Scan Filter Count: 0
	InvokePackagesCallback: 1.235ms
	ApplyChangesToAssetFolders: 0.346ms
	Scan: 4.838ms
	Collect global state as custom dependencies: 1.436ms
	ProcessAssetsWithTransientArtifactChanges: 4.234ms
	CategorizeAssets: 34.210ms
	CompileScripts: 723.752ms
	ImportOutOfDateAssets: 1083.610ms (1066.082ms without children)
		CollectScriptTypesHashes: 1.292ms
		ReloadNativeAssets: 0.867ms
		UnloadImportedAssets: 0.111ms
		EnsureUptoDateAssetsAreRegisteredWithGuidPM: 0.428ms
		ImportSchedulerStart: 16.100ms
	PostProcessAllAssets: 38.229ms
		XRBuildSystem.XRAssetImported 0.245ms
		MonoPostProcessAllAssets: 37.638ms
			UniversalRenderPipelineGlobalSettingsPostprocessor.OnPostprocessAllAssets 5.971ms
			SyncVS.PostprocessSyncProject 5.903ms
			AssetChangedListener.OnPostprocessAllAssets 3.829ms
			BuilderAssetPostprocessor.OnPostprocessAllAssets 3.314ms
			AssetPostprocessor.OnPostprocessAllAssets 2.371ms
			SpriteSlicePostprocessor.OnPostprocessAllAssets 1.450ms
			WindowAssetPostprocessingWatcher.OnPostprocessAllAssets 1.192ms
			SpeedTree9Postprocessor.OnPostprocessAllAssets 1.123ms
			ShaderGraphAssetPostProcessor.OnPostprocessAllAssets 0.865ms
			RetainedModeAssetPostprocessor.OnPostprocessAllAssets 0.754ms
			MaterialPostprocessor.OnPostprocessAllAssets 0.446ms
			RenderPipelineGlobalSettingsPostprocessor.OnPostprocessAllAssets 0.439ms
			SpriteEditorTexturePostprocessor.OnPostprocessAllAssets 0.360ms
			TMPro_TexturePostProcessor.OnPostprocessAllAssets 0.336ms
			ArtifactBrowserPostProcessor.OnPostprocessAllAssets 0.331ms
			InputActionAssetPostprocessor.OnPostprocessAllAssets 0.274ms
			SampleDependencyImporterPostProcessor.OnPostprocessAllAssets 0.270ms
			ReferencedClipsPostProcessor.OnPostprocessAllAssets 0.214ms
			UVCSAssetPostprocessor.OnPostprocessAllAssets 0.199ms
			ShaderReflectionAssetPostProcessor.OnPostprocessAllAssets 0.192ms
			TextAssetPostProcessor.OnPostprocessAllAssets 0.192ms
			InputActionJsonNameModifierAssetProcessor.OnPostprocessAllAssets 0.182ms
			AudioMixerPostprocessor.OnPostprocessAllAssets 0.173ms
			StyleCatalogPostProcessor.OnPostprocessAllAssets 0.145ms
			PostProcessor.OnPostprocessAllAssets 0.140ms
			AssetEvents.OnPostprocessAllAssets 0.123ms
			ConfigAssetsTracker.OnPostprocessAllAssets 0.103ms
			TerrainToolbarOverlayPostProcessor.OnPostprocessAllAssets 0.090ms
			SpeedTreePostProcessor.OnPostprocessAllAssets 0.090ms
			AssetDatabaseCallbacks.OnPostprocessAllAssets 0.089ms
			ProjectSettingsPostprocessor.OnPostprocessAllAssets 0.086ms
			SamplePostprocessor.OnPostprocessAllAssets 0.084ms
			ScenarioDriftAssetsTracker.OnPostprocessAllAssets 0.061ms
	PostAssetChangesProfiler: 3.124ms
	GatherAllCurrentPrimaryImportResultRevisions: 0.087ms
	PersistCurrentRevisions: 0.074ms
	GenerateScriptTypeHashes: 1.931ms
	GenerateScriptTypeSerializationHashes: 3.639ms
	Untracked: 991.749ms

[Licensing::Client] Successfully resolved entitlement details
[Licensing::Client] Successfully resolved entitlement details
The character with Unicode value \u25B6 was not found in the [LiberationSans SDF] font asset or any potential fallbacks. It was replaced by Unicode character \u25A1 in text object [Text (TMP)].
UnityEngine.Debug:ExtractStackTraceNoAlloc (byte*,int,string)
UnityEngine.StackTraceUtility:ExtractStackTrace ()
UnityEngine.DebugLogHandler:Internal_Log (UnityEngine.LogType,UnityEngine.LogOption,string,UnityEngine.Object)
UnityEngine.DebugLogHandler:LogFormat (UnityEngine.LogType,UnityEngine.Object,string,object[])
UnityEngine.Logger:Log (UnityEngine.LogType,object,UnityEngine.Object)
UnityEngine.Debug:LogWarning (object,UnityEngine.Object)
TMPro.TextMeshProUGUI:SetArraySizes (TMPro.TMP_Text/TextProcessingElement[]) (at ./Library/PackageCache/com.unity.ugui@4f9b15fd1386/Runtime/TMP/TextMeshProUGUI.cs:2012)
TMPro.TMP_Text:ParseInputText () (at ./Library/PackageCache/com.unity.ugui@4f9b15fd1386/Runtime/TMP/TMP_Text.cs:2063)
TMPro.TextMeshProUGUI:OnPreRenderCanvas () (at ./Library/PackageCache/com.unity.ugui@4f9b15fd1386/Runtime/TMP/TextMeshProUGUI.cs:2496)
TMPro.TextMeshProUGUI:Rebuild (UnityEngine.UI.CanvasUpdate) (at ./Library/PackageCache/com.unity.ugui@4f9b15fd1386/Runtime/TMP/TextMeshProUGUI.cs:229)
UnityEngine.UI.CanvasUpdateRegistry:PerformUpdate () (at ./Library/PackageCache/com.unity.ugui@4f9b15fd1386/Runtime/UGUI/UI/Core/CanvasUpdateRegistry.cs:215)
UnityEngine.Canvas:SendWillRenderCanvases ()

(Filename: ./Library/PackageCache/com.unity.ugui@4f9b15fd1386/Runtime/TMP/TextMeshProUGUI.cs Line: 2012)

[ScriptCompilation] Requested script compilation because: AssetDatabase observed changes in script compilation related files
[Licensing::Client] Successfully resolved entitlement details
info: Microsoft.AspNetCore.Hosting.Diagnostics[1]
      Request starting HTTP/2 POST http://ilpp/UnityILPP.PostProcessing/Ping - application/grpc -
info: Microsoft.AspNetCore.Routing.EndpointMiddleware[0]
      Executing endpoint 'gRPC - /UnityILPP.PostProcessing/Ping'
info: Microsoft.AspNetCore.Routing.EndpointMiddleware[1]
      Executed endpoint 'gRPC - /UnityILPP.PostProcessing/Ping'
info: Microsoft.AspNetCore.Hosting.Diagnostics[2]
      Request finished HTTP/2 POST http://ilpp/UnityILPP.PostProcessing/Ping - 200 - application/grpc 0.2167ms
Starting: C:\Program Files\Unity\Hub\Editor\6000.5.1f1\Editor\Data\Tools\BuildPipeline\bee_backend.exe --ipc --defer-dag-verification --dagfile="Library/Bee/1900b0aE.dag" --continue-on-failure --profile="Library/Bee/backend1.traceevents" ScriptAssemblies
WorkingDir: C:/Users/Kouta/Documents/Growing_Dungeon_UL
info: Microsoft.AspNetCore.Hosting.Diagnostics[1]
      Request starting HTTP/2 POST http://ilpp/UnityILPP.PostProcessing/ConfigurePostProcessors - application/grpc -
info: Microsoft.AspNetCore.Routing.EndpointMiddleware[0]
      Executing endpoint 'gRPC - /UnityILPP.PostProcessing/ConfigurePostProcessors'
info: Unity.ILPP.Runner.PostProcessingAssemblyLoadContext[0]
      Current configuration matches the requested one, skipping
info: Microsoft.AspNetCore.Routing.EndpointMiddleware[1]
      Executed endpoint 'gRPC - /UnityILPP.PostProcessing/ConfigurePostProcessors'
info: Microsoft.AspNetCore.Hosting.Diagnostics[2]
      Request finished HTTP/2 POST http://ilpp/UnityILPP.PostProcessing/ConfigurePostProcessors - 200 - application/grpc 0.9050ms
info: Microsoft.AspNetCore.Hosting.Diagnostics[1]
      Request starting HTTP/2 POST http://ilpp/UnityILPP.PostProcessing/PostProcessAssembly - application/grpc -
info: Microsoft.AspNetCore.Routing.EndpointMiddleware[0]
      Executing endpoint 'gRPC - /UnityILPP.PostProcessing/PostProcessAssembly'
info: Unity.ILPP.Runner.PostProcessingPipeline[0]
      Processing assembly Library/Bee/artifacts/1900b0aE.dag/Assembly-CSharp.dll, with 142 defines and 338 references
info: Unity.ILPP.Runner.PostProcessingPipeline[0]
      processors: Unity.Jobs.CodeGen.JobsILPostProcessor, zzzUnity.Burst.CodeGen.BurstILPostProcessor
info: Unity.ILPP.Runner.PostProcessingPipeline[0]
      running Unity.Jobs.CodeGen.JobsILPostProcessor
info: Unity.ILPP.Runner.PostProcessingPipeline[0]
      running zzzUnity.Burst.CodeGen.BurstILPostProcessor
info: Microsoft.AspNetCore.Routing.EndpointMiddleware[1]
      Executed endpoint 'gRPC - /UnityILPP.PostProcessing/PostProcessAssembly'
info: Microsoft.AspNetCore.Hosting.Diagnostics[2]
      Request finished HTTP/2 POST http://ilpp/UnityILPP.PostProcessing/PostProcessAssembly - 200 - application/grpc 14.4480ms
ExitCode: 0 Duration: 0s288ms
[722/916    0s] ILPP-Configuration Library/ilpp-configuration.nevergeneratedoutput
[912/916    0s] Csc Library/Bee/artifacts/1900b0aE.dag/Assembly-CSharp.dll (+2 others)
[913/916    0s] ILPostProcess Library/Bee/artifacts/1900b0aE.dag/post-processed/Assembly-CSharp.dll (+pdb)
Processing assembly Library/Bee/artifacts/1900b0aE.dag/Assembly-CSharp.dll, with 142 defines and 338 references

processors: Unity.Jobs.CodeGen.JobsILPostProcessor, zzzUnity.Burst.CodeGen.BurstILPostProcessor

running Unity.Jobs.CodeGen.JobsILPostProcessor

running zzzUnity.Burst.CodeGen.BurstILPostProcessor
[914/916    0s] CopyFiles Library/ScriptAssemblies/Assembly-CSharp.pdb
[915/916    0s] CopyFiles Library/ScriptAssemblies/Assembly-CSharp.dll
*** Tundra build success (0.27 seconds), 5 items updated, 916 evaluated
Reloading assemblies after forced synchronous recompile.
Total cache size 65084268
Total cache size after purge 65084268, took 00:00:00.0460553
Begin MonoManager ReloadAssembly
Native extension for WindowsStandalone target not found
Native extension for WebGL target not found
[MODES] ModeService[none].Initialize
[MODES] ModeService[none].LoadModes
ScheduleIndexationOnStartup MainProcess:True IndexOnStartup:True
Mono: successfully reloaded assembly
- Finished resetting the current domain, in  1.229 seconds
Domain Reload Profiling: 2152ms
	BeginReloadAssembly (646ms)
		DisableScriptedObjects (144ms)
		CreateAndSetChildDomain (351ms)
	RebuildCommonClasses (7ms)
	RebuildNativeTypeToScriptingClass (11ms)
	initialDomainReloadingComplete (34ms)
	LoadAllAssembliesAndSetupDomain (224ms)
		LoadAssemblies (73ms)
		AnalyzeDomain (130ms)
			TypeCache.Refresh (7ms)
			BuildScriptInfoCaches (117ms)
			ResolveRequiredComponents (5ms)
	FinalizeReload (1230ms)
		SetupLoadedEditorAssemblies (0ms)
			BeforeProcessingInitializeOnLoad (115ms)
			ProcessInitializeOnLoadAttributes (210ms)
			ProcessInitializeOnLoadMethodAttributes (82ms)
			AfterProcessingInitializeOnLoad (3ms)
		AwakeInstancesAfterBackupRestoration (340ms)

Asset Pipeline Refresh (id=60c48ea14e5edd246ab6c42716a64944): Total: 2.762 seconds - Initiated by RefreshV2(AllowForceSynchronousImport)
	(Values over 0.05ms)
	Summary:
		Imports: total=0 (actual=0, local cache=0, cache server=0)
		Asset DB Process Time: managed=0 ms, native=1334 ms
		Asset DB Callback time: managed=37 ms, native=4 ms
		Scripting: domain reloads=1, domain reload time=957 ms, compile time=427 ms, other=0 ms
		Project Asset Count: scripts=1373, non-scripts=2479
		Asset File Changes: new=0, changed=1, moved=0, deleted=0
		Scan Filter Count: 0
	InvokePackagesCallback: 1.263ms
	ApplyChangesToAssetFolders: 0.343ms
	Scan: 10.250ms
	Collect global state as custom dependencies: 1.090ms
	OnSourceAssetsModified: 0.731ms
	ProcessAssetsWithTransientArtifactChanges: 4.152ms
	CategorizeAssets: 33.610ms
	CompileScripts: 427.360ms
	ImportOutOfDateAssets: 1255.660ms (1237.493ms without children)
		CollectScriptTypesHashes: 1.009ms
		ReloadNativeAssets: 0.987ms
		UnloadImportedAssets: 0.080ms
		EnsureUptoDateAssetsAreRegisteredWithGuidPM: 0.308ms
		ImportSchedulerStart: 16.773ms
	PostProcessAllAssets: 37.359ms
		XRBuildSystem.XRAssetImported 0.271ms
		MonoPostProcessAllAssets: 36.807ms
			UniversalRenderPipelineGlobalSettingsPostprocessor.OnPostprocessAllAssets 6.181ms
			SyncVS.PostprocessSyncProject 5.141ms
			AssetChangedListener.OnPostprocessAllAssets 3.737ms
			BuilderAssetPostprocessor.OnPostprocessAllAssets 3.518ms
			AssetPostprocessor.OnPostprocessAllAssets 2.373ms
			SpriteSlicePostprocessor.OnPostprocessAllAssets 1.472ms
			WindowAssetPostprocessingWatcher.OnPostprocessAllAssets 1.180ms
			ShaderGraphAssetPostProcessor.OnPostprocessAllAssets 0.868ms
			RetainedModeAssetPostprocessor.OnPostprocessAllAssets 0.827ms
			SpeedTree9Postprocessor.OnPostprocessAllAssets 0.680ms
			MaterialPostprocessor.OnPostprocessAllAssets 0.455ms
			RenderPipelineGlobalSettingsPostprocessor.OnPostprocessAllAssets 0.439ms
			SpriteEditorTexturePostprocessor.OnPostprocessAllAssets 0.381ms
			TMPro_TexturePostProcessor.OnPostprocessAllAssets 0.368ms
			ArtifactBrowserPostProcessor.OnPostprocessAllAssets 0.351ms
			SampleDependencyImporterPostProcessor.OnPostprocessAllAssets 0.259ms
			InputActionAssetPostprocessor.OnPostprocessAllAssets 0.230ms
			UVCSAssetPostprocessor.OnPostprocessAllAssets 0.223ms
			AudioMixerPostprocessor.OnPostprocessAllAssets 0.210ms
			ReferencedClipsPostProcessor.OnPostprocessAllAssets 0.209ms
			ShaderReflectionAssetPostProcessor.OnPostprocessAllAssets 0.198ms
			TextAssetPostProcessor.OnPostprocessAllAssets 0.197ms
			InputActionJsonNameModifierAssetProcessor.OnPostprocessAllAssets 0.195ms
			PostProcessor.OnPostprocessAllAssets 0.139ms
			AssetEvents.OnPostprocessAllAssets 0.125ms
			StyleCatalogPostProcessor.OnPostprocessAllAssets 0.123ms
			SpeedTreePostProcessor.OnPostprocessAllAssets 0.106ms
			TerrainToolbarOverlayPostProcessor.OnPostprocessAllAssets 0.098ms
			AssetDatabaseCallbacks.OnPostprocessAllAssets 0.091ms
			ProjectSettingsPostprocessor.OnPostprocessAllAssets 0.088ms
			ConfigAssetsTracker.OnPostprocessAllAssets 0.076ms
			SamplePostprocessor.OnPostprocessAllAssets 0.075ms
			ScenarioDriftAssetsTracker.OnPostprocessAllAssets 0.062ms
	PostAssetChangesProfiler: 4.009ms
	GatherAllCurrentPrimaryImportResultRevisions: 0.083ms
	UnloadStreamsBegin: 2.069ms
	PersistCurrentRevisions: 0.074ms
	GenerateScriptTypeHashes: 2.029ms
	GenerateScriptTypeSerializationHashes: 3.774ms
	Untracked: 980.521ms

[Licensing::Client] Successfully resolved entitlement details
[Licensing::Client] Successfully resolved entitlement details
The character with Unicode value \u25B6 was not found in the [LiberationSans SDF] font asset or any potential fallbacks. It was replaced by Unicode character \u25A1 in text object [Text (TMP)].
UnityEngine.Debug:ExtractStackTraceNoAlloc (byte*,int,string)
UnityEngine.StackTraceUtility:ExtractStackTrace ()
UnityEngine.DebugLogHandler:Internal_Log (UnityEngine.LogType,UnityEngine.LogOption,string,UnityEngine.Object)
UnityEngine.DebugLogHandler:LogFormat (UnityEngine.LogType,UnityEngine.Object,string,object[])
UnityEngine.Logger:Log (UnityEngine.LogType,object,UnityEngine.Object)
UnityEngine.Debug:LogWarning (object,UnityEngine.Object)
TMPro.TextMeshProUGUI:SetArraySizes (TMPro.TMP_Text/TextProcessingElement[]) (at ./Library/PackageCache/com.unity.ugui@4f9b15fd1386/Runtime/TMP/TextMeshProUGUI.cs:2012)
TMPro.TMP_Text:ParseInputText () (at ./Library/PackageCache/com.unity.ugui@4f9b15fd1386/Runtime/TMP/TMP_Text.cs:2063)
TMPro.TextMeshProUGUI:OnPreRenderCanvas () (at ./Library/PackageCache/com.unity.ugui@4f9b15fd1386/Runtime/TMP/TextMeshProUGUI.cs:2496)
TMPro.TextMeshProUGUI:Rebuild (UnityEngine.UI.CanvasUpdate) (at ./Library/PackageCache/com.unity.ugui@4f9b15fd1386/Runtime/TMP/TextMeshProUGUI.cs:229)
UnityEngine.UI.CanvasUpdateRegistry:PerformUpdate () (at ./Library/PackageCache/com.unity.ugui@4f9b15fd1386/Runtime/UGUI/UI/Core/CanvasUpdateRegistry.cs:215)
UnityEngine.Canvas:SendWillRenderCanvases ()

(Filename: ./Library/PackageCache/com.unity.ugui@4f9b15fd1386/Runtime/TMP/TextMeshProUGUI.cs Line: 2012)


Asset Pipeline Refresh (id=09cd51266af28ec42aab9d96850dbe88): Total: 0.006 seconds - Initiated by RefreshV2(AllowForceSynchronousImport)
Reloading assemblies for play mode.
Reloading assemblies after forced synchronous recompile.
Begin MonoManager ReloadAssembly
Native extension for WindowsStandalone target not found
Native extension for WebGL target not found
ScheduleIndexationOnStartup MainProcess:True IndexOnStartup:True
[MODES] ModeService[none].Initialize
[MODES] ModeService[none].LoadModes
Mono: successfully reloaded assembly
- Finished resetting the current domain, in  1.076 seconds
Domain Reload Profiling: 1797ms
	BeginReloadAssembly (568ms)
		DisableScriptedObjects (89ms)
		CreateAndSetChildDomain (359ms)
	RebuildCommonClasses (6ms)
	RebuildNativeTypeToScriptingClass (10ms)
	initialDomainReloadingComplete (31ms)
	LoadAllAssembliesAndSetupDomain (106ms)
		LoadAssemblies (73ms)
		AnalyzeDomain (12ms)
			TypeCache.Refresh (4ms)
			ResolveRequiredComponents (5ms)
	FinalizeReload (1076ms)
		SetupLoadedEditorAssemblies (0ms)
			BeforeProcessingInitializeOnLoad (54ms)
			ProcessInitializeOnLoadAttributes (228ms)
			ProcessInitializeOnLoadMethodAttributes (82ms)
			AfterProcessingInitializeOnLoad (3ms)
		AwakeInstancesAfterBackupRestoration (381ms)

Asset Pipeline Refresh (id=944c3991e8622ed4b9f40700e2377189): Total: 1.930 seconds - Initiated by StopAssetImportingV2(ForceSynchronousImport | ForceDomainReload)
	(Values over 0.05ms)
	Summary:
		Imports: total=0 (actual=0, local cache=0, cache server=0)
		Asset DB Process Time: managed=0 ms, native=1162 ms
		Asset DB Callback time: managed=20 ms, native=0 ms
		Scripting: domain reloads=1, domain reload time=746 ms, compile time=1 ms, other=0 ms
		Project Asset Count: scripts=1373, non-scripts=2479
		Asset File Changes: new=0, changed=0, moved=0, deleted=0
		Scan Filter Count: 0
	InvokePackagesCallback: 1.017ms
	ApplyChangesToAssetFolders: 0.256ms
	Collect global state as custom dependencies: 1.082ms
	ProcessAssetsWithTransientArtifactChanges: 0.075ms
	CategorizeAssets: 33.772ms
	CompileScripts: 0.721ms
	ImportOutOfDateAssets: 1101.609ms (1084.190ms without children)
		CollectScriptTypesHashes: 0.608ms
		ReloadNativeAssets: 0.878ms
		UnloadImportedAssets: 0.099ms
		EnsureUptoDateAssetsAreRegisteredWithGuidPM: 0.311ms
		ImportSchedulerStart: 16.109ms
	PostProcessAllAssets: 20.752ms
		MonoPostProcessAllAssets: 20.749ms
			UniversalRenderPipelineGlobalSettingsPostprocessor.OnPostprocessAllAssets 5.864ms
			SyncVS.PostprocessSyncProject 5.809ms
			AssetChangedListener.OnPostprocessAllAssets 3.737ms
			BuilderAssetPostprocessor.OnPostprocessAllAssets 3.518ms
			AssetPostprocessor.OnPostprocessAllAssets 2.373ms
			SpriteSlicePostprocessor.OnPostprocessAllAssets 1.472ms
			WindowAssetPostprocessingWatcher.OnPostprocessAllAssets 1.218ms
			SpeedTree9Postprocessor.OnPostprocessAllAssets 1.100ms
			ShaderGraphAssetPostProcessor.OnPostprocessAllAssets 0.868ms
			RetainedModeAssetPostprocessor.OnPostprocessAllAssets 0.827ms
			RenderPipelineGlobalSettingsPostprocessor.OnPostprocessAllAssets 0.470ms
			MaterialPostprocessor.OnPostprocessAllAssets 0.455ms
			SpriteEditorTexturePostprocessor.OnPostprocessAllAssets 0.381ms
			TMPro_TexturePostProcessor.OnPostprocessAllAssets 0.368ms
			ArtifactBrowserPostProcessor.OnPostprocessAllAssets 0.351ms
			SampleDependencyImporterPostProcessor.OnPostprocessAllAssets 0.259ms
			ShaderReflectionAssetPostProcessor.OnPostprocessAllAssets 0.231ms
			UVCSAssetPostprocessor.OnPostprocessAllAssets 0.223ms
			AudioMixerPostprocessor.OnPostprocessAllAssets 0.210ms
			ReferencedClipsPostProcessor.OnPostprocessAllAssets 0.208ms
			TextAssetPostProcessor.OnPostprocessAllAssets 0.197ms
			InputActionJsonNameModifierAssetProcessor.OnPostprocessAllAssets 0.195ms
			InputActionAssetPostprocessor.OnPostprocessAllAssets 0.167ms
			PostProcessor.OnPostprocessAllAssets 0.139ms
			AssetEvents.OnPostprocessAllAssets 0.125ms
			StyleCatalogPostProcessor.OnPostprocessAllAssets 0.123ms
			SpeedTreePostProcessor.OnPostprocessAllAssets 0.106ms
			TerrainToolbarOverlayPostProcessor.OnPostprocessAllAssets 0.097ms
			ProjectSettingsPostprocessor.OnPostprocessAllAssets 0.093ms
			AssetDatabaseCallbacks.OnPostprocessAllAssets 0.091ms
			ConfigAssetsTracker.OnPostprocessAllAssets 0.076ms
			SamplePostprocessor.OnPostprocessAllAssets 0.075ms
			ScenarioDriftAssetsTracker.OnPostprocessAllAssets 0.062ms
	GatherAllCurrentPrimaryImportResultRevisions: 0.082ms
	PersistCurrentRevisions: 0.131ms
	GenerateScriptTypeHashes: 1.993ms
	GenerateScriptTypeSerializationHashes: 3.690ms
	Untracked: 766.358ms

Loaded scene 'Temp/__Backupscenes/0.backup'
	Deserialize:            2.753 ms
	Integration:            201.943 ms
	Integration of assets:  0.001 ms
	Thread Wait Time:       0.013 ms
	Total Operation Time:   204.710 ms
<color=green>=== 設置フェーズ開始 (Wave 1 の準備) ===</color>
UnityEngine.Debug:ExtractStackTraceNoAlloc (byte*,int,string)
UnityEngine.StackTraceUtility:ExtractStackTrace ()
UnityEngine.DebugLogHandler:Internal_Log (UnityEngine.LogType,UnityEngine.LogOption,string,UnityEngine.Object)
UnityEngine.DebugLogHandler:LogFormat (UnityEngine.LogType,UnityEngine.Object,string,object[])
UnityEngine.Logger:Log (UnityEngine.LogType,object)
UnityEngine.Debug:Log (object)
WaveManager:EnterPrepPhase () (at Assets/Scripts/Managers/WaveManager.cs:85)
WaveManager:Start () (at Assets/Scripts/Managers/WaveManager.cs:60)

(Filename: Assets/Scripts/Managers/WaveManager.cs Line: 85)

【準備フェーズ】配置を完了させたら「準備完了」ボタンを押してください。
UnityEngine.Debug:ExtractStackTraceNoAlloc (byte*,int,string)
UnityEngine.StackTraceUtility:ExtractStackTrace ()
UnityEngine.DebugLogHandler:Internal_Log (UnityEngine.LogType,UnityEngine.LogOption,string,UnityEngine.Object)
UnityEngine.DebugLogHandler:LogFormat (UnityEngine.LogType,UnityEngine.Object,string,object[])
UnityEngine.Logger:Log (UnityEngine.LogType,object)
UnityEngine.Debug:Log (object)
GameManager:SetPreparationPhase () (at Assets/Scripts/Managers/GameManager.cs:44)
GameManager:Start () (at Assets/Scripts/Managers/GameManager.cs:23)

(Filename: Assets/Scripts/Managers/GameManager.cs Line: 44)

[Licensing::Client] Successfully resolved entitlement details
[Licensing::Client] Successfully resolved entitlement details
The character with Unicode value \u25B6 was not found in the [LiberationSans SDF] font asset or any potential fallbacks. It was replaced by Unicode character \u25A1 in text object [Text (TMP)].
UnityEngine.Debug:ExtractStackTraceNoAlloc (byte*,int,string)
UnityEngine.StackTraceUtility:ExtractStackTrace ()
UnityEngine.DebugLogHandler:Internal_Log (UnityEngine.LogType,UnityEngine.LogOption,string,UnityEngine.Object)
UnityEngine.DebugLogHandler:LogFormat (UnityEngine.LogType,UnityEngine.Object,string,object[])
UnityEngine.Logger:Log (UnityEngine.LogType,object,UnityEngine.Object)
UnityEngine.Debug:LogWarning (object,UnityEngine.Object)
TMPro.TextMeshProUGUI:SetArraySizes (TMPro.TMP_Text/TextProcessingElement[]) (at ./Library/PackageCache/com.unity.ugui@4f9b15fd1386/Runtime/TMP/TextMeshProUGUI.cs:2012)
TMPro.TMP_Text:ParseInputText () (at ./Library/PackageCache/com.unity.ugui@4f9b15fd1386/Runtime/TMP/TMP_Text.cs:2063)
TMPro.TextMeshProUGUI:OnPreRenderCanvas () (at ./Library/PackageCache/com.unity.ugui@4f9b15fd1386/Runtime/TMP/TextMeshProUGUI.cs:2496)
TMPro.TextMeshProUGUI:Rebuild (UnityEngine.UI.CanvasUpdate) (at ./Library/PackageCache/com.unity.ugui@4f9b15fd1386/Runtime/TMP/TextMeshProUGUI.cs:229)
UnityEngine.UI.CanvasUpdateRegistry:PerformUpdate () (at ./Library/PackageCache/com.unity.ugui@4f9b15fd1386/Runtime/UGUI/UI/Core/CanvasUpdateRegistry.cs:215)
UnityEngine.Canvas:SendWillRenderCanvases ()

(Filename: ./Library/PackageCache/com.unity.ugui@4f9b15fd1386/Runtime/TMP/TextMeshProUGUI.cs Line: 2012)

Game Started!
UnityEngine.Debug:ExtractStackTraceNoAlloc (byte*,int,string)
UnityEngine.StackTraceUtility:ExtractStackTrace ()
UnityEngine.DebugLogHandler:Internal_Log (UnityEngine.LogType,UnityEngine.LogOption,string,UnityEngine.Object)
UnityEngine.DebugLogHandler:LogFormat (UnityEngine.LogType,UnityEngine.Object,string,object[])
UnityEngine.Logger:Log (UnityEngine.LogType,object)
UnityEngine.Debug:Log (object)
GameStartManager:StartGameplay () (at Assets/Scripts/UI/GameStartManager.cs:72)
GameStartManager:OnClickNextStory () (at Assets/Scripts/UI/GameStartManager.cs:53)
UnityEngine.Events.InvokableCall:Invoke ()
UnityEngine.Events.UnityEvent:Invoke ()
UnityEngine.UI.Button:Press () (at ./Library/PackageCache/com.unity.ugui@4f9b15fd1386/Runtime/UGUI/UI/Core/Button.cs:71)
UnityEngine.UI.Button:OnPointerClick (UnityEngine.EventSystems.PointerEventData) (at ./Library/PackageCache/com.unity.ugui@4f9b15fd1386/Runtime/UGUI/UI/Core/Button.cs:115)
UnityEngine.EventSystems.ExecuteEvents:Execute (UnityEngine.EventSystems.IPointerClickHandler,UnityEngine.EventSystems.BaseEventData) (at ./Library/PackageCache/com.unity.ugui@4f9b15fd1386/Runtime/UGUI/EventSystem/ExecuteEvents.cs:57)
UnityEngine.EventSystems.ExecuteEvents:Execute<UnityEngine.EventSystems.IPointerClickHandler> (UnityEngine.GameObject,UnityEngine.EventSystems.BaseEventData,UnityEngine.EventSystems.ExecuteEvents/EventFunction`1<UnityEngine.EventSystems.IPointerClickHandler>) (at ./Library/PackageCache/com.unity.ugui@4f9b15fd1386/Runtime/UGUI/EventSystem/ExecuteEvents.cs:272)
UnityEngine.InputSystem.UI.InputSystemUIInputModule:ProcessPointerButton (UnityEngine.InputSystem.UI.PointerModel/ButtonState&,UnityEngine.EventSystems.PointerEventData) (at ./Library/PackageCache/com.unity.inputsystem@21a28c3a6c83/InputSystem/Plugins/UI/InputSystemUIInputModule.cs:731)
UnityEngine.InputSystem.UI.InputSystemUIInputModule:ProcessPointer (UnityEngine.InputSystem.UI.PointerModel&) (at ./Library/PackageCache/com.unity.inputsystem@21a28c3a6c83/InputSystem/Plugins/UI/InputSystemUIInputModule.cs:490)
UnityEngine.InputSystem.UI.InputSystemUIInputModule:Process () (at ./Library/PackageCache/com.unity.inputsystem@21a28c3a6c83/InputSystem/Plugins/UI/InputSystemUIInputModule.cs:2404)
UnityEngine.EventSystems.EventSystem:Update () (at ./Library/PackageCache/com.unity.ugui@4f9b15fd1386/Runtime/UGUI/EventSystem/EventSystem.cs:516)

(Filename: Assets/Scripts/UI/GameStartManager.cs Line: 72)

【戦闘フェーズ】敵の攻撃開始！
UnityEngine.Debug:ExtractStackTraceNoAlloc (byte*,int,string)
UnityEngine.StackTraceUtility:ExtractStackTrace ()
UnityEngine.DebugLogHandler:Internal_Log (UnityEngine.LogType,UnityEngine.LogOption,string,UnityEngine.Object)
UnityEngine.DebugLogHandler:LogFormat (UnityEngine.LogType,UnityEngine.Object,string,object[])
UnityEngine.Logger:Log (UnityEngine.LogType,object)
UnityEngine.Debug:Log (object)
GameManager:SetBattlePhase () (at Assets/Scripts/Managers/GameManager.cs:59)
BuildMenuUI:ToggleReady () (at Assets/Scripts/UI/BuildMenuUI.cs:94)
UnityEngine.Events.InvokableCall:Invoke ()
UnityEngine.Events.UnityEvent:Invoke ()
UnityEngine.UI.Button:Press () (at ./Library/PackageCache/com.unity.ugui@4f9b15fd1386/Runtime/UGUI/UI/Core/Button.cs:71)
UnityEngine.UI.Button:OnPointerClick (UnityEngine.EventSystems.PointerEventData) (at ./Library/PackageCache/com.unity.ugui@4f9b15fd1386/Runtime/UGUI/UI/Core/Button.cs:115)
UnityEngine.EventSystems.ExecuteEvents:Execute (UnityEngine.EventSystems.IPointerClickHandler,UnityEngine.EventSystems.BaseEventData) (at ./Library/PackageCache/com.unity.ugui@4f9b15fd1386/Runtime/UGUI/EventSystem/ExecuteEvents.cs:57)
UnityEngine.EventSystems.ExecuteEvents:Execute<UnityEngine.EventSystems.IPointerClickHandler> (UnityEngine.GameObject,UnityEngine.EventSystems.BaseEventData,UnityEngine.EventSystems.ExecuteEvents/EventFunction`1<UnityEngine.EventSystems.IPointerClickHandler>) (at ./Library/PackageCache/com.unity.ugui@4f9b15fd1386/Runtime/UGUI/EventSystem/ExecuteEvents.cs:272)
UnityEngine.InputSystem.UI.InputSystemUIInputModule:ProcessPointerButton (UnityEngine.InputSystem.UI.PointerModel/ButtonState&,UnityEngine.EventSystems.PointerEventData) (at ./Library/PackageCache/com.unity.inputsystem@21a28c3a6c83/InputSystem/Plugins/UI/InputSystemUIInputModule.cs:731)
UnityEngine.InputSystem.UI.InputSystemUIInputModule:ProcessPointer (UnityEngine.InputSystem.UI.PointerModel&) (at ./Library/PackageCache/com.unity.inputsystem@21a28c3a6c83/InputSystem/Plugins/UI/InputSystemUIInputModule.cs:490)
UnityEngine.InputSystem.UI.InputSystemUIInputModule:Process () (at ./Library/PackageCache/com.unity.inputsystem@21a28c3a6c83/InputSystem/Plugins/UI/InputSystemUIInputModule.cs:2404)
UnityEngine.EventSystems.EventSystem:Update () (at ./Library/PackageCache/com.unity.ugui@4f9b15fd1386/Runtime/UGUI/EventSystem/EventSystem.cs:516)

(Filename: Assets/Scripts/Managers/GameManager.cs Line: 59)

<color=gold>すべてのウェーブをすでにクリアしています！</color>
UnityEngine.Debug:ExtractStackTraceNoAlloc (byte*,int,string)
UnityEngine.StackTraceUtility:ExtractStackTrace ()
UnityEngine.DebugLogHandler:Internal_Log (UnityEngine.LogType,UnityEngine.LogOption,string,UnityEngine.Object)
UnityEngine.DebugLogHandler:LogFormat (UnityEngine.LogType,UnityEngine.Object,string,object[])
UnityEngine.Logger:Log (UnityEngine.LogType,object)
UnityEngine.Debug:Log (object)
WaveManager:StartNextWave () (at Assets/Scripts/Managers/WaveManager.cs:104)
GameManager:SetBattlePhase () (at Assets/Scripts/Managers/GameManager.cs:76)
BuildMenuUI:ToggleReady () (at Assets/Scripts/UI/BuildMenuUI.cs:94)
UnityEngine.Events.InvokableCall:Invoke ()
UnityEngine.Events.UnityEvent:Invoke ()
UnityEngine.UI.Button:Press () (at ./Library/PackageCache/com.unity.ugui@4f9b15fd1386/Runtime/UGUI/UI/Core/Button.cs:71)
UnityEngine.UI.Button:OnPointerClick (UnityEngine.EventSystems.PointerEventData) (at ./Library/PackageCache/com.unity.ugui@4f9b15fd1386/Runtime/UGUI/UI/Core/Button.cs:115)
UnityEngine.EventSystems.ExecuteEvents:Execute (UnityEngine.EventSystems.IPointerClickHandler,UnityEngine.EventSystems.BaseEventData) (at ./Library/PackageCache/com.unity.ugui@4f9b15fd1386/Runtime/UGUI/EventSystem/ExecuteEvents.cs:57)
UnityEngine.EventSystems.ExecuteEvents:Execute<UnityEngine.EventSystems.IPointerClickHandler> (UnityEngine.GameObject,UnityEngine.EventSystems.BaseEventData,UnityEngine.EventSystems.ExecuteEvents/EventFunction`1<UnityEngine.EventSystems.IPointerClickHandler>) (at ./Library/PackageCache/com.unity.ugui@4f9b15fd1386/Runtime/UGUI/EventSystem/ExecuteEvents.cs:272)
UnityEngine.InputSystem.UI.InputSystemUIInputModule:ProcessPointerButton (UnityEngine.InputSystem.UI.PointerModel/ButtonState&,UnityEngine.EventSystems.PointerEventData) (at ./Library/PackageCache/com.unity.inputsystem@21a28c3a6c83/InputSystem/Plugins/UI/InputSystemUIInputModule.cs:731)
UnityEngine.InputSystem.UI.InputSystemUIInputModule:ProcessPointer (UnityEngine.InputSystem.UI.PointerModel&) (at ./Library/PackageCache/com.unity.inputsystem@21a28c3a6c83/InputSystem/Plugins/UI/InputSystemUIInputModule.cs:490)
UnityEngine.InputSystem.UI.InputSystemUIInputModule:Process () (at ./Library/PackageCache/com.unity.inputsystem@21a28c3a6c83/InputSystem/Plugins/UI/InputSystemUIInputModule.cs:2404)
UnityEngine.EventSystems.EventSystem:Update () (at ./Library/PackageCache/com.unity.ugui@4f9b15fd1386/Runtime/UGUI/EventSystem/EventSystem.cs:516)

(Filename: Assets/Scripts/Managers/WaveManager.cs Line: 104)

<color=gold>すべてのウェーブをすでにクリアしています！</color>
UnityEngine.Debug:ExtractStackTraceNoAlloc (byte*,int,string)
UnityEngine.StackTraceUtility:ExtractStackTrace ()
UnityEngine.DebugLogHandler:Internal_Log (UnityEngine.LogType,UnityEngine.LogOption,string,UnityEngine.Object)
UnityEngine.DebugLogHandler:LogFormat (UnityEngine.LogType,UnityEngine.Object,string,object[])
UnityEngine.Logger:Log (UnityEngine.LogType,object)
UnityEngine.Debug:Log (object)
WaveManager:StartNextWave () (at Assets/Scripts/Managers/WaveManager.cs:104)
UnityEngine.Events.InvokableCall:Invoke ()
UnityEngine.Events.UnityEvent:Invoke ()
UnityEngine.UI.Button:Press () (at ./Library/PackageCache/com.unity.ugui@4f9b15fd1386/Runtime/UGUI/UI/Core/Button.cs:71)
UnityEngine.UI.Button:OnPointerClick (UnityEngine.EventSystems.PointerEventData) (at ./Library/PackageCache/com.unity.ugui@4f9b15fd1386/Runtime/UGUI/UI/Core/Button.cs:115)
UnityEngine.EventSystems.ExecuteEvents:Execute (UnityEngine.EventSystems.IPointerClickHandler,UnityEngine.EventSystems.BaseEventData) (at ./Library/PackageCache/com.unity.ugui@4f9b15fd1386/Runtime/UGUI/EventSystem/ExecuteEvents.cs:57)
UnityEngine.EventSystems.ExecuteEvents:Execute<UnityEngine.EventSystems.IPointerClickHandler> (UnityEngine.GameObject,UnityEngine.EventSystems.BaseEventData,UnityEngine.EventSystems.ExecuteEvents/EventFunction`1<UnityEngine.EventSystems.IPointerClickHandler>) (at ./Library/PackageCache/com.unity.ugui@4f9b15fd1386/Runtime/UGUI/EventSystem/ExecuteEvents.cs:272)
UnityEngine.InputSystem.UI.InputSystemUIInputModule:ProcessPointerButton (UnityEngine.InputSystem.UI.PointerModel/ButtonState&,UnityEngine.EventSystems.PointerEventData) (at ./Library/PackageCache/com.unity.inputsystem@21a28c3a6c83/InputSystem/Plugins/UI/InputSystemUIInputModule.cs:731)
UnityEngine.InputSystem.UI.InputSystemUIInputModule:ProcessPointer (UnityEngine.InputSystem.UI.PointerModel&) (at ./Library/PackageCache/com.unity.inputsystem@21a28c3a6c83/InputSystem/Plugins/UI/InputSystemUIInputModule.cs:490)
UnityEngine.InputSystem.UI.InputSystemUIInputModule:Process () (at ./Library/PackageCache/com.unity.inputsystem@21a28c3a6c83/InputSystem/Plugins/UI/InputSystemUIInputModule.cs:2404)
UnityEngine.EventSystems.EventSystem:Update () (at ./Library/PackageCache/com.unity.ugui@4f9b15fd1386/Runtime/UGUI/EventSystem/EventSystem.cs:516)

(Filename: Assets/Scripts/Managers/WaveManager.cs Line: 104)

Unloading 0 Unused Serialized files (Serialized files now loaded: 0)
Loaded scene 'Temp/__Backupscenes/0.backup'
	Deserialize:            2.267 ms
	Integration:            168.139 ms
	Integration of assets:  0.001 ms
	Thread Wait Time:       0.015 ms
	Total Operation Time:   170.423 ms
Unloading 20 unused Assets / (204.1 KB). Loaded Objects now: 8833.
Memory consumption went from 0.61 GB to 0.61 GB.
Total: 8.175500 ms (FindLiveObjects: 0.478900 ms CreateObjectMapping: 0.723200 ms MarkObjects: 6.915600 ms  DeleteObjects: 0.056900 ms)

[Licensing::Client] Successfully resolved entitlement details
The character with Unicode value \u25B6 was not found in the [LiberationSans SDF] font asset or any potential fallbacks. It was replaced by Unicode character \u25A1 in text object [Text (TMP)].
UnityEngine.Debug:ExtractStackTraceNoAlloc (byte*,int,string)
UnityEngine.StackTraceUtility:ExtractStackTrace ()
UnityEngine.DebugLogHandler:Internal_Log (UnityEngine.LogType,UnityEngine.LogOption,string,UnityEngine.Object)
UnityEngine.DebugLogHandler:LogFormat (UnityEngine.LogType,UnityEngine.Object,string,object[])
UnityEngine.Logger:Log (UnityEngine.LogType,object,UnityEngine.Object)
UnityEngine.Debug:LogWarning (object,UnityEngine.Object)
TMPro.TextMeshProUGUI:SetArraySizes (TMPro.TMP_Text/TextProcessingElement[]) (at ./Library/PackageCache/com.unity.ugui@4f9b15fd1386/Runtime/TMP/TextMeshProUGUI.cs:2012)
TMPro.TMP_Text:ParseInputText () (at ./Library/PackageCache/com.unity.ugui@4f9b15fd1386/Runtime/TMP/TMP_Text.cs:2063)
TMPro.TextMeshProUGUI:OnPreRenderCanvas () (at ./Library/PackageCache/com.unity.ugui@4f9b15fd1386/Runtime/TMP/TextMeshProUGUI.cs:2496)
TMPro.TextMeshProUGUI:Rebuild (UnityEngine.UI.CanvasUpdate) (at ./Library/PackageCache/com.unity.ugui@4f9b15fd1386/Runtime/TMP/TextMeshProUGUI.cs:229)
UnityEngine.UI.CanvasUpdateRegistry:PerformUpdate () (at ./Library/PackageCache/com.unity.ugui@4f9b15fd1386/Runtime/UGUI/UI/Core/CanvasUpdateRegistry.cs:215)
UnityEngine.Canvas:SendWillRenderCanvases ()

(Filename: ./Library/PackageCache/com.unity.ugui@4f9b15fd1386/Runtime/TMP/TextMeshProUGUI.cs Line: 2012)

Asset Pipeline Refresh (id=e3acb6fb16df5bc4ea5cbe55acaf25d9): Total: 0.005 seconds - Initiated by RefreshV2(AllowForceSynchronousImport)
Asset Pipeline Refresh (id=a7d50b9ab6a31ff4086b7a7673d47d00): Total: 0.003 seconds - Initiated by RefreshV2(AllowForceSynchronousImport)
Asset Pipeline Refresh (id=3933e62a2ac52a941b44045ec79c6403): Total: 0.010 seconds - Initiated by RefreshV2(AllowForceSynchronousImport)
Asset Pipeline Refresh (id=422edb38fc7fe8f49a5ca86c005eac4e): Total: 0.005 seconds - Initiated by RefreshV2(AllowForceSynchronousImport)
Reloading assemblies for play mode.
Reloading assemblies after forced synchronous recompile.
[Licensing::Client] Successfully resolved entitlement details
Begin MonoManager ReloadAssembly
Native extension for WindowsStandalone target not found
Native extension for WebGL target not found
ScheduleIndexationOnStartup MainProcess:True IndexOnStartup:True
[MODES] ModeService[none].Initialize
[MODES] ModeService[none].LoadModes
Mono: successfully reloaded assembly
- Finished resetting the current domain, in  1.036 seconds
Domain Reload Profiling: 1745ms
	BeginReloadAssembly (548ms)
		DisableScriptedObjects (50ms)
		CreateAndSetChildDomain (394ms)
	RebuildCommonClasses (6ms)
	RebuildNativeTypeToScriptingClass (11ms)
	initialDomainReloadingComplete (34ms)
	LoadAllAssembliesAndSetupDomain (109ms)
		LoadAssemblies (73ms)
		AnalyzeDomain (13ms)
			TypeCache.Refresh (4ms)
			ResolveRequiredComponents (5ms)
	FinalizeReload (1037ms)
		SetupLoadedEditorAssemblies (0ms)
			BeforeProcessingInitializeOnLoad (52ms)
			ProcessInitializeOnLoadAttributes (223ms)
			ProcessInitializeOnLoadMethodAttributes (82ms)
			AfterProcessingInitializeOnLoad (3ms)
		AwakeInstancesAfterBackupRestoration (362ms)

Asset Pipeline Refresh (id=01875a87b18d7624cbc22dc850cf9bab): Total: 1.886 seconds - Initiated by StopAssetImportingV2(ForceSynchronousImport | ForceDomainReload)
	(Values over 0.05ms)
	Summary:
		Imports: total=0 (actual=0, local cache=0, cache server=0)
		Asset DB Process Time: managed=0 ms, native=1124 ms
		Asset DB Callback time: managed=23 ms, native=0 ms
		Scripting: domain reloads=1, domain reload time=736 ms, compile time=1 ms, other=0 ms
		Project Asset Count: scripts=1373, non-scripts=2479
		Asset File Changes: new=0, changed=0, moved=0, deleted=0
		Scan Filter Count: 0
	InvokePackagesCallback: 0.977ms
	ApplyChangesToAssetFolders: 0.267ms
	Collect global state as custom dependencies: 1.333ms
	ProcessAssetsWithTransientArtifactChanges: 0.112ms
	CategorizeAssets: 33.676ms
	CompileScripts: 0.714ms
	ImportOutOfDateAssets: 1063.153ms (1045.923ms without children)
		CollectScriptTypesHashes: 0.570ms
		ReloadNativeAssets: 0.869ms
		UnloadImportedAssets: 0.105ms
		EnsureUptoDateAssetsAreRegisteredWithGuidPM: 0.317ms
		ImportSchedulerStart: 15.918ms
	PostProcessAllAssets: 23.484ms
		MonoPostProcessAllAssets: 23.481ms
			UniversalRenderPipelineGlobalSettingsPostprocessor.OnPostprocessAllAssets 7.265ms
			SyncVS.PostprocessSyncProject 6.037ms
			AssetChangedListener.OnPostprocessAllAssets 3.737ms
			BuilderAssetPostprocessor.OnPostprocessAllAssets 3.518ms
			AssetPostprocessor.OnPostprocessAllAssets 2.373ms
			WindowAssetPostprocessingWatcher.OnPostprocessAllAssets 1.834ms
			SpriteSlicePostprocessor.OnPostprocessAllAssets 1.472ms
			SpeedTree9Postprocessor.OnPostprocessAllAssets 1.116ms
			ShaderGraphAssetPostProcessor.OnPostprocessAllAssets 0.868ms
			RetainedModeAssetPostprocessor.OnPostprocessAllAssets 0.827ms
			RenderPipelineGlobalSettingsPostprocessor.OnPostprocessAllAssets 0.591ms
			MaterialPostprocessor.OnPostprocessAllAssets 0.455ms
			SpriteEditorTexturePostprocessor.OnPostprocessAllAssets 0.381ms
			TMPro_TexturePostProcessor.OnPostprocessAllAssets 0.368ms
			ArtifactBrowserPostProcessor.OnPostprocessAllAssets 0.351ms
			ReferencedClipsPostProcessor.OnPostprocessAllAssets 0.320ms
			SampleDependencyImporterPostProcessor.OnPostprocessAllAssets 0.259ms
			ShaderReflectionAssetPostProcessor.OnPostprocessAllAssets 0.228ms
			UVCSAssetPostprocessor.OnPostprocessAllAssets 0.223ms
			AudioMixerPostprocessor.OnPostprocessAllAssets 0.210ms
			TextAssetPostProcessor.OnPostprocessAllAssets 0.197ms
			InputActionJsonNameModifierAssetProcessor.OnPostprocessAllAssets 0.195ms
			InputActionAssetPostprocessor.OnPostprocessAllAssets 0.178ms
			AssetDatabaseCallbacks.OnPostprocessAllAssets 0.142ms
			PostProcessor.OnPostprocessAllAssets 0.139ms
			AssetEvents.OnPostprocessAllAssets 0.125ms
			StyleCatalogPostProcessor.OnPostprocessAllAssets 0.123ms
			SpeedTreePostProcessor.OnPostprocessAllAssets 0.106ms
			ProjectSettingsPostprocessor.OnPostprocessAllAssets 0.098ms
			TerrainToolbarOverlayPostProcessor.OnPostprocessAllAssets 0.096ms
			ConfigAssetsTracker.OnPostprocessAllAssets 0.076ms
			SamplePostprocessor.OnPostprocessAllAssets 0.075ms
			ScenarioDriftAssetsTracker.OnPostprocessAllAssets 0.062ms
	GatherAllCurrentPrimaryImportResultRevisions: 0.135ms
	PersistCurrentRevisions: 0.146ms
	GenerateScriptTypeHashes: 1.966ms
	GenerateScriptTypeSerializationHashes: 3.687ms
	Untracked: 756.090ms

Loaded scene 'Temp/__Backupscenes/0.backup'
	Deserialize:            2.828 ms
	Integration:            200.867 ms
	Integration of assets:  0.002 ms
	Thread Wait Time:       0.016 ms
	Total Operation Time:   203.713 ms
<color=green>=== 設置フェーズ開始 (Wave 1 の準備) ===</color>
UnityEngine.Debug:ExtractStackTraceNoAlloc (byte*,int,string)
UnityEngine.StackTraceUtility:ExtractStackTrace ()
UnityEngine.DebugLogHandler:Internal_Log (UnityEngine.LogType,UnityEngine.LogOption,string,UnityEngine.Object)
UnityEngine.DebugLogHandler:LogFormat (UnityEngine.LogType,UnityEngine.Object,string,object[])
UnityEngine.Logger:Log (UnityEngine.LogType,object)
UnityEngine.Debug:Log (object)
WaveManager:EnterPrepPhase () (at Assets/Scripts/Managers/WaveManager.cs:85)
WaveManager:Start () (at Assets/Scripts/Managers/WaveManager.cs:60)

(Filename: Assets/Scripts/Managers/WaveManager.cs Line: 85)

【準備フェーズ】配置を完了させたら「準備完了」ボタンを押してください。
UnityEngine.Debug:ExtractStackTraceNoAlloc (byte*,int,string)
UnityEngine.StackTraceUtility:ExtractStackTrace ()
UnityEngine.DebugLogHandler:Internal_Log (UnityEngine.LogType,UnityEngine.LogOption,string,UnityEngine.Object)
UnityEngine.DebugLogHandler:LogFormat (UnityEngine.LogType,UnityEngine.Object,string,object[])
UnityEngine.Logger:Log (UnityEngine.LogType,object)
UnityEngine.Debug:Log (object)
GameManager:SetPreparationPhase () (at Assets/Scripts/Managers/GameManager.cs:44)
GameManager:Start () (at Assets/Scripts/Managers/GameManager.cs:23)

(Filename: Assets/Scripts/Managers/GameManager.cs Line: 44)

[Licensing::Client] Successfully resolved entitlement details
[Licensing::Client] Successfully resolved entitlement details
Curl error 7: Failed to connect to config.uca.cloud.unity3d.com port 443 after 2089 ms: Could not connect to server
Asset Pipeline Refresh (id=1e67d466ff9b2874e9b8a0d15f12c1d3): Total: 0.004 seconds - Initiated by RefreshV2(NoUpdateAssetOptions)
The character with Unicode value \u25B6 was not found in the [LiberationSans SDF] font asset or any potential fallbacks. It was replaced by Unicode character \u25A1 in text object [Text (TMP)].
UnityEngine.Debug:ExtractStackTraceNoAlloc (byte*,int,string)
UnityEngine.StackTraceUtility:ExtractStackTrace ()
UnityEngine.DebugLogHandler:Internal_Log (UnityEngine.LogType,UnityEngine.LogOption,string,UnityEngine.Object)
UnityEngine.DebugLogHandler:LogFormat (UnityEngine.LogType,UnityEngine.Object,string,object[])
UnityEngine.Logger:Log (UnityEngine.LogType,object,UnityEngine.Object)
UnityEngine.Debug:LogWarning (object,UnityEngine.Object)
TMPro.TextMeshProUGUI:SetArraySizes (TMPro.TMP_Text/TextProcessingElement[]) (at ./Library/PackageCache/com.unity.ugui@4f9b15fd1386/Runtime/TMP/TextMeshProUGUI.cs:2012)
TMPro.TMP_Text:ParseInputText () (at ./Library/PackageCache/com.unity.ugui@4f9b15fd1386/Runtime/TMP/TMP_Text.cs:2063)
TMPro.TextMeshProUGUI:OnPreRenderCanvas () (at ./Library/PackageCache/com.unity.ugui@4f9b15fd1386/Runtime/TMP/TextMeshProUGUI.cs:2496)
TMPro.TextMeshProUGUI:Rebuild (UnityEngine.UI.CanvasUpdate) (at ./Library/PackageCache/com.unity.ugui@4f9b15fd1386/Runtime/TMP/TextMeshProUGUI.cs:229)
UnityEngine.UI.CanvasUpdateRegistry:PerformUpdate () (at ./Library/PackageCache/com.unity.ugui@4f9b15fd1386/Runtime/UGUI/UI/Core/CanvasUpdateRegistry.cs:215)
UnityEngine.Canvas:SendWillRenderCanvases ()

(Filename: ./Library/PackageCache/com.unity.ugui@4f9b15fd1386/Runtime/TMP/TextMeshProUGUI.cs Line: 2012)

Game Started!
UnityEngine.Debug:ExtractStackTraceNoAlloc (byte*,int,string)
UnityEngine.StackTraceUtility:ExtractStackTrace ()
UnityEngine.DebugLogHandler:Internal_Log (UnityEngine.LogType,UnityEngine.LogOption,string,UnityEngine.Object)
UnityEngine.DebugLogHandler:LogFormat (UnityEngine.LogType,UnityEngine.Object,string,object[])
UnityEngine.Logger:Log (UnityEngine.LogType,object)
UnityEngine.Debug:Log (object)
GameStartManager:StartGameplay () (at Assets/Scripts/UI/GameStartManager.cs:72)
GameStartManager:OnClickNextStory () (at Assets/Scripts/UI/GameStartManager.cs:53)
UnityEngine.Events.InvokableCall:Invoke ()
UnityEngine.Events.UnityEvent:Invoke ()
UnityEngine.UI.Button:Press () (at ./Library/PackageCache/com.unity.ugui@4f9b15fd1386/Runtime/UGUI/UI/Core/Button.cs:71)
UnityEngine.UI.Button:OnPointerClick (UnityEngine.EventSystems.PointerEventData) (at ./Library/PackageCache/com.unity.ugui@4f9b15fd1386/Runtime/UGUI/UI/Core/Button.cs:115)
UnityEngine.EventSystems.ExecuteEvents:Execute (UnityEngine.EventSystems.IPointerClickHandler,UnityEngine.EventSystems.BaseEventData) (at ./Library/PackageCache/com.unity.ugui@4f9b15fd1386/Runtime/UGUI/EventSystem/ExecuteEvents.cs:57)
UnityEngine.EventSystems.ExecuteEvents:Execute<UnityEngine.EventSystems.IPointerClickHandler> (UnityEngine.GameObject,UnityEngine.EventSystems.BaseEventData,UnityEngine.EventSystems.ExecuteEvents/EventFunction`1<UnityEngine.EventSystems.IPointerClickHandler>) (at ./Library/PackageCache/com.unity.ugui@4f9b15fd1386/Runtime/UGUI/EventSystem/ExecuteEvents.cs:272)
UnityEngine.InputSystem.UI.InputSystemUIInputModule:ProcessPointerButton (UnityEngine.InputSystem.UI.PointerModel/ButtonState&,UnityEngine.EventSystems.PointerEventData) (at ./Library/PackageCache/com.unity.inputsystem@21a28c3a6c83/InputSystem/Plugins/UI/InputSystemUIInputModule.cs:731)
UnityEngine.InputSystem.UI.InputSystemUIInputModule:ProcessPointer (UnityEngine.InputSystem.UI.PointerModel&) (at ./Library/PackageCache/com.unity.inputsystem@21a28c3a6c83/InputSystem/Plugins/UI/InputSystemUIInputModule.cs:490)
UnityEngine.InputSystem.UI.InputSystemUIInputModule:Process () (at ./Library/PackageCache/com.unity.inputsystem@21a28c3a6c83/InputSystem/Plugins/UI/InputSystemUIInputModule.cs:2404)
UnityEngine.EventSystems.EventSystem:Update () (at ./Library/PackageCache/com.unity.ugui@4f9b15fd1386/Runtime/UGUI/EventSystem/EventSystem.cs:516)

(Filename: Assets/Scripts/UI/GameStartManager.cs Line: 72)

【戦闘フェーズ】敵の攻撃開始！
UnityEngine.Debug:ExtractStackTraceNoAlloc (byte*,int,string)
UnityEngine.StackTraceUtility:ExtractStackTrace ()
UnityEngine.DebugLogHandler:Internal_Log (UnityEngine.LogType,UnityEngine.LogOption,string,UnityEngine.Object)
UnityEngine.DebugLogHandler:LogFormat (UnityEngine.LogType,UnityEngine.Object,string,object[])
UnityEngine.Logger:Log (UnityEngine.LogType,object)
UnityEngine.Debug:Log (object)
GameManager:SetBattlePhase () (at Assets/Scripts/Managers/GameManager.cs:59)
BuildMenuUI:ToggleReady () (at Assets/Scripts/UI/BuildMenuUI.cs:94)
UnityEngine.Events.InvokableCall:Invoke ()
UnityEngine.Events.UnityEvent:Invoke ()
UnityEngine.UI.Button:Press () (at ./Library/PackageCache/com.unity.ugui@4f9b15fd1386/Runtime/UGUI/UI/Core/Button.cs:71)
UnityEngine.UI.Button:OnPointerClick (UnityEngine.EventSystems.PointerEventData) (at ./Library/PackageCache/com.unity.ugui@4f9b15fd1386/Runtime/UGUI/UI/Core/Button.cs:115)
UnityEngine.EventSystems.ExecuteEvents:Execute (UnityEngine.EventSystems.IPointerClickHandler,UnityEngine.EventSystems.BaseEventData) (at ./Library/PackageCache/com.unity.ugui@4f9b15fd1386/Runtime/UGUI/EventSystem/ExecuteEvents.cs:57)
UnityEngine.EventSystems.ExecuteEvents:Execute<UnityEngine.EventSystems.IPointerClickHandler> (UnityEngine.GameObject,UnityEngine.EventSystems.BaseEventData,UnityEngine.EventSystems.ExecuteEvents/EventFunction`1<UnityEngine.EventSystems.IPointerClickHandler>) (at ./Library/PackageCache/com.unity.ugui@4f9b15fd1386/Runtime/UGUI/EventSystem/ExecuteEvents.cs:272)
UnityEngine.InputSystem.UI.InputSystemUIInputModule:ProcessPointerButton (UnityEngine.InputSystem.UI.PointerModel/ButtonState&,UnityEngine.EventSystems.PointerEventData) (at ./Library/PackageCache/com.unity.inputsystem@21a28c3a6c83/InputSystem/Plugins/UI/InputSystemUIInputModule.cs:731)
UnityEngine.InputSystem.UI.InputSystemUIInputModule:ProcessPointer (UnityEngine.InputSystem.UI.PointerModel&) (at ./Library/PackageCache/com.unity.inputsystem@21a28c3a6c83/InputSystem/Plugins/UI/InputSystemUIInputModule.cs:490)
UnityEngine.InputSystem.UI.InputSystemUIInputModule:Process () (at ./Library/PackageCache/com.unity.inputsystem@21a28c3a6c83/InputSystem/Plugins/UI/InputSystemUIInputModule.cs:2404)
UnityEngine.EventSystems.EventSystem:Update () (at ./Library/PackageCache/com.unity.ugui@4f9b15fd1386/Runtime/UGUI/EventSystem/EventSystem.cs:516)

(Filename: Assets/Scripts/Managers/GameManager.cs Line: 59)

<color=cyan>=== Wave1 (Wave 1/2) 戦闘開始！ ===</color>
UnityEngine.Debug:ExtractStackTraceNoAlloc (byte*,int,string)
UnityEngine.StackTraceUtility:ExtractStackTrace ()
UnityEngine.DebugLogHandler:Internal_Log (UnityEngine.LogType,UnityEngine.LogOption,string,UnityEngine.Object)
UnityEngine.DebugLogHandler:LogFormat (UnityEngine.LogType,UnityEngine.Object,string,object[])
UnityEngine.Logger:Log (UnityEngine.LogType,object)
UnityEngine.Debug:Log (object)
WaveManager/<RunWaveSequence>d__16:MoveNext () (at Assets/Scripts/Managers/WaveManager.cs:132)
UnityEngine.SetupCoroutine:InvokeMoveNext (System.Collections.IEnumerator,intptr)
UnityEngine.MonoBehaviour:StartCoroutineManaged2 (System.Collections.IEnumerator)
UnityEngine.MonoBehaviour:StartCoroutine (System.Collections.IEnumerator)
WaveManager:StartNextWave () (at Assets/Scripts/Managers/WaveManager.cs:115)
GameManager:SetBattlePhase () (at Assets/Scripts/Managers/GameManager.cs:76)
BuildMenuUI:ToggleReady () (at Assets/Scripts/UI/BuildMenuUI.cs:94)
UnityEngine.Events.InvokableCall:Invoke ()
UnityEngine.Events.UnityEvent:Invoke ()
UnityEngine.UI.Button:Press () (at ./Library/PackageCache/com.unity.ugui@4f9b15fd1386/Runtime/UGUI/UI/Core/Button.cs:71)
UnityEngine.UI.Button:OnPointerClick (UnityEngine.EventSystems.PointerEventData) (at ./Library/PackageCache/com.unity.ugui@4f9b15fd1386/Runtime/UGUI/UI/Core/Button.cs:115)
UnityEngine.EventSystems.ExecuteEvents:Execute (UnityEngine.EventSystems.IPointerClickHandler,UnityEngine.EventSystems.BaseEventData) (at ./Library/PackageCache/com.unity.ugui@4f9b15fd1386/Runtime/UGUI/EventSystem/ExecuteEvents.cs:57)
UnityEngine.EventSystems.ExecuteEvents:Execute<UnityEngine.EventSystems.IPointerClickHandler> (UnityEngine.GameObject,UnityEngine.EventSystems.BaseEventData,UnityEngine.EventSystems.ExecuteEvents/EventFunction`1<UnityEngine.EventSystems.IPointerClickHandler>) (at ./Library/PackageCache/com.unity.ugui@4f9b15fd1386/Runtime/UGUI/EventSystem/ExecuteEvents.cs:272)
UnityEngine.InputSystem.UI.InputSystemUIInputModule:ProcessPointerButton (UnityEngine.InputSystem.UI.PointerModel/ButtonState&,UnityEngine.EventSystems.PointerEventData) (at ./Library/PackageCache/com.unity.inputsystem@21a28c3a6c83/InputSystem/Plugins/UI/InputSystemUIInputModule.cs:731)
UnityEngine.InputSystem.UI.InputSystemUIInputModule:ProcessPointer (UnityEngine.InputSystem.UI.PointerModel&) (at ./Library/PackageCache/com.unity.inputsystem@21a28c3a6c83/InputSystem/Plugins/UI/InputSystemUIInputModule.cs:490)
UnityEngine.InputSystem.UI.InputSystemUIInputModule:Process () (at ./Library/PackageCache/com.unity.inputsystem@21a28c3a6c83/InputSystem/Plugins/UI/InputSystemUIInputModule.cs:2404)
UnityEngine.EventSystems.EventSystem:Update () (at ./Library/PackageCache/com.unity.ugui@4f9b15fd1386/Runtime/UGUI/EventSystem/EventSystem.cs:516)

(Filename: Assets/Scripts/Managers/WaveManager.cs Line: 132)

[Enemy_A_Iron(Clone)] アイアン ステータス初期化完了 (HP:100, Speed:3.5)
UnityEngine.Debug:ExtractStackTraceNoAlloc (byte*,int,string)
UnityEngine.StackTraceUtility:ExtractStackTrace ()
UnityEngine.DebugLogHandler:Internal_Log (UnityEngine.LogType,UnityEngine.LogOption,string,UnityEngine.Object)
UnityEngine.DebugLogHandler:LogFormat (UnityEngine.LogType,UnityEngine.Object,string,object[])
UnityEngine.Logger:Log (UnityEngine.LogType,object)
UnityEngine.Debug:Log (object)
IntruderNavMesh:InitializeStatus (AdventurerData/Rank) (at Assets/Scripts/Enemy/instruderNavMesh.cs:61)
EnemySpawner:SpawnEnemyByRank (AdventurerData/Rank) (at Assets/Scripts/Managers/EnemySpawner..cs:66)
WaveManager/<RunWaveSequence>d__16:MoveNext () (at Assets/Scripts/Managers/WaveManager.cs:146)
UnityEngine.SetupCoroutine:InvokeMoveNext (System.Collections.IEnumerator,intptr)
UnityEngine.MonoBehaviour:StartCoroutineManaged2 (System.Collections.IEnumerator)
UnityEngine.MonoBehaviour:StartCoroutine (System.Collections.IEnumerator)
WaveManager:StartNextWave () (at Assets/Scripts/Managers/WaveManager.cs:115)
GameManager:SetBattlePhase () (at Assets/Scripts/Managers/GameManager.cs:76)
BuildMenuUI:ToggleReady () (at Assets/Scripts/UI/BuildMenuUI.cs:94)
UnityEngine.Events.InvokableCall:Invoke ()
UnityEngine.Events.UnityEvent:Invoke ()
UnityEngine.UI.Button:Press () (at ./Library/PackageCache/com.unity.ugui@4f9b15fd1386/Runtime/UGUI/UI/Core/Button.cs:71)
UnityEngine.UI.Button:OnPointerClick (UnityEngine.EventSystems.PointerEventData) (at ./Library/PackageCache/com.unity.ugui@4f9b15fd1386/Runtime/UGUI/UI/Core/Button.cs:115)
UnityEngine.EventSystems.ExecuteEvents:Execute (UnityEngine.EventSystems.IPointerClickHandler,UnityEngine.EventSystems.BaseEventData) (at ./Library/PackageCache/com.unity.ugui@4f9b15fd1386/Runtime/UGUI/EventSystem/ExecuteEvents.cs:57)
UnityEngine.EventSystems.ExecuteEvents:Execute<UnityEngine.EventSystems.IPointerClickHandler> (UnityEngine.GameObject,UnityEngine.EventSystems.BaseEventData,UnityEngine.EventSystems.ExecuteEvents/EventFunction`1<UnityEngine.EventSystems.IPointerClickHandler>) (at ./Library/PackageCache/com.unity.ugui@4f9b15fd1386/Runtime/UGUI/EventSystem/ExecuteEvents.cs:272)
UnityEngine.InputSystem.UI.InputSystemUIInputModule:ProcessPointerButton (UnityEngine.InputSystem.UI.PointerModel/ButtonState&,UnityEngine.EventSystems.PointerEventData) (at ./Library/PackageCache/com.unity.inputsystem@21a28c3a6c83/InputSystem/Plugins/UI/InputSystemUIInputModule.cs:731)
UnityEngine.InputSystem.UI.InputSystemUIInputModule:ProcessPointer (UnityEngine.InputSystem.UI.PointerModel&) (at ./Library/PackageCache/com.unity.inputsystem@21a28c3a6c83/InputSystem/Plugins/UI/InputSystemUIInputModule.cs:490)
UnityEngine.InputSystem.UI.InputSystemUIInputModule:Process () (at ./Library/PackageCache/com.unity.inputsystem@21a28c3a6c83/InputSystem/Plugins/UI/InputSystemUIInputModule.cs:2404)
UnityEngine.EventSystems.EventSystem:Update () (at ./Library/PackageCache/com.unity.ugui@4f9b15fd1386/Runtime/UGUI/EventSystem/EventSystem.cs:516)

(Filename: Assets/Scripts/Enemy/instruderNavMesh.cs Line: 61)

[Enemy_A_Iron(Clone)] アイアン ステータス初期化完了 (HP:100, Speed:3.5)
UnityEngine.Debug:ExtractStackTraceNoAlloc (byte*,int,string)
UnityEngine.StackTraceUtility:ExtractStackTrace ()
UnityEngine.DebugLogHandler:Internal_Log (UnityEngine.LogType,UnityEngine.LogOption,string,UnityEngine.Object)
UnityEngine.DebugLogHandler:LogFormat (UnityEngine.LogType,UnityEngine.Object,string,object[])
UnityEngine.Logger:Log (UnityEngine.LogType,object)
UnityEngine.Debug:Log (object)
IntruderNavMesh:InitializeStatus (AdventurerData/Rank) (at Assets/Scripts/Enemy/instruderNavMesh.cs:61)
EnemySpawner:SpawnEnemyByRank (AdventurerData/Rank) (at Assets/Scripts/Managers/EnemySpawner..cs:66)
WaveManager/<RunWaveSequence>d__16:MoveNext () (at Assets/Scripts/Managers/WaveManager.cs:146)
UnityEngine.SetupCoroutine:InvokeMoveNext (System.Collections.IEnumerator,intptr)

(Filename: Assets/Scripts/Enemy/instruderNavMesh.cs Line: 61)

[Enemy_A_Iron(Clone)] アイアン ステータス初期化完了 (HP:100, Speed:3.5)
UnityEngine.Debug:ExtractStackTraceNoAlloc (byte*,int,string)
UnityEngine.StackTraceUtility:ExtractStackTrace ()
UnityEngine.DebugLogHandler:Internal_Log (UnityEngine.LogType,UnityEngine.LogOption,string,UnityEngine.Object)
UnityEngine.DebugLogHandler:LogFormat (UnityEngine.LogType,UnityEngine.Object,string,object[])
UnityEngine.Logger:Log (UnityEngine.LogType,object)
UnityEngine.Debug:Log (object)
IntruderNavMesh:InitializeStatus (AdventurerData/Rank) (at Assets/Scripts/Enemy/instruderNavMesh.cs:61)
EnemySpawner:SpawnEnemyByRank (AdventurerData/Rank) (at Assets/Scripts/Managers/EnemySpawner..cs:66)
WaveManager/<RunWaveSequence>d__16:MoveNext () (at Assets/Scripts/Managers/WaveManager.cs:146)
UnityEngine.SetupCoroutine:InvokeMoveNext (System.Collections.IEnumerator,intptr)

(Filename: Assets/Scripts/Enemy/instruderNavMesh.cs Line: 61)

[Enemy_A_Iron(Clone)] アイアン ステータス初期化完了 (HP:100, Speed:3.5)
UnityEngine.Debug:ExtractStackTraceNoAlloc (byte*,int,string)
UnityEngine.StackTraceUtility:ExtractStackTrace ()
UnityEngine.DebugLogHandler:Internal_Log (UnityEngine.LogType,UnityEngine.LogOption,string,UnityEngine.Object)
UnityEngine.DebugLogHandler:LogFormat (UnityEngine.LogType,UnityEngine.Object,string,object[])
UnityEngine.Logger:Log (UnityEngine.LogType,object)
UnityEngine.Debug:Log (object)
IntruderNavMesh:InitializeStatus (AdventurerData/Rank) (at Assets/Scripts/Enemy/instruderNavMesh.cs:61)
EnemySpawner:SpawnEnemyByRank (AdventurerData/Rank) (at Assets/Scripts/Managers/EnemySpawner..cs:66)
WaveManager/<RunWaveSequence>d__16:MoveNext () (at Assets/Scripts/Managers/WaveManager.cs:146)
UnityEngine.SetupCoroutine:InvokeMoveNext (System.Collections.IEnumerator,intptr)

(Filename: Assets/Scripts/Enemy/instruderNavMesh.cs Line: 61)

[Enemy_A_Iron(Clone)] アイアン ステータス初期化完了 (HP:100, Speed:3.5)
UnityEngine.Debug:ExtractStackTraceNoAlloc (byte*,int,string)
UnityEngine.StackTraceUtility:ExtractStackTrace ()
UnityEngine.DebugLogHandler:Internal_Log (UnityEngine.LogType,UnityEngine.LogOption,string,UnityEngine.Object)
UnityEngine.DebugLogHandler:LogFormat (UnityEngine.LogType,UnityEngine.Object,string,object[])
UnityEngine.Logger:Log (UnityEngine.LogType,object)
UnityEngine.Debug:Log (object)
IntruderNavMesh:InitializeStatus (AdventurerData/Rank) (at Assets/Scripts/Enemy/instruderNavMesh.cs:61)
EnemySpawner:SpawnEnemyByRank (AdventurerData/Rank) (at Assets/Scripts/Managers/EnemySpawner..cs:66)
WaveManager/<RunWaveSequence>d__16:MoveNext () (at Assets/Scripts/Managers/WaveManager.cs:146)
UnityEngine.SetupCoroutine:InvokeMoveNext (System.Collections.IEnumerator,intptr)

(Filename: Assets/Scripts/Enemy/instruderNavMesh.cs Line: 61)

[Enemy_A_Bronze(Clone)] ブロンズ ステータス初期化完了 (HP:150, Speed:3.6)
UnityEngine.Debug:ExtractStackTraceNoAlloc (byte*,int,string)
UnityEngine.StackTraceUtility:ExtractStackTrace ()
UnityEngine.DebugLogHandler:Internal_Log (UnityEngine.LogType,UnityEngine.LogOption,string,UnityEngine.Object)
UnityEngine.DebugLogHandler:LogFormat (UnityEngine.LogType,UnityEngine.Object,string,object[])
UnityEngine.Logger:Log (UnityEngine.LogType,object)
UnityEngine.Debug:Log (object)
IntruderNavMesh:InitializeStatus (AdventurerData/Rank) (at Assets/Scripts/Enemy/instruderNavMesh.cs:61)
EnemySpawner:SpawnEnemyByRank (AdventurerData/Rank) (at Assets/Scripts/Managers/EnemySpawner..cs:66)
WaveManager/<RunWaveSequence>d__16:MoveNext () (at Assets/Scripts/Managers/WaveManager.cs:146)
UnityEngine.SetupCoroutine:InvokeMoveNext (System.Collections.IEnumerator,intptr)

(Filename: Assets/Scripts/Enemy/instruderNavMesh.cs Line: 61)

[Enemy_A_Bronze(Clone)] ブロンズ ステータス初期化完了 (HP:150, Speed:3.6)
UnityEngine.Debug:ExtractStackTraceNoAlloc (byte*,int,string)
UnityEngine.StackTraceUtility:ExtractStackTrace ()
UnityEngine.DebugLogHandler:Internal_Log (UnityEngine.LogType,UnityEngine.LogOption,string,UnityEngine.Object)
UnityEngine.DebugLogHandler:LogFormat (UnityEngine.LogType,UnityEngine.Object,string,object[])
UnityEngine.Logger:Log (UnityEngine.LogType,object)
UnityEngine.Debug:Log (object)
IntruderNavMesh:InitializeStatus (AdventurerData/Rank) (at Assets/Scripts/Enemy/instruderNavMesh.cs:61)
EnemySpawner:SpawnEnemyByRank (AdventurerData/Rank) (at Assets/Scripts/Managers/EnemySpawner..cs:66)
WaveManager/<RunWaveSequence>d__16:MoveNext () (at Assets/Scripts/Managers/WaveManager.cs:146)
UnityEngine.SetupCoroutine:InvokeMoveNext (System.Collections.IEnumerator,intptr)

(Filename: Assets/Scripts/Enemy/instruderNavMesh.cs Line: 61)

[Wave1] 全ての敵の生成が完了しました。残敵の全滅を待っています...
UnityEngine.Debug:ExtractStackTraceNoAlloc (byte*,int,string)
UnityEngine.StackTraceUtility:ExtractStackTrace ()
UnityEngine.DebugLogHandler:Internal_Log (UnityEngine.LogType,UnityEngine.LogOption,string,UnityEngine.Object)
UnityEngine.DebugLogHandler:LogFormat (UnityEngine.LogType,UnityEngine.Object,string,object[])
UnityEngine.Logger:Log (UnityEngine.LogType,object)
UnityEngine.Debug:Log (object)
WaveManager/<RunWaveSequence>d__16:MoveNext () (at Assets/Scripts/Managers/WaveManager.cs:161)
UnityEngine.SetupCoroutine:InvokeMoveNext (System.Collections.IEnumerator,intptr)

(Filename: Assets/Scripts/Managers/WaveManager.cs Line: 161)

Unloading 0 Unused Serialized files (Serialized files now loaded: 0)
Loaded scene 'Temp/__Backupscenes/0.backup'
	Deserialize:            1.964 ms
	Integration:            160.318 ms
	Integration of assets:  0.002 ms
	Thread Wait Time:       0.013 ms
	Total Operation Time:   162.296 ms
Unloading 15 unused Assets / (201.1 KB). Loaded Objects now: 8836.
Memory consumption went from 0.60 GB to 0.60 GB.
Total: 8.609500 ms (FindLiveObjects: 0.488200 ms CreateObjectMapping: 0.568900 ms MarkObjects: 7.498600 ms  DeleteObjects: 0.052900 ms)

[Licensing::Client] Successfully resolved entitlement details
The character with Unicode value \u25B6 was not found in the [LiberationSans SDF] font asset or any potential fallbacks. It was replaced by Unicode character \u25A1 in text object [Text (TMP)].
UnityEngine.Debug:ExtractStackTraceNoAlloc (byte*,int,string)
UnityEngine.StackTraceUtility:ExtractStackTrace ()
UnityEngine.DebugLogHandler:Internal_Log (UnityEngine.LogType,UnityEngine.LogOption,string,UnityEngine.Object)
UnityEngine.DebugLogHandler:LogFormat (UnityEngine.LogType,UnityEngine.Object,string,object[])
UnityEngine.Logger:Log (UnityEngine.LogType,object,UnityEngine.Object)
UnityEngine.Debug:LogWarning (object,UnityEngine.Object)
TMPro.TextMeshProUGUI:SetArraySizes (TMPro.TMP_Text/TextProcessingElement[]) (at ./Library/PackageCache/com.unity.ugui@4f9b15fd1386/Runtime/TMP/TextMeshProUGUI.cs:2012)
TMPro.TMP_Text:ParseInputText () (at ./Library/PackageCache/com.unity.ugui@4f9b15fd1386/Runtime/TMP/TMP_Text.cs:2063)
TMPro.TextMeshProUGUI:OnPreRenderCanvas () (at ./Library/PackageCache/com.unity.ugui@4f9b15fd1386/Runtime/TMP/TextMeshProUGUI.cs:2496)
TMPro.TextMeshProUGUI:Rebuild (UnityEngine.UI.CanvasUpdate) (at ./Library/PackageCache/com.unity.ugui@4f9b15fd1386/Runtime/TMP/TextMeshProUGUI.cs:229)
UnityEngine.UI.CanvasUpdateRegistry:PerformUpdate () (at ./Library/PackageCache/com.unity.ugui@4f9b15fd1386/Runtime/UGUI/UI/Core/CanvasUpdateRegistry.cs:215)
UnityEngine.Canvas:SendWillRenderCanvases ()

(Filename: ./Library/PackageCache/com.unity.ugui@4f9b15fd1386/Runtime/TMP/TextMeshProUGUI.cs Line: 2012)

Loaded scene 'Library/Unused/25b96659e83a57249b000a9987361335'
	Deserialize:            0.189 ms
	Integration:            0.122 ms
	Integration of assets:  0.002 ms
	Thread Wait Time:       0.009 ms
	Total Operation Time:   0.321 ms
Unloading 24 Unused Serialized files (Serialized files now loaded: 0)
Unloading 59 unused Assets / (17.1 MB). Loaded Objects now: 9091.
Memory consumption went from 0.67 GB to 0.66 GB.
Total: 13.836400 ms (FindLiveObjects: 0.309500 ms CreateObjectMapping: 0.557600 ms MarkObjects: 8.625100 ms  DeleteObjects: 4.343600 ms)

Asset Pipeline Refresh (id=9c5e612303fef054886e6dc8892458d7): Total: 0.007 seconds - Initiated by RefreshV2(AllowForceSynchronousImport)
Asset Pipeline Refresh (id=542e6b2b6711be841a825662095d8efd): Total: 0.003 seconds - Initiated by RefreshV2(AllowForceSynchronousImport)
Loaded scene 'Library/Unused/0cead7a6e789a5740935a4c163a50d4c'
	Deserialize:            0.219 ms
	Integration:            0.090 ms
	Integration of assets:  0.002 ms
	Thread Wait Time:       0.016 ms
	Total Operation Time:   0.328 ms
Unloading 7 Unused Serialized files (Serialized files now loaded: 0)
Unloading 12 unused Assets / (10.6 KB). Loaded Objects now: 9091.
Memory consumption went from 0.65 GB to 0.65 GB.
Total: 9.740000 ms (FindLiveObjects: 0.337000 ms CreateObjectMapping: 0.593400 ms MarkObjects: 8.767800 ms  DeleteObjects: 0.041300 ms)

Asset Pipeline Refresh (id=fd3dd6fd775c86f40aae4e5946bc8c54): Total: 0.005 seconds - Initiated by RefreshV2(AllowForceSynchronousImport)
Importing 'GUID: e793f4a12f303d84196d96ccf0c50809 - Path: Assets/Prefabs/Enemy_A/Enemy_A_Bronze.prefab' with importer (PrefabImporter)
Imported 'GUID: e793f4a12f303d84196d96ccf0c50809' -> (Import Result ID: 'b07a8887ed4be70513a54976b1a1c2e4') in 0.005 seconds [static and dynamic dependencies]. Details - ImportResultOutputID=6fa53631361fb06f29af687fa3833fee DependenciesID=d513a27090f3a81a250772e18316e7d9 StaticDependenciesID=c6416a4300c5c211a90171e6019fc5da 
Asset Pipeline Refresh (id=2e7f56a7049277d4c99466c7fd6e7254): Total: 0.071 seconds - Initiated by StopAssetImportingV2(NoUpdateAssetOptions)
Starting new worker id: 1 with log in C:/Users/Kouta/Documents/Growing_Dungeon_UL/Logs/AssetImportWorkerHW1.log
[Worker0] Imported GUID: e793f4a12f303d84196d96ccf0c50809 - Path: Assets/Prefabs/Enemy_A/Enemy_A_Bronze.prefab - Importer: PreviewImporter -> (ImportResultId: '49568bf4731d3a6eb2b026d6267b4b2e') in 0.3062936 seconds
Worker ready: AssetImportWorkerHW1 1
Importing 'GUID: e793f4a12f303d84196d96ccf0c50809 - Path: Assets/Prefabs/Enemy_A/Enemy_A_Bronze.prefab' with importer (PrefabImporter)
Imported 'GUID: e793f4a12f303d84196d96ccf0c50809' -> (Import Result ID: 'd94abefd4f1c6ae239b6a2fa050c6660') in 0.002 seconds [static and dynamic dependencies]. Details - ImportResultOutputID=1964ea7ff55d6fb6594be936b9f92a95 DependenciesID=674ce469be66b74c66a96193d093fc59 StaticDependenciesID=b685a56a4e03a7911db4815385cbf0bd 
Asset Pipeline Refresh (id=4119943779aa0a54fb04b903997fdc22): Total: 0.049 seconds - Initiated by StopAssetImportingV2(NoUpdateAssetOptions)
[Worker0] Imported GUID: e793f4a12f303d84196d96ccf0c50809 - Path: Assets/Prefabs/Enemy_A/Enemy_A_Bronze.prefab - Importer: PreviewImporter -> (ImportResultId: '10b46334868a77c6037ee8b57b10af01') in 0.0388617 seconds
Importing 'GUID: e793f4a12f303d84196d96ccf0c50809 - Path: Assets/Prefabs/Enemy_A/Enemy_A_Bronze.prefab' with importer (PrefabImporter)
Imported 'GUID: e793f4a12f303d84196d96ccf0c50809' -> (Import Result ID: 'cf4a798a0fe2fb49a18a6586d3a3f9fd') in 0.002 seconds [static and dynamic dependencies]. Details - ImportResultOutputID=3cd489876f4a04bf1600a9169c6670c2 DependenciesID=393da8939ef7e7ab3f04ca50e08ec92f StaticDependenciesID=973a5d0d1df5b298991640ac4d605440 
Asset Pipeline Refresh (id=fefee6f1a9f37fd438b6b146e99ebab9): Total: 0.049 seconds - Initiated by StopAssetImportingV2(NoUpdateAssetOptions)
[Worker0] Imported GUID: e793f4a12f303d84196d96ccf0c50809 - Path: Assets/Prefabs/Enemy_A/Enemy_A_Bronze.prefab - Importer: PreviewImporter -> (ImportResultId: '32eb11f7ac7069145565a4640f0b8f84') in 0.0237683 seconds
Importing 'GUID: e793f4a12f303d84196d96ccf0c50809 - Path: Assets/Prefabs/Enemy_A/Enemy_A_Bronze.prefab' with importer (PrefabImporter)
Imported 'GUID: e793f4a12f303d84196d96ccf0c50809' -> (Import Result ID: 'd3b0a5d76f0ced5729eba43c09386eb4') in 0.005 seconds [static and dynamic dependencies]. Details - ImportResultOutputID=36bbca5b4615c0a0efbff87204c8635b DependenciesID=2a5c89ced03b349591f8f06cf667ff12 StaticDependenciesID=5716b0df16ddf5497d4d27251d85c292 
Asset Pipeline Refresh (id=c7ef44ab41dd4764f83f6039f1fb28af): Total: 0.054 seconds - Initiated by StopAssetImportingV2(NoUpdateAssetOptions)
[Worker0] Imported GUID: e793f4a12f303d84196d96ccf0c50809 - Path: Assets/Prefabs/Enemy_A/Enemy_A_Bronze.prefab - Importer: PreviewImporter -> (ImportResultId: '98be9b3e1cfac9779643d65c482595eb') in 0.0239088 seconds
Importing 'GUID: e793f4a12f303d84196d96ccf0c50809 - Path: Assets/Prefabs/Enemy_A/Enemy_A_Bronze.prefab' with importer (PrefabImporter)
Imported 'GUID: e793f4a12f303d84196d96ccf0c50809' -> (Import Result ID: '1bc053f9a8baf9913bdc0c6b62f3841e') in 0.002 seconds [static and dynamic dependencies]. Details - ImportResultOutputID=39668ecc41d277bc4c6956f7575a20c9 DependenciesID=a0ed8185b4e2d005c673c853b4600d35 StaticDependenciesID=fc137e9499c896356c35b918801de273 
Asset Pipeline Refresh (id=caa84990d68f0b54282db4bf33299f03): Total: 0.050 seconds - Initiated by StopAssetImportingV2(NoUpdateAssetOptions)
[Worker0] Imported GUID: e793f4a12f303d84196d96ccf0c50809 - Path: Assets/Prefabs/Enemy_A/Enemy_A_Bronze.prefab - Importer: PreviewImporter -> (ImportResultId: '5a87ded0bd436f4527b92dc80c84f822') in 0.0295898 seconds
Importing 'GUID: 8d25fe3bd61806a4bbf646bbaaadab31 - Path: Assets/Prefabs/Enemy_A/Enemy_A_Challenger.prefab' with importer (PrefabImporter)
Imported 'GUID: 8d25fe3bd61806a4bbf646bbaaadab31' -> (Import Result ID: '6d367f505bda018b5e7a4b767cc1f778') in 0.003 seconds [static and dynamic dependencies]. Details - ImportResultOutputID=9b3a7e49301373746c1ec4ce7558add8 DependenciesID=b57f254f15306a98121cf42e764bdd08 StaticDependenciesID=7ec49013ba1c556cb86a4bdeed6b4cd3 
Asset Pipeline Refresh (id=cbf59c98218630b43a4e4ca7bdce92c5): Total: 0.057 seconds - Initiated by StopAssetImportingV2(NoUpdateAssetOptions)
[Worker0] Imported GUID: 8d25fe3bd61806a4bbf646bbaaadab31 - Path: Assets/Prefabs/Enemy_A/Enemy_A_Challenger.prefab - Importer: PreviewImporter -> (ImportResultId: '568237a8c8efbf72cddf8218fe3acb6e') in 0.0228907 seconds
Importing 'GUID: 8d25fe3bd61806a4bbf646bbaaadab31 - Path: Assets/Prefabs/Enemy_A/Enemy_A_Challenger.prefab' with importer (PrefabImporter)
Imported 'GUID: 8d25fe3bd61806a4bbf646bbaaadab31' -> (Import Result ID: '6f96b6c00b33b0aaf9f11752ca214c6c') in 0.002 seconds [static and dynamic dependencies]. Details - ImportResultOutputID=40384e533a40922584a30f2e04d81b93 DependenciesID=bb7c9f00050c9504b83d9882f30eedcf StaticDependenciesID=ca1609fb9e5258a92628e865f551df0f 
Asset Pipeline Refresh (id=fbef8b5d591284d42831753a8b01a09c): Total: 0.056 seconds - Initiated by StopAssetImportingV2(NoUpdateAssetOptions)
[Worker0] Imported GUID: 8d25fe3bd61806a4bbf646bbaaadab31 - Path: Assets/Prefabs/Enemy_A/Enemy_A_Challenger.prefab - Importer: PreviewImporter -> (ImportResultId: '3a51847249cc2c7c2f4d7c588402c9db') in 0.021494 seconds
Importing 'GUID: 8d25fe3bd61806a4bbf646bbaaadab31 - Path: Assets/Prefabs/Enemy_A/Enemy_A_Challenger.prefab' with importer (PrefabImporter)
Imported 'GUID: 8d25fe3bd61806a4bbf646bbaaadab31' -> (Import Result ID: '08274b8f1405ed1ddf55905d2db483f6') in 0.002 seconds [static and dynamic dependencies]. Details - ImportResultOutputID=733afab2325ba3a93d19f809b4e237a3 DependenciesID=aa954e9097c10b69574a1e6a3bd583fe StaticDependenciesID=f96901a10a528ecedd74a7d419243266 
Asset Pipeline Refresh (id=24d0985e21299f24388a6788bb5126b0): Total: 0.055 seconds - Initiated by StopAssetImportingV2(NoUpdateAssetOptions)
[Worker0] Imported GUID: 8d25fe3bd61806a4bbf646bbaaadab31 - Path: Assets/Prefabs/Enemy_A/Enemy_A_Challenger.prefab - Importer: PreviewImporter -> (ImportResultId: 'd173d5bdf747c2a523f1262fd97ab559') in 0.0191986 seconds
Importing 'GUID: 8d25fe3bd61806a4bbf646bbaaadab31 - Path: Assets/Prefabs/Enemy_A/Enemy_A_Challenger.prefab' with importer (PrefabImporter)
Imported 'GUID: 8d25fe3bd61806a4bbf646bbaaadab31' -> (Import Result ID: '37a54bd8ec108037b25f0ed382c3bd5f') in 0.002 seconds [static and dynamic dependencies]. Details - ImportResultOutputID=942f1579d86d1c8b802abdfd969ca31b DependenciesID=0cbef8c792c42aed900b6d8f40a8792c StaticDependenciesID=ee61ead87e38f9a7a3c1c0ea1fceef65 
Asset Pipeline Refresh (id=8f05eead2e8d7114e96c77c538f24e11): Total: 0.055 seconds - Initiated by StopAssetImportingV2(NoUpdateAssetOptions)
[Worker0] Imported GUID: 8d25fe3bd61806a4bbf646bbaaadab31 - Path: Assets/Prefabs/Enemy_A/Enemy_A_Challenger.prefab - Importer: PreviewImporter -> (ImportResultId: '5f59e4e31d22014399171aba76ba2966') in 0.0144619 seconds
Importing 'GUID: 8d25fe3bd61806a4bbf646bbaaadab31 - Path: Assets/Prefabs/Enemy_A/Enemy_A_Challenger.prefab' with importer (PrefabImporter)
Imported 'GUID: 8d25fe3bd61806a4bbf646bbaaadab31' -> (Import Result ID: '881e2a086c32a490d3fbfd7a57a8d850') in 0.002 seconds [static and dynamic dependencies]. Details - ImportResultOutputID=003f686ae32fbbd8c3b155ba5e4b05e1 DependenciesID=61b5b2fdd70a55dc055a06a3c21f9cb7 StaticDependenciesID=4da35728f235f045933eea6244e48cd9 
Asset Pipeline Refresh (id=c5dc7d5fa2300f948ba14cf2ebbe017e): Total: 0.057 seconds - Initiated by StopAssetImportingV2(NoUpdateAssetOptions)
[Worker0] Imported GUID: 8d25fe3bd61806a4bbf646bbaaadab31 - Path: Assets/Prefabs/Enemy_A/Enemy_A_Challenger.prefab - Importer: PreviewImporter -> (ImportResultId: '7671ccf4ca8eddff065f74211dadbcc4') in 0.0147664 seconds
Importing 'GUID: db6722f9d6fad5d47be2421f28274ce2 - Path: Assets/Prefabs/Enemy_A/Enemy_A_Diamond.prefab' with importer (PrefabImporter)
Imported 'GUID: db6722f9d6fad5d47be2421f28274ce2' -> (Import Result ID: 'd39581900966de0e4a13e0413baabf3f') in 0.003 seconds [static and dynamic dependencies]. Details - ImportResultOutputID=315ba1da3df7ce33187f477ecf3d2854 DependenciesID=9bd0079e45409eec8f53e02600fe7774 StaticDependenciesID=44d4fc19bf527a4118c1359cb55c09fd 
Asset Pipeline Refresh (id=192b84bd0ed075546beeb397327dccd6): Total: 0.056 seconds - Initiated by StopAssetImportingV2(NoUpdateAssetOptions)
[Worker0] Imported GUID: db6722f9d6fad5d47be2421f28274ce2 - Path: Assets/Prefabs/Enemy_A/Enemy_A_Diamond.prefab - Importer: PreviewImporter -> (ImportResultId: '610419dd7e3c7d22885917178fa16cff') in 0.0132139 seconds
Importing 'GUID: db6722f9d6fad5d47be2421f28274ce2 - Path: Assets/Prefabs/Enemy_A/Enemy_A_Diamond.prefab' with importer (PrefabImporter)
Imported 'GUID: db6722f9d6fad5d47be2421f28274ce2' -> (Import Result ID: '0864c0cf3ed290211c31870c2c1825af') in 0.005 seconds [static and dynamic dependencies]. Details - ImportResultOutputID=00c6a4590048f8d75fd7d659ecdc41f5 DependenciesID=7a51e88fc4f554db34c751d04d4165e0 StaticDependenciesID=5c3099f4eebd4b6023eb0f905a3acb51 
Asset Pipeline Refresh (id=fbf90d3f271dd1048abd6c929c89e6be): Total: 0.057 seconds - Initiated by StopAssetImportingV2(NoUpdateAssetOptions)
[Worker0] Imported GUID: db6722f9d6fad5d47be2421f28274ce2 - Path: Assets/Prefabs/Enemy_A/Enemy_A_Diamond.prefab - Importer: PreviewImporter -> (ImportResultId: 'c442dcafcd5436981dd5986677afdec2') in 0.0142071 seconds
Importing 'GUID: db6722f9d6fad5d47be2421f28274ce2 - Path: Assets/Prefabs/Enemy_A/Enemy_A_Diamond.prefab' with importer (PrefabImporter)
Imported 'GUID: db6722f9d6fad5d47be2421f28274ce2' -> (Import Result ID: 'd0db4707874020f6366c2840b9010f14') in 0.002 seconds [static and dynamic dependencies]. Details - ImportResultOutputID=fe4d617c0b320494ee8fc2726987a9ed DependenciesID=284af012a0fb9e37430a276126f7b81d StaticDependenciesID=be5a00d54602af4f89c60156c6b95149 
Asset Pipeline Refresh (id=c1b2790d9f4eaaf47a073867edade65a): Total: 0.056 seconds - Initiated by StopAssetImportingV2(NoUpdateAssetOptions)
[Worker0] Imported GUID: db6722f9d6fad5d47be2421f28274ce2 - Path: Assets/Prefabs/Enemy_A/Enemy_A_Diamond.prefab - Importer: PreviewImporter -> (ImportResultId: '875a000a0aaa7730a9df06dbb7aa0514') in 0.0126269 seconds
Importing 'GUID: db6722f9d6fad5d47be2421f28274ce2 - Path: Assets/Prefabs/Enemy_A/Enemy_A_Diamond.prefab' with importer (PrefabImporter)
Imported 'GUID: db6722f9d6fad5d47be2421f28274ce2' -> (Import Result ID: 'fc1049d01fa8305dbd689339805f1cda') in 0.002 seconds [static and dynamic dependencies]. Details - ImportResultOutputID=05969cef9ebfd8b00c5da70de7a98344 DependenciesID=cfb14bef5b37ed768e7d5c92f3838f39 StaticDependenciesID=a206f6467fa405a4654e4446af4a6c8c 
Asset Pipeline Refresh (id=befb9eecb14ff874b9e203ab956ac34c): Total: 0.055 seconds - Initiated by StopAssetImportingV2(NoUpdateAssetOptions)
[Worker0] Imported GUID: db6722f9d6fad5d47be2421f28274ce2 - Path: Assets/Prefabs/Enemy_A/Enemy_A_Diamond.prefab - Importer: PreviewImporter -> (ImportResultId: '93e484a9b603c6682dc1a0f42a6076fb') in 0.0148565 seconds
Importing 'GUID: db6722f9d6fad5d47be2421f28274ce2 - Path: Assets/Prefabs/Enemy_A/Enemy_A_Diamond.prefab' with importer (PrefabImporter)
Imported 'GUID: db6722f9d6fad5d47be2421f28274ce2' -> (Import Result ID: '7e6d4a5da5118c5b44d619b32c81cfb3') in 0.002 seconds [static and dynamic dependencies]. Details - ImportResultOutputID=c6a3e38ee8b649e55d4b741d23e00b14 DependenciesID=ed6e2c52f93b02abba6730ce25303a05 StaticDependenciesID=2d1ffb54788c07f06145231810c54b45 
Asset Pipeline Refresh (id=4eb9551c4aea0e543ad4ef0bf4a70d52): Total: 0.056 seconds - Initiated by StopAssetImportingV2(NoUpdateAssetOptions)
[Worker0] Imported GUID: db6722f9d6fad5d47be2421f28274ce2 - Path: Assets/Prefabs/Enemy_A/Enemy_A_Diamond.prefab - Importer: PreviewImporter -> (ImportResultId: 'c2b068d743d228091fa2c45d280beaf9') in 0.01489 seconds
Loaded scene 'Library/Unused/2a46e5042675c5243818d3c8894acaf1'
	Deserialize:            0.153 ms
	Integration:            0.123 ms
	Integration of assets:  0.002 ms
	Thread Wait Time:       0.031 ms
	Total Operation Time:   0.309 ms
Unloading 1 Unused Serialized files (Serialized files now loaded: 0)
Unloading 32 unused Assets / (22.4 KB). Loaded Objects now: 9224.
Memory consumption went from 0.67 GB to 0.67 GB.
Total: 10.623200 ms (FindLiveObjects: 0.314500 ms CreateObjectMapping: 0.588400 ms MarkObjects: 9.635600 ms  DeleteObjects: 0.084200 ms)

Importing 'GUID: 045a88d2caa02f34b952536878fb9398 - Path: Assets/Prefabs/Enemy_A/Enemy_A_Emerald.prefab' with importer (PrefabImporter)
Imported 'GUID: 045a88d2caa02f34b952536878fb9398' -> (Import Result ID: '04805a2c53a4c5c7d5ef0b0caa470b00') in 0.002 seconds [static and dynamic dependencies]. Details - ImportResultOutputID=aaf50d792da99a9331e58d735d55aca2 DependenciesID=8d76fa50d5857604358f70550c5ce677 StaticDependenciesID=344c4a5c2699a9d5979a2c8b21c4c53f 
Asset Pipeline Refresh (id=95011f37fd626914395e34528f20137e): Total: 0.056 seconds - Initiated by StopAssetImportingV2(NoUpdateAssetOptions)
[Worker1] Imported GUID: 045a88d2caa02f34b952536878fb9398 - Path: Assets/Prefabs/Enemy_A/Enemy_A_Emerald.prefab - Importer: PreviewImporter -> (ImportResultId: 'df64c8a95f01699aebc9ab4c6662e205') in 0.389986 seconds
Importing 'GUID: 045a88d2caa02f34b952536878fb9398 - Path: Assets/Prefabs/Enemy_A/Enemy_A_Emerald.prefab' with importer (PrefabImporter)
Imported 'GUID: 045a88d2caa02f34b952536878fb9398' -> (Import Result ID: 'f3925af3570f46200897e1ab7d8b562a') in 0.003 seconds [static and dynamic dependencies]. Details - ImportResultOutputID=731539f6e0da5a1aa0057b241510fe7d DependenciesID=3e6f395486373e74a5647910191c7f31 StaticDependenciesID=9f028341940bd8865513541bf41db02a 
Asset Pipeline Refresh (id=cb92dd78757cbcd4ea11f1015964ec12): Total: 0.049 seconds - Initiated by StopAssetImportingV2(NoUpdateAssetOptions)
[Worker0] Imported GUID: 045a88d2caa02f34b952536878fb9398 - Path: Assets/Prefabs/Enemy_A/Enemy_A_Emerald.prefab - Importer: PreviewImporter -> (ImportResultId: '8d488f9b0a1ea1144a2ea115b1914048') in 0.1582216 seconds
Importing 'GUID: 045a88d2caa02f34b952536878fb9398 - Path: Assets/Prefabs/Enemy_A/Enemy_A_Emerald.prefab' with importer (PrefabImporter)
Imported 'GUID: 045a88d2caa02f34b952536878fb9398' -> (Import Result ID: 'd91c9c5e6bc9bbb02ccb4192b25fedb4') in 0.002 seconds [static and dynamic dependencies]. Details - ImportResultOutputID=f5c6c6ce61b5b45a84de4cc3bb439857 DependenciesID=00c1ce576c8c0069a41f19c7bfb78f0a StaticDependenciesID=70ae256e12caf47554c1f46998d19586 
Asset Pipeline Refresh (id=4ddb4661b0ccfdd4c8cbace2c6f338a6): Total: 0.049 seconds - Initiated by StopAssetImportingV2(NoUpdateAssetOptions)
[Worker0] Imported GUID: 045a88d2caa02f34b952536878fb9398 - Path: Assets/Prefabs/Enemy_A/Enemy_A_Emerald.prefab - Importer: PreviewImporter -> (ImportResultId: '438aa42e5a4bd7317e2db3ff46b7fe77') in 0.0296709 seconds
Importing 'GUID: 045a88d2caa02f34b952536878fb9398 - Path: Assets/Prefabs/Enemy_A/Enemy_A_Emerald.prefab' with importer (PrefabImporter)
Imported 'GUID: 045a88d2caa02f34b952536878fb9398' -> (Import Result ID: '1fafab00eff058510ffe3ac29f0e0809') in 0.003 seconds [static and dynamic dependencies]. Details - ImportResultOutputID=1bd1520c9da554091be6d5f58909986a DependenciesID=9c043019496430d7d166f85949b7072a StaticDependenciesID=e03b16d378068e5d079d5e5dfe0903d3 
Asset Pipeline Refresh (id=840055ed9fd46b54aaea96394ff8618f): Total: 0.049 seconds - Initiated by StopAssetImportingV2(NoUpdateAssetOptions)
[Worker0] Imported GUID: 045a88d2caa02f34b952536878fb9398 - Path: Assets/Prefabs/Enemy_A/Enemy_A_Emerald.prefab - Importer: PreviewImporter -> (ImportResultId: '91b0909a9c1fa4a492309a0d8d15ea27') in 0.0160998 seconds
Importing 'GUID: 045a88d2caa02f34b952536878fb9398 - Path: Assets/Prefabs/Enemy_A/Enemy_A_Emerald.prefab' with importer (PrefabImporter)
Imported 'GUID: 045a88d2caa02f34b952536878fb9398' -> (Import Result ID: 'c43da0ba4fd5fb561a2109850bdbb2c9') in 0.002 seconds [static and dynamic dependencies]. Details - ImportResultOutputID=844d0be85b6bc844486e0b78178cee80 DependenciesID=6cf526e7e2876efaeba1bc12d4acae79 StaticDependenciesID=21e795bd9b22bfe087fc7d14db803fae 
Asset Pipeline Refresh (id=387cb294aec12f144a6d3c04982e6532): Total: 0.049 seconds - Initiated by StopAssetImportingV2(NoUpdateAssetOptions)
[Worker0] Imported GUID: 045a88d2caa02f34b952536878fb9398 - Path: Assets/Prefabs/Enemy_A/Enemy_A_Emerald.prefab - Importer: PreviewImporter -> (ImportResultId: '67f747d3626fcb018984962a7788181a') in 0.0141632 seconds
Loaded scene 'Library/Unused/6a988a9434f8bbf4ab6fb48721fa2cfd'
	Deserialize:            0.291 ms
	Integration:            0.053 ms
	Integration of assets:  0.001 ms
	Thread Wait Time:       0.011 ms
	Total Operation Time:   0.355 ms
Unloading 1 Unused Serialized files (Serialized files now loaded: 0)
Unloading 30 unused Assets / (22.1 KB). Loaded Objects now: 9226.
Memory consumption went from 0.68 GB to 0.68 GB.
Total: 10.351200 ms (FindLiveObjects: 0.299900 ms CreateObjectMapping: 0.571000 ms MarkObjects: 9.391100 ms  DeleteObjects: 0.088300 ms)

Importing 'GUID: 61aaaa798160a6443892e99323630837 - Path: Assets/Prefabs/Enemy_A/Enemy_A_Gold.prefab' with importer (PrefabImporter)
Imported 'GUID: 61aaaa798160a6443892e99323630837' -> (Import Result ID: 'a31418f93424b1599d68975416bc2ac7') in 0.002 seconds [static and dynamic dependencies]. Details - ImportResultOutputID=fb1371de94f5a67a0a3bb60a3710b8da DependenciesID=85014ceb00bbd48f80fc3e9861fc08e2 StaticDependenciesID=14f9f54ea8a60777651b0be78b939ffd 
Asset Pipeline Refresh (id=0debe962aa6d35c48819c096961a32ca): Total: 0.056 seconds - Initiated by StopAssetImportingV2(NoUpdateAssetOptions)
[Worker1] Imported GUID: 61aaaa798160a6443892e99323630837 - Path: Assets/Prefabs/Enemy_A/Enemy_A_Gold.prefab - Importer: PreviewImporter -> (ImportResultId: '03c03252780a42572b9a39240d057122') in 0.020069 seconds
Importing 'GUID: 61aaaa798160a6443892e99323630837 - Path: Assets/Prefabs/Enemy_A/Enemy_A_Gold.prefab' with importer (PrefabImporter)
Imported 'GUID: 61aaaa798160a6443892e99323630837' -> (Import Result ID: '0bda2552cfb24d5df3dca125c16143fa') in 0.002 seconds [static and dynamic dependencies]. Details - ImportResultOutputID=64c869125367bdcd54f19be79e495baf DependenciesID=f2a5fab9308a59286d47db0087aaf915 StaticDependenciesID=b05979853f904b39ea273e27e3c9e28e 
Asset Pipeline Refresh (id=a2e15a236d5ff70498fddd7e63b2111c): Total: 0.048 seconds - Initiated by StopAssetImportingV2(NoUpdateAssetOptions)
[Worker0] Imported GUID: 61aaaa798160a6443892e99323630837 - Path: Assets/Prefabs/Enemy_A/Enemy_A_Gold.prefab - Importer: PreviewImporter -> (ImportResultId: '3fb9a7d23ee13c1c83b6f9277831c216') in 0.0263052 seconds
Importing 'GUID: 61aaaa798160a6443892e99323630837 - Path: Assets/Prefabs/Enemy_A/Enemy_A_Gold.prefab' with importer (PrefabImporter)
Imported 'GUID: 61aaaa798160a6443892e99323630837' -> (Import Result ID: '9eca186ea4ab285cf1ef242f957281f3') in 0.002 seconds [static and dynamic dependencies]. Details - ImportResultOutputID=4b6747313f06f094111c223664ff78fb DependenciesID=1565167ee9199d7425394dcc8ad0b4fe StaticDependenciesID=55a9a0cc5e3d4232ed82dbfdf9b7468f 
Asset Pipeline Refresh (id=4383b30b988575b4cab5ea586017e7d0): Total: 0.048 seconds - Initiated by StopAssetImportingV2(NoUpdateAssetOptions)
[Worker0] Imported GUID: 61aaaa798160a6443892e99323630837 - Path: Assets/Prefabs/Enemy_A/Enemy_A_Gold.prefab - Importer: PreviewImporter -> (ImportResultId: 'bdf1d81219630ea9437a0530e2194da2') in 0.0202903 seconds
Importing 'GUID: 61aaaa798160a6443892e99323630837 - Path: Assets/Prefabs/Enemy_A/Enemy_A_Gold.prefab' with importer (PrefabImporter)
Imported 'GUID: 61aaaa798160a6443892e99323630837' -> (Import Result ID: '89ff73137dccbc898e9cf9d3b899d6b1') in 0.002 seconds [static and dynamic dependencies]. Details - ImportResultOutputID=7599a7458eaf0070fc2baafd874d6c87 DependenciesID=81b516c3b9ba6b58c2823b8099ccd7bf StaticDependenciesID=46e9ea47ca02a2a83002cf99cdf3ae12 
Asset Pipeline Refresh (id=8d0da33e8a15c99409e37ac4f2e8eb32): Total: 0.048 seconds - Initiated by StopAssetImportingV2(NoUpdateAssetOptions)
[Worker0] Imported GUID: 61aaaa798160a6443892e99323630837 - Path: Assets/Prefabs/Enemy_A/Enemy_A_Gold.prefab - Importer: PreviewImporter -> (ImportResultId: '42d0ec696b9db69dc2b7575fd3a08df7') in 0.0265278 seconds
Importing 'GUID: 61aaaa798160a6443892e99323630837 - Path: Assets/Prefabs/Enemy_A/Enemy_A_Gold.prefab' with importer (PrefabImporter)
Imported 'GUID: 61aaaa798160a6443892e99323630837' -> (Import Result ID: '475dae953d01462a4a4c6366028e8e85') in 0.002 seconds [static and dynamic dependencies]. Details - ImportResultOutputID=8559d6e67b16af68eb40e4b8c0ff7f6a DependenciesID=524ca9f855d350eebd8c91a8676b8eae StaticDependenciesID=d46e48283c1d94513b4c8321cc6a97c3 
Asset Pipeline Refresh (id=09a42b994821c054cb77288dd6a01bb4): Total: 0.048 seconds - Initiated by StopAssetImportingV2(NoUpdateAssetOptions)
[Worker0] Imported GUID: 61aaaa798160a6443892e99323630837 - Path: Assets/Prefabs/Enemy_A/Enemy_A_Gold.prefab - Importer: PreviewImporter -> (ImportResultId: '1b8272786dc3e89b444dfe5d236a7062') in 0.0283114 seconds
Loaded scene 'Library/Unused/a7e431dd4bf2f194da516c75d5761842'
	Deserialize:            0.157 ms
	Integration:            0.055 ms
	Integration of assets:  0.001 ms
	Thread Wait Time:       0.010 ms
	Total Operation Time:   0.223 ms
Unloading 1 Unused Serialized files (Serialized files now loaded: 0)
Unloading 30 unused Assets / (22.2 KB). Loaded Objects now: 9228.
Memory consumption went from 0.70 GB to 0.70 GB.
Total: 9.870900 ms (FindLiveObjects: 0.316000 ms CreateObjectMapping: 0.605800 ms MarkObjects: 8.871300 ms  DeleteObjects: 0.077000 ms)

Importing 'GUID: 9ba94c5946d6c5f47b8cf19164a8fafb - Path: Assets/Prefabs/Enemy_A/Enemy_A_Grandmaster.prefab' with importer (PrefabImporter)
Imported 'GUID: 9ba94c5946d6c5f47b8cf19164a8fafb' -> (Import Result ID: 'f3d662e45f8232fa485d6b5545680ef6') in 0.002 seconds [static and dynamic dependencies]. Details - ImportResultOutputID=1e15ae97908728e7cd203df409db6523 DependenciesID=c282622b737bb3ee27d9dd996881fe26 StaticDependenciesID=657b3263c8967b22d8e8c4a26202c94b 
Asset Pipeline Refresh (id=a8899b7f0ae94fa409d999e3c3946c22): Total: 0.058 seconds - Initiated by StopAssetImportingV2(NoUpdateAssetOptions)
[Worker0] Imported GUID: 9ba94c5946d6c5f47b8cf19164a8fafb - Path: Assets/Prefabs/Enemy_A/Enemy_A_Grandmaster.prefab - Importer: PreviewImporter -> (ImportResultId: '9c5ff3db27ad3a33695fbeb4f03be81e') in 0.0162379 seconds
Importing 'GUID: 9ba94c5946d6c5f47b8cf19164a8fafb - Path: Assets/Prefabs/Enemy_A/Enemy_A_Grandmaster.prefab' with importer (PrefabImporter)
Imported 'GUID: 9ba94c5946d6c5f47b8cf19164a8fafb' -> (Import Result ID: '75b09069bb40eaea2b373e0fe77ba7a2') in 0.002 seconds [static and dynamic dependencies]. Details - ImportResultOutputID=b6fe687f149b586b659fc3107c32fea6 DependenciesID=feb106b0b72b2e7cab4cb1d2f9f26b9d StaticDependenciesID=0a0cdd0e73085b3ce7ea517e607ae371 
Asset Pipeline Refresh (id=bb63301cb84c0f840a7775bf8000ddb6): Total: 0.048 seconds - Initiated by StopAssetImportingV2(NoUpdateAssetOptions)
[Worker0] Imported GUID: 9ba94c5946d6c5f47b8cf19164a8fafb - Path: Assets/Prefabs/Enemy_A/Enemy_A_Grandmaster.prefab - Importer: PreviewImporter -> (ImportResultId: 'a4c152eb46d0277e1d1f217b5555356e') in 0.0151155 seconds
Importing 'GUID: 9ba94c5946d6c5f47b8cf19164a8fafb - Path: Assets/Prefabs/Enemy_A/Enemy_A_Grandmaster.prefab' with importer (PrefabImporter)
Imported 'GUID: 9ba94c5946d6c5f47b8cf19164a8fafb' -> (Import Result ID: '54bb22b93a059e7eb6fcb94e54906073') in 0.002 seconds [static and dynamic dependencies]. Details - ImportResultOutputID=3f81d2b7bf554dbd3a9bfcb55d4df521 DependenciesID=da3f5009b8fc119ee696e51211576911 StaticDependenciesID=5deee56ca3239d3dc89de334b973a556 
Asset Pipeline Refresh (id=c8e257cd60ddf8141b2aef0c4d24cb8c): Total: 0.050 seconds - Initiated by StopAssetImportingV2(NoUpdateAssetOptions)
[Worker0] Imported GUID: 9ba94c5946d6c5f47b8cf19164a8fafb - Path: Assets/Prefabs/Enemy_A/Enemy_A_Grandmaster.prefab - Importer: PreviewImporter -> (ImportResultId: '29b05ed3a67dbab6bc57940b278d3913') in 0.0319945 seconds
Importing 'GUID: 9ba94c5946d6c5f47b8cf19164a8fafb - Path: Assets/Prefabs/Enemy_A/Enemy_A_Grandmaster.prefab' with importer (PrefabImporter)
Imported 'GUID: 9ba94c5946d6c5f47b8cf19164a8fafb' -> (Import Result ID: '2372cedb9bcc5df8d3187b4118141c2b') in 0.002 seconds [static and dynamic dependencies]. Details - ImportResultOutputID=1f97bbc08e04672df48bc534a3bfb6c3 DependenciesID=7dafb634a92d36ff1523e35b058e0c3f StaticDependenciesID=aadc5b500255e9689f1591d2e2e1f884 
Asset Pipeline Refresh (id=dee480680993d9f41b448e8724446686): Total: 0.049 seconds - Initiated by StopAssetImportingV2(NoUpdateAssetOptions)
[Worker0] Imported GUID: 9ba94c5946d6c5f47b8cf19164a8fafb - Path: Assets/Prefabs/Enemy_A/Enemy_A_Grandmaster.prefab - Importer: PreviewImporter -> (ImportResultId: '46cda8e924917779893ab2d9651218e2') in 0.0163343 seconds
Importing 'GUID: 9ba94c5946d6c5f47b8cf19164a8fafb - Path: Assets/Prefabs/Enemy_A/Enemy_A_Grandmaster.prefab' with importer (PrefabImporter)
Imported 'GUID: 9ba94c5946d6c5f47b8cf19164a8fafb' -> (Import Result ID: 'aa46b4e33ba35b97a126ff38a89ab9b3') in 0.002 seconds [static and dynamic dependencies]. Details - ImportResultOutputID=086dab700b8a664770b70fd571cfe4ac DependenciesID=56cedaf5b558f541114aec886048e541 StaticDependenciesID=b9864f93b2396470f7613268e6a84e59 
Asset Pipeline Refresh (id=bc6ed0a0cffd00746930539e3b16d3df): Total: 0.049 seconds - Initiated by StopAssetImportingV2(NoUpdateAssetOptions)
[Worker0] Imported GUID: 9ba94c5946d6c5f47b8cf19164a8fafb - Path: Assets/Prefabs/Enemy_A/Enemy_A_Grandmaster.prefab - Importer: PreviewImporter -> (ImportResultId: '8a7791bb38c9d713a1cebfa1761e4cfe') in 0.0166626 seconds
Loaded scene 'Library/Unused/f91fa0bc00f992e46a4c9bc925015e33'
	Deserialize:            0.189 ms
	Integration:            0.056 ms
	Integration of assets:  0.001 ms
	Thread Wait Time:       0.011 ms
	Total Operation Time:   0.256 ms
Unloading 1 Unused Serialized files (Serialized files now loaded: 0)
Unloading 30 unused Assets / (22.1 KB). Loaded Objects now: 9230.
Memory consumption went from 0.67 GB to 0.67 GB.
Total: 11.348700 ms (FindLiveObjects: 0.308300 ms CreateObjectMapping: 0.576100 ms MarkObjects: 10.387300 ms  DeleteObjects: 0.076000 ms)

Importing 'GUID: 7047fd6c763aaa54bad6c0ebd1d97d1a - Path: Assets/Prefabs/Enemy_A/Enemy_A_Iron.prefab' with importer (PrefabImporter)
Imported 'GUID: 7047fd6c763aaa54bad6c0ebd1d97d1a' -> (Import Result ID: '2754cd7a33d7bdcf117825f286988f0f') in 0.002 seconds [static and dynamic dependencies]. Details - ImportResultOutputID=825820014eea39bb1513d2643da8a6bf DependenciesID=aa76d648c1f1a2a0007ba038afd26330 StaticDependenciesID=77b49eac6114ffb79c27747555735be4 
Asset Pipeline Refresh (id=71c80aaf19ae34344a501b8154fbdafb): Total: 0.057 seconds - Initiated by StopAssetImportingV2(NoUpdateAssetOptions)
[Worker0] Imported GUID: 7047fd6c763aaa54bad6c0ebd1d97d1a - Path: Assets/Prefabs/Enemy_A/Enemy_A_Iron.prefab - Importer: PreviewImporter -> (ImportResultId: '831f1c5582dbcba4037a3a9f7678e378') in 0.0211495 seconds
Importing 'GUID: 7047fd6c763aaa54bad6c0ebd1d97d1a - Path: Assets/Prefabs/Enemy_A/Enemy_A_Iron.prefab' with importer (PrefabImporter)
Imported 'GUID: 7047fd6c763aaa54bad6c0ebd1d97d1a' -> (Import Result ID: '87e6661a2e6e508d36354d81033aefdb') in 0.002 seconds [static and dynamic dependencies]. Details - ImportResultOutputID=0862ddef7afbfb78580392795e8cf8ef DependenciesID=a51d2b654a00fd62f41fcb67742194c5 StaticDependenciesID=c5c6624de9b2735396d996bb906d0297 
Asset Pipeline Refresh (id=a50a939a68828a0488074c12507440af): Total: 0.050 seconds - Initiated by StopAssetImportingV2(NoUpdateAssetOptions)
[Worker0] Imported GUID: 7047fd6c763aaa54bad6c0ebd1d97d1a - Path: Assets/Prefabs/Enemy_A/Enemy_A_Iron.prefab - Importer: PreviewImporter -> (ImportResultId: '52a5dea13398e120298c25b52bf72b66') in 0.0214199 seconds
Importing 'GUID: 7047fd6c763aaa54bad6c0ebd1d97d1a - Path: Assets/Prefabs/Enemy_A/Enemy_A_Iron.prefab' with importer (PrefabImporter)
Imported 'GUID: 7047fd6c763aaa54bad6c0ebd1d97d1a' -> (Import Result ID: 'bdf0226ce77bdccda747d6c5f458f969') in 0.002 seconds [static and dynamic dependencies]. Details - ImportResultOutputID=a12cfd53773e6fa55177b84b6a8e1a3c DependenciesID=a1b3299c86bca5632b0b79c8f1379436 StaticDependenciesID=1394d2ae5d06ae6ab3fb4c7f40d0bd68 
Asset Pipeline Refresh (id=dd05fafdf43c6604fba434b3ef478d47): Total: 0.049 seconds - Initiated by StopAssetImportingV2(NoUpdateAssetOptions)
[Worker0] Imported GUID: 7047fd6c763aaa54bad6c0ebd1d97d1a - Path: Assets/Prefabs/Enemy_A/Enemy_A_Iron.prefab - Importer: PreviewImporter -> (ImportResultId: 'ca629cebda8d7909d434f9f67d02a0d3') in 0.056756 seconds
Importing 'GUID: 7047fd6c763aaa54bad6c0ebd1d97d1a - Path: Assets/Prefabs/Enemy_A/Enemy_A_Iron.prefab' with importer (PrefabImporter)
Imported 'GUID: 7047fd6c763aaa54bad6c0ebd1d97d1a' -> (Import Result ID: '9c091dba6b57bb10e1fd54bc75a2f69f') in 0.002 seconds [static and dynamic dependencies]. Details - ImportResultOutputID=4c02813fd554b08111ebef2364e4fff0 DependenciesID=9d9cb56221115cacfb732e44602ff013 StaticDependenciesID=d383f409ef682790b6ea59c07871b850 
Asset Pipeline Refresh (id=3d199daeb7541bb4c98b80dacb47c39c): Total: 0.048 seconds - Initiated by StopAssetImportingV2(NoUpdateAssetOptions)
[Worker0] Imported GUID: 7047fd6c763aaa54bad6c0ebd1d97d1a - Path: Assets/Prefabs/Enemy_A/Enemy_A_Iron.prefab - Importer: PreviewImporter -> (ImportResultId: '0f14db724d4a7ecb2a9f751d2104a16d') in 0.0262528 seconds
Importing 'GUID: 7047fd6c763aaa54bad6c0ebd1d97d1a - Path: Assets/Prefabs/Enemy_A/Enemy_A_Iron.prefab' with importer (PrefabImporter)
Imported 'GUID: 7047fd6c763aaa54bad6c0ebd1d97d1a' -> (Import Result ID: '2a05cee4dbfb64f10bed4a3469d80300') in 0.005 seconds [static and dynamic dependencies]. Details - ImportResultOutputID=0a49fcaa5c9b4e3aacbcd66e191387a4 DependenciesID=cf46936956359019e5f5990fb13d0ba1 StaticDependenciesID=33e94f79b9853509d0d7c865da306edc 
Asset Pipeline Refresh (id=f5ed2a98a2470c24f8255fcfb599fea3): Total: 0.051 seconds - Initiated by StopAssetImportingV2(NoUpdateAssetOptions)
[Worker0] Imported GUID: 7047fd6c763aaa54bad6c0ebd1d97d1a - Path: Assets/Prefabs/Enemy_A/Enemy_A_Iron.prefab - Importer: PreviewImporter -> (ImportResultId: 'f3f35feff2bf5055c3c62c2b60575671') in 0.0164761 seconds
Loaded scene 'Library/Unused/114b28f3b47a0dd47bee083f46a38492'
	Deserialize:            0.184 ms
	Integration:            0.053 ms
	Integration of assets:  0.001 ms
	Thread Wait Time:       0.009 ms
	Total Operation Time:   0.247 ms
Unloading 1 Unused Serialized files (Serialized files now loaded: 0)
Unloading 30 unused Assets / (22.4 KB). Loaded Objects now: 9232.
Memory consumption went from 0.68 GB to 0.68 GB.
Total: 10.013100 ms (FindLiveObjects: 0.311800 ms CreateObjectMapping: 0.573900 ms MarkObjects: 9.050800 ms  DeleteObjects: 0.075900 ms)

Importing 'GUID: 4ab8dd9411c6c254aa02bc7ca96473dd - Path: Assets/Prefabs/Enemy_A/Enemy_A_Master.prefab' with importer (PrefabImporter)
Imported 'GUID: 4ab8dd9411c6c254aa02bc7ca96473dd' -> (Import Result ID: '92b78b53820e1cbcecb93a9d13315aa3') in 0.002 seconds [static and dynamic dependencies]. Details - ImportResultOutputID=8ac74615bacf18af7780c2d1d21e9b4a DependenciesID=3d4523160337740a0ec0947348e9bd7e StaticDependenciesID=fbbd273f281d8191c5c589597c710c3f 
Asset Pipeline Refresh (id=f6f9ecfbdb84d6e4ca5f3ec80b8f725e): Total: 0.056 seconds - Initiated by StopAssetImportingV2(NoUpdateAssetOptions)
[Worker0] Imported GUID: 4ab8dd9411c6c254aa02bc7ca96473dd - Path: Assets/Prefabs/Enemy_A/Enemy_A_Master.prefab - Importer: PreviewImporter -> (ImportResultId: 'b2a104843630a73ead8cb267aebe585c') in 0.0156875 seconds
Importing 'GUID: 4ab8dd9411c6c254aa02bc7ca96473dd - Path: Assets/Prefabs/Enemy_A/Enemy_A_Master.prefab' with importer (PrefabImporter)
Imported 'GUID: 4ab8dd9411c6c254aa02bc7ca96473dd' -> (Import Result ID: '5852f09c0e5a0a96c013d3937cff4a84') in 0.002 seconds [static and dynamic dependencies]. Details - ImportResultOutputID=a5f4bd189e4ce7ae79fa5ac4cd69d17c DependenciesID=a9a5543d4f9eee4b3a9452f0bdaf1ad3 StaticDependenciesID=aa1bb0ecca19ec9fd04ee08a58b52d5a 
Asset Pipeline Refresh (id=10a5be3224bec7b47b6393655196d2cc): Total: 0.048 seconds - Initiated by StopAssetImportingV2(NoUpdateAssetOptions)
[Worker0] Imported GUID: 4ab8dd9411c6c254aa02bc7ca96473dd - Path: Assets/Prefabs/Enemy_A/Enemy_A_Master.prefab - Importer: PreviewImporter -> (ImportResultId: '2f94d202cbb01de5dcf0457a167b4ae6') in 0.0142495 seconds
Importing 'GUID: 4ab8dd9411c6c254aa02bc7ca96473dd - Path: Assets/Prefabs/Enemy_A/Enemy_A_Master.prefab' with importer (PrefabImporter)
Imported 'GUID: 4ab8dd9411c6c254aa02bc7ca96473dd' -> (Import Result ID: '8a2351a3d3a60df745d3b29d5bd8c6e6') in 0.005 seconds [static and dynamic dependencies]. Details - ImportResultOutputID=9264ddd9561d45f1a1bae1334eb3d55a DependenciesID=e3ef159ba253fc88b42ddce8d26ac875 StaticDependenciesID=02620edbd641b0b72015ffc10c0eb553 
Asset Pipeline Refresh (id=7b281287489946f4ca328caa278f189d): Total: 0.051 seconds - Initiated by StopAssetImportingV2(NoUpdateAssetOptions)
[Worker0] Imported GUID: 4ab8dd9411c6c254aa02bc7ca96473dd - Path: Assets/Prefabs/Enemy_A/Enemy_A_Master.prefab - Importer: PreviewImporter -> (ImportResultId: '98a14069b469941f32b923f0d2cd08a4') in 0.0572996 seconds
Importing 'GUID: 4ab8dd9411c6c254aa02bc7ca96473dd - Path: Assets/Prefabs/Enemy_A/Enemy_A_Master.prefab' with importer (PrefabImporter)
Imported 'GUID: 4ab8dd9411c6c254aa02bc7ca96473dd' -> (Import Result ID: 'c7b9a40e7099c3d979508806c39b52a8') in 0.002 seconds [static and dynamic dependencies]. Details - ImportResultOutputID=a2ca49a789a8baa8946e38c03746b32c DependenciesID=43603668ec628391316f55b1d6eb7cfe StaticDependenciesID=efef1100e1378645217086e765a878e0 
Asset Pipeline Refresh (id=7884b4a06d3704243bdcd2f2d01b5f40): Total: 0.049 seconds - Initiated by StopAssetImportingV2(NoUpdateAssetOptions)
[Worker0] Imported GUID: 4ab8dd9411c6c254aa02bc7ca96473dd - Path: Assets/Prefabs/Enemy_A/Enemy_A_Master.prefab - Importer: PreviewImporter -> (ImportResultId: '6880ea4934be826e5d795b25c15f5279') in 0.0190181 seconds
Importing 'GUID: 4ab8dd9411c6c254aa02bc7ca96473dd - Path: Assets/Prefabs/Enemy_A/Enemy_A_Master.prefab' with importer (PrefabImporter)
Imported 'GUID: 4ab8dd9411c6c254aa02bc7ca96473dd' -> (Import Result ID: '90ae685f6f644b270731f62c109dac42') in 0.002 seconds [static and dynamic dependencies]. Details - ImportResultOutputID=33e09e1150d59c26e2ea4c766156cf17 DependenciesID=8b847a3b2dd1811d0a4cc58c874ae995 StaticDependenciesID=5ea28cced0f72ac47008642f3d38dea2 
Asset Pipeline Refresh (id=27a9e4741ae035847b6aa850741f777f): Total: 0.048 seconds - Initiated by StopAssetImportingV2(NoUpdateAssetOptions)
[Worker0] Imported GUID: 4ab8dd9411c6c254aa02bc7ca96473dd - Path: Assets/Prefabs/Enemy_A/Enemy_A_Master.prefab - Importer: PreviewImporter -> (ImportResultId: 'fdcdcedfca7419f2f406e2d338de7415') in 0.0229593 seconds
Importing 'GUID: 572d04a696fa6ba49a1bdeeae682c032 - Path: Assets/Prefabs/Enemy_A/Enemy_A_Platinum.prefab' with importer (PrefabImporter)
Imported 'GUID: 572d04a696fa6ba49a1bdeeae682c032' -> (Import Result ID: '13c7b08774e4170854413d24e0b26823') in 0.003 seconds [static and dynamic dependencies]. Details - ImportResultOutputID=5dfd522f5c9754d1cedcb2848405fe29 DependenciesID=a77b59c24a5619ee9afae94cfcce7365 StaticDependenciesID=b64c2bbfc508e1e8808a07aeb5f69f05 
Asset Pipeline Refresh (id=80785b0164d3f564fb9161e6ee8030ed): Total: 0.057 seconds - Initiated by StopAssetImportingV2(NoUpdateAssetOptions)
[Worker0] Imported GUID: 572d04a696fa6ba49a1bdeeae682c032 - Path: Assets/Prefabs/Enemy_A/Enemy_A_Platinum.prefab - Importer: PreviewImporter -> (ImportResultId: '78820bb8162948026ff03d7cb81c42b3') in 0.0159031 seconds
Importing 'GUID: 572d04a696fa6ba49a1bdeeae682c032 - Path: Assets/Prefabs/Enemy_A/Enemy_A_Platinum.prefab' with importer (PrefabImporter)
Imported 'GUID: 572d04a696fa6ba49a1bdeeae682c032' -> (Import Result ID: '82319b2a425e168495a285561b1b3cb2') in 0.002 seconds [static and dynamic dependencies]. Details - ImportResultOutputID=edbd80221d75147d3bbbc2c1e61ef2ad DependenciesID=944cfbd16cbc22313f53e71a904913e4 StaticDependenciesID=f1853045371ec50340b2a182940301b8 
Asset Pipeline Refresh (id=b68df086138473842928abcc8c936fc1): Total: 0.056 seconds - Initiated by StopAssetImportingV2(NoUpdateAssetOptions)
[Worker0] Imported GUID: 572d04a696fa6ba49a1bdeeae682c032 - Path: Assets/Prefabs/Enemy_A/Enemy_A_Platinum.prefab - Importer: PreviewImporter -> (ImportResultId: 'bc54a56e3c9b61a5bd35a44f48f46fea') in 0.0572785 seconds
Importing 'GUID: 572d04a696fa6ba49a1bdeeae682c032 - Path: Assets/Prefabs/Enemy_A/Enemy_A_Platinum.prefab' with importer (PrefabImporter)
Imported 'GUID: 572d04a696fa6ba49a1bdeeae682c032' -> (Import Result ID: '15b6c25199b4822581173461c6d31687') in 0.002 seconds [static and dynamic dependencies]. Details - ImportResultOutputID=70a75ad2f8d45191ae6867f9ec86f785 DependenciesID=887e8cc566c1d0d3e0c33ba18ac3f5f1 StaticDependenciesID=a0236a8eca91210993ecdbbacfd725b6 
Asset Pipeline Refresh (id=54cb0c03d077f4243ba137120adc5b12): Total: 0.055 seconds - Initiated by StopAssetImportingV2(NoUpdateAssetOptions)
[Worker0] Imported GUID: 572d04a696fa6ba49a1bdeeae682c032 - Path: Assets/Prefabs/Enemy_A/Enemy_A_Platinum.prefab - Importer: PreviewImporter -> (ImportResultId: 'f5580ec6ad2975eee4e6684036c58f4e') in 0.0146789 seconds
Importing 'GUID: 572d04a696fa6ba49a1bdeeae682c032 - Path: Assets/Prefabs/Enemy_A/Enemy_A_Platinum.prefab' with importer (PrefabImporter)
Imported 'GUID: 572d04a696fa6ba49a1bdeeae682c032' -> (Import Result ID: 'a2a1ad93255b23f5816cf64543eece33') in 0.005 seconds [static and dynamic dependencies]. Details - ImportResultOutputID=1ced38dfe3e3971b349e53b695c2332f DependenciesID=36ff48f16c3418397bf1d17019144b1b StaticDependenciesID=bc22522349f1ccb2a1ae503748f6e0e6 
Asset Pipeline Refresh (id=7ef36e7483471af4d8b94c85f6134ca3): Total: 0.059 seconds - Initiated by StopAssetImportingV2(NoUpdateAssetOptions)
[Worker0] Imported GUID: 572d04a696fa6ba49a1bdeeae682c032 - Path: Assets/Prefabs/Enemy_A/Enemy_A_Platinum.prefab - Importer: PreviewImporter -> (ImportResultId: '8545f301fb3364dabc7236e99e343d68') in 0.0144785 seconds
Importing 'GUID: 572d04a696fa6ba49a1bdeeae682c032 - Path: Assets/Prefabs/Enemy_A/Enemy_A_Platinum.prefab' with importer (PrefabImporter)
Imported 'GUID: 572d04a696fa6ba49a1bdeeae682c032' -> (Import Result ID: '0ad6e9f55a0981e65915b2fe708c27ec') in 0.002 seconds [static and dynamic dependencies]. Details - ImportResultOutputID=840b463593e0e44373416c57276281ec DependenciesID=630d116e82a97f885e316df49175cc81 StaticDependenciesID=c47b079f5b375e6c9ee9bb5cb9f42421 
Asset Pipeline Refresh (id=d309a196db2147b40aba8160e4e10d73): Total: 0.056 seconds - Initiated by StopAssetImportingV2(NoUpdateAssetOptions)
[Worker0] Imported GUID: 572d04a696fa6ba49a1bdeeae682c032 - Path: Assets/Prefabs/Enemy_A/Enemy_A_Platinum.prefab - Importer: PreviewImporter -> (ImportResultId: 'c1c465ea5d04b58b93e19e26c18c49cb') in 0.0147994 seconds
Loaded scene 'Library/Unused/6bb0d5cb1cc2deb479833dfa331e37da'
	Deserialize:            0.225 ms
	Integration:            0.053 ms
	Integration of assets:  0.001 ms
	Thread Wait Time:       0.011 ms
	Total Operation Time:   0.290 ms
Unloading 1 Unused Serialized files (Serialized files now loaded: 0)
Unloading 30 unused Assets / (22.2 KB). Loaded Objects now: 9238.
Memory consumption went from 0.67 GB to 0.67 GB.
Total: 10.635000 ms (FindLiveObjects: 0.305200 ms CreateObjectMapping: 0.609300 ms MarkObjects: 9.636200 ms  DeleteObjects: 0.083500 ms)

Importing 'GUID: f81c8acbc9ec79448bc00075314bb02d - Path: Assets/Prefabs/Enemy_A/Enemy_A_Silver.prefab' with importer (PrefabImporter)
Imported 'GUID: f81c8acbc9ec79448bc00075314bb02d' -> (Import Result ID: 'da589f75e50d828824bdc7e55ffb653f') in 0.002 seconds [static and dynamic dependencies]. Details - ImportResultOutputID=3633b3204e0558ba06d8260a8a948c09 DependenciesID=2310fafd10fd034f42935c9130754326 StaticDependenciesID=c20ca44294bc8efc61dec407a57dcb44 
Asset Pipeline Refresh (id=e8284d161a3a90546a88f20192fdd499): Total: 0.056 seconds - Initiated by StopAssetImportingV2(NoUpdateAssetOptions)
[Worker1] Imported GUID: f81c8acbc9ec79448bc00075314bb02d - Path: Assets/Prefabs/Enemy_A/Enemy_A_Silver.prefab - Importer: PreviewImporter -> (ImportResultId: 'e33852293d11881a6111208977a59969') in 0.0252127 seconds
Importing 'GUID: f81c8acbc9ec79448bc00075314bb02d - Path: Assets/Prefabs/Enemy_A/Enemy_A_Silver.prefab' with importer (PrefabImporter)
Imported 'GUID: f81c8acbc9ec79448bc00075314bb02d' -> (Import Result ID: '07c6e98107ef989f52d035cc967d5193') in 0.002 seconds [static and dynamic dependencies]. Details - ImportResultOutputID=56de6ca4c43ed4e5f62a6b30816e7c1b DependenciesID=022706466b95a84d856a68e7e9d36037 StaticDependenciesID=b22c302b48c9bee6fa4c63d95d4a6e90 
Asset Pipeline Refresh (id=cff406c1b08e9ec47b7ee63e93995c34): Total: 0.048 seconds - Initiated by StopAssetImportingV2(NoUpdateAssetOptions)
[Worker0] Imported GUID: f81c8acbc9ec79448bc00075314bb02d - Path: Assets/Prefabs/Enemy_A/Enemy_A_Silver.prefab - Importer: PreviewImporter -> (ImportResultId: 'dc2858748f317ce38fc6c960bdefec54') in 0.0153202 seconds
Importing 'GUID: f81c8acbc9ec79448bc00075314bb02d - Path: Assets/Prefabs/Enemy_A/Enemy_A_Silver.prefab' with importer (PrefabImporter)
Imported 'GUID: f81c8acbc9ec79448bc00075314bb02d' -> (Import Result ID: 'c72a129ea9247f891393ad6616c13730') in 0.003 seconds [static and dynamic dependencies]. Details - ImportResultOutputID=c791541723268adce882c614b07b5370 DependenciesID=5cff5dd7ab758fe51357899c828c1fa7 StaticDependenciesID=d0daf15172f7ca5bfee27cdfe44aeb2f 
Asset Pipeline Refresh (id=05c9a3f8d4eef6c42ad1432a0bf37a77): Total: 0.049 seconds - Initiated by StopAssetImportingV2(NoUpdateAssetOptions)
[Worker0] Imported GUID: f81c8acbc9ec79448bc00075314bb02d - Path: Assets/Prefabs/Enemy_A/Enemy_A_Silver.prefab - Importer: PreviewImporter -> (ImportResultId: '0c4bd1652790a8db4c322248fe678fac') in 0.1001466 seconds
Importing 'GUID: f81c8acbc9ec79448bc00075314bb02d - Path: Assets/Prefabs/Enemy_A/Enemy_A_Silver.prefab' with importer (PrefabImporter)
Imported 'GUID: f81c8acbc9ec79448bc00075314bb02d' -> (Import Result ID: '2398b9aa995d87695b501d19ef0f3211') in 0.002 seconds [static and dynamic dependencies]. Details - ImportResultOutputID=5a8d645216526114a63f5618b8845c84 DependenciesID=7468a5003cf75673ce23a11a239602c7 StaticDependenciesID=9050403e94fc6d1fd751312d04f8523b 
Asset Pipeline Refresh (id=865fb294570ae264c811c0a88dc53695): Total: 0.049 seconds - Initiated by StopAssetImportingV2(NoUpdateAssetOptions)
[Worker0] Imported GUID: f81c8acbc9ec79448bc00075314bb02d - Path: Assets/Prefabs/Enemy_A/Enemy_A_Silver.prefab - Importer: PreviewImporter -> (ImportResultId: '0574f637fa866cb638f932be1ec9dcdf') in 0.0239498 seconds
Importing 'GUID: f81c8acbc9ec79448bc00075314bb02d - Path: Assets/Prefabs/Enemy_A/Enemy_A_Silver.prefab' with importer (PrefabImporter)
Imported 'GUID: f81c8acbc9ec79448bc00075314bb02d' -> (Import Result ID: 'e1e1af553f9723f196d223e8e484392f') in 0.005 seconds [static and dynamic dependencies]. Details - ImportResultOutputID=1fe14d488fdddbd71df18eb89db4e2fc DependenciesID=80e5f8c47bd7b686e66e110d59d1dc0d StaticDependenciesID=b583739a3226dafe26d7acb0f3de3bc7 
Asset Pipeline Refresh (id=5ea102a61f0d0b0449fc962a82dad8cf): Total: 0.052 seconds - Initiated by StopAssetImportingV2(NoUpdateAssetOptions)
[Worker0] Imported GUID: f81c8acbc9ec79448bc00075314bb02d - Path: Assets/Prefabs/Enemy_A/Enemy_A_Silver.prefab - Importer: PreviewImporter -> (ImportResultId: '2f1d8b844b16cb983267c2b20ebf4420') in 0.0218093 seconds
Reloading assemblies for play mode.
Reloading assemblies after forced synchronous recompile.
[Licensing::Client] Successfully resolved entitlement details
Begin MonoManager ReloadAssembly
Native extension for WindowsStandalone target not found
Native extension for WebGL target not found
ScheduleIndexationOnStartup MainProcess:True IndexOnStartup:True
[MODES] ModeService[none].Initialize
[MODES] ModeService[none].LoadModes
Mono: successfully reloaded assembly
- Finished resetting the current domain, in  1.105 seconds
Domain Reload Profiling: 1852ms
	BeginReloadAssembly (589ms)
		DisableScriptedObjects (64ms)
		CreateAndSetChildDomain (414ms)
	RebuildCommonClasses (7ms)
	RebuildNativeTypeToScriptingClass (11ms)
	initialDomainReloadingComplete (32ms)
	LoadAllAssembliesAndSetupDomain (108ms)
		LoadAssemblies (72ms)
		AnalyzeDomain (13ms)
			TypeCache.Refresh (4ms)
			ResolveRequiredComponents (5ms)
	FinalizeReload (1106ms)
		SetupLoadedEditorAssemblies (0ms)
			BeforeProcessingInitializeOnLoad (59ms)
			ProcessInitializeOnLoadAttributes (222ms)
			ProcessInitializeOnLoadMethodAttributes (91ms)
			AfterProcessingInitializeOnLoad (3ms)
		AwakeInstancesAfterBackupRestoration (403ms)

Asset Pipeline Refresh (id=398e82afccdfde447b4907be83c59c44): Total: 1.989 seconds - Initiated by StopAssetImportingV2(ForceSynchronousImport | ForceDomainReload)
	(Values over 0.05ms)
	Summary:
		Imports: total=0 (actual=0, local cache=0, cache server=0)
		Asset DB Process Time: managed=0 ms, native=1191 ms
		Asset DB Callback time: managed=22 ms, native=0 ms
		Scripting: domain reloads=1, domain reload time=774 ms, compile time=1 ms, other=0 ms
		Project Asset Count: scripts=1373, non-scripts=2479
		Asset File Changes: new=0, changed=0, moved=0, deleted=0
		Scan Filter Count: 0
	InvokePackagesCallback: 0.955ms
	ApplyChangesToAssetFolders: 0.279ms
	Collect global state as custom dependencies: 1.377ms
	ProcessAssetsWithTransientArtifactChanges: 0.113ms
	CategorizeAssets: 33.749ms
	CompileScripts: 0.750ms
	ImportOutOfDateAssets: 1131.474ms (1113.793ms without children)
		CollectScriptTypesHashes: 0.563ms
		ReloadNativeAssets: 0.937ms
		UnloadImportedAssets: 0.143ms
		EnsureUptoDateAssetsAreRegisteredWithGuidPM: 0.314ms
		ImportSchedulerStart: 16.263ms
	PostProcessAllAssets: 22.229ms
		MonoPostProcessAllAssets: 22.226ms
			UniversalRenderPipelineGlobalSettingsPostprocessor.OnPostprocessAllAssets 6.587ms
			SyncVS.PostprocessSyncProject 5.825ms
			WindowAssetPostprocessingWatcher.OnPostprocessAllAssets 1.270ms
			SpeedTree9Postprocessor.OnPostprocessAllAssets 1.126ms
			RenderPipelineGlobalSettingsPostprocessor.OnPostprocessAllAssets 0.518ms
			ReferencedClipsPostProcessor.OnPostprocessAllAssets 0.416ms
			ShaderReflectionAssetPostProcessor.OnPostprocessAllAssets 0.237ms
			InputActionAssetPostprocessor.OnPostprocessAllAssets 0.172ms
			SpriteEditorTexturePostprocessor.OnPostprocessAllAssets 0.123ms
			AssetDatabaseCallbacks.OnPostprocessAllAssets 0.112ms
			TerrainToolbarOverlayPostProcessor.OnPostprocessAllAssets 0.099ms
			ProjectSettingsPostprocessor.OnPostprocessAllAssets 0.096ms
	GatherAllCurrentPrimaryImportResultRevisions: 0.102ms
	PersistCurrentRevisions: 0.075ms
	GenerateScriptTypeHashes: 2.099ms
	GenerateScriptTypeSerializationHashes: 3.953ms
	Untracked: 794.078ms

Loaded scene 'Temp/__Backupscenes/0.backup'
	Deserialize:            2.822 ms
	Integration:            215.345 ms
	Integration of assets:  0.002 ms
	Thread Wait Time:       0.009 ms
	Total Operation Time:   218.179 ms
<color=green>=== 設置フェーズ開始 (Wave 1 の準備) ===</color>
UnityEngine.Debug:ExtractStackTraceNoAlloc (byte*,int,string)
UnityEngine.StackTraceUtility:ExtractStackTrace ()
UnityEngine.DebugLogHandler:Internal_Log (UnityEngine.LogType,UnityEngine.LogOption,string,UnityEngine.Object)
UnityEngine.DebugLogHandler:LogFormat (UnityEngine.LogType,UnityEngine.Object,string,object[])
UnityEngine.Logger:Log (UnityEngine.LogType,object)
UnityEngine.Debug:Log (object)
WaveManager:EnterPrepPhase () (at Assets/Scripts/Managers/WaveManager.cs:85)
WaveManager:Start () (at Assets/Scripts/Managers/WaveManager.cs:60)

(Filename: Assets/Scripts/Managers/WaveManager.cs Line: 85)

【準備フェーズ】配置を完了させたら「準備完了」ボタンを押してください。
UnityEngine.Debug:ExtractStackTraceNoAlloc (byte*,int,string)
UnityEngine.StackTraceUtility:ExtractStackTrace ()
UnityEngine.DebugLogHandler:Internal_Log (UnityEngine.LogType,UnityEngine.LogOption,string,UnityEngine.Object)
UnityEngine.DebugLogHandler:LogFormat (UnityEngine.LogType,UnityEngine.Object,string,object[])
UnityEngine.Logger:Log (UnityEngine.LogType,object)
UnityEngine.Debug:Log (object)
GameManager:SetPreparationPhase () (at Assets/Scripts/Managers/GameManager.cs:44)
GameManager:Start () (at Assets/Scripts/Managers/GameManager.cs:23)

(Filename: Assets/Scripts/Managers/GameManager.cs Line: 44)

[Licensing::Client] Successfully resolved entitlement details
[Licensing::Client] Successfully resolved entitlement details
The character with Unicode value \u25B6 was not found in the [LiberationSans SDF] font asset or any potential fallbacks. It was replaced by Unicode character \u25A1 in text object [Text (TMP)].
UnityEngine.Debug:ExtractStackTraceNoAlloc (byte*,int,string)
UnityEngine.StackTraceUtility:ExtractStackTrace ()
UnityEngine.DebugLogHandler:Internal_Log (UnityEngine.LogType,UnityEngine.LogOption,string,UnityEngine.Object)
UnityEngine.DebugLogHandler:LogFormat (UnityEngine.LogType,UnityEngine.Object,string,object[])
UnityEngine.Logger:Log (UnityEngine.LogType,object,UnityEngine.Object)
UnityEngine.Debug:LogWarning (object,UnityEngine.Object)
TMPro.TextMeshProUGUI:SetArraySizes (TMPro.TMP_Text/TextProcessingElement[]) (at ./Library/PackageCache/com.unity.ugui@4f9b15fd1386/Runtime/TMP/TextMeshProUGUI.cs:2012)
TMPro.TMP_Text:ParseInputText () (at ./Library/PackageCache/com.unity.ugui@4f9b15fd1386/Runtime/TMP/TMP_Text.cs:2063)
TMPro.TextMeshProUGUI:OnPreRenderCanvas () (at ./Library/PackageCache/com.unity.ugui@4f9b15fd1386/Runtime/TMP/TextMeshProUGUI.cs:2496)
TMPro.TextMeshProUGUI:Rebuild (UnityEngine.UI.CanvasUpdate) (at ./Library/PackageCache/com.unity.ugui@4f9b15fd1386/Runtime/TMP/TextMeshProUGUI.cs:229)
UnityEngine.UI.CanvasUpdateRegistry:PerformUpdate () (at ./Library/PackageCache/com.unity.ugui@4f9b15fd1386/Runtime/UGUI/UI/Core/CanvasUpdateRegistry.cs:215)
UnityEngine.Canvas:SendWillRenderCanvases ()

(Filename: ./Library/PackageCache/com.unity.ugui@4f9b15fd1386/Runtime/TMP/TextMeshProUGUI.cs Line: 2012)

Curl error 7: Failed to connect to config.uca.cloud.unity3d.com port 443 after 2041 ms: Could not connect to server
Game Started!
UnityEngine.Debug:ExtractStackTraceNoAlloc (byte*,int,string)
UnityEngine.StackTraceUtility:ExtractStackTrace ()
UnityEngine.DebugLogHandler:Internal_Log (UnityEngine.LogType,UnityEngine.LogOption,string,UnityEngine.Object)
UnityEngine.DebugLogHandler:LogFormat (UnityEngine.LogType,UnityEngine.Object,string,object[])
UnityEngine.Logger:Log (UnityEngine.LogType,object)
UnityEngine.Debug:Log (object)
GameStartManager:StartGameplay () (at Assets/Scripts/UI/GameStartManager.cs:72)
GameStartManager:OnClickNextStory () (at Assets/Scripts/UI/GameStartManager.cs:53)
UnityEngine.Events.InvokableCall:Invoke ()
UnityEngine.Events.UnityEvent:Invoke ()
UnityEngine.UI.Button:Press () (at ./Library/PackageCache/com.unity.ugui@4f9b15fd1386/Runtime/UGUI/UI/Core/Button.cs:71)
UnityEngine.UI.Button:OnPointerClick (UnityEngine.EventSystems.PointerEventData) (at ./Library/PackageCache/com.unity.ugui@4f9b15fd1386/Runtime/UGUI/UI/Core/Button.cs:115)
UnityEngine.EventSystems.ExecuteEvents:Execute (UnityEngine.EventSystems.IPointerClickHandler,UnityEngine.EventSystems.BaseEventData) (at ./Library/PackageCache/com.unity.ugui@4f9b15fd1386/Runtime/UGUI/EventSystem/ExecuteEvents.cs:57)
UnityEngine.EventSystems.ExecuteEvents:Execute<UnityEngine.EventSystems.IPointerClickHandler> (UnityEngine.GameObject,UnityEngine.EventSystems.BaseEventData,UnityEngine.EventSystems.ExecuteEvents/EventFunction`1<UnityEngine.EventSystems.IPointerClickHandler>) (at ./Library/PackageCache/com.unity.ugui@4f9b15fd1386/Runtime/UGUI/EventSystem/ExecuteEvents.cs:272)
UnityEngine.InputSystem.UI.InputSystemUIInputModule:ProcessPointerButton (UnityEngine.InputSystem.UI.PointerModel/ButtonState&,UnityEngine.EventSystems.PointerEventData) (at ./Library/PackageCache/com.unity.inputsystem@21a28c3a6c83/InputSystem/Plugins/UI/InputSystemUIInputModule.cs:731)
UnityEngine.InputSystem.UI.InputSystemUIInputModule:ProcessPointer (UnityEngine.InputSystem.UI.PointerModel&) (at ./Library/PackageCache/com.unity.inputsystem@21a28c3a6c83/InputSystem/Plugins/UI/InputSystemUIInputModule.cs:490)
UnityEngine.InputSystem.UI.InputSystemUIInputModule:Process () (at ./Library/PackageCache/com.unity.inputsystem@21a28c3a6c83/InputSystem/Plugins/UI/InputSystemUIInputModule.cs:2404)
UnityEngine.EventSystems.EventSystem:Update () (at ./Library/PackageCache/com.unity.ugui@4f9b15fd1386/Runtime/UGUI/EventSystem/EventSystem.cs:516)

(Filename: Assets/Scripts/UI/GameStartManager.cs Line: 72)

NullReferenceException: Object reference not set to an instance of an object
  at BuildMenuUI.Monster () [0x00015] in C:\Users\Kouta\Documents\Growing_Dungeon_UL\Assets\Scripts\UI\BuildMenuUI.cs:62 
  at UnityEngine.Events.InvokableCall.Invoke () [0x0000d] in <2d13e1d0272a48939db0df2b39041de1>:0 
  at UnityEngine.Events.UnityEvent.Invoke () [0x0001b] in <2d13e1d0272a48939db0df2b39041de1>:0 
  at UnityEngine.UI.Button.Press () [0x0001c] in .\Library\PackageCache\com.unity.ugui@4f9b15fd1386\Runtime\UGUI\UI\Core\Button.cs:71 
  at UnityEngine.UI.Button.OnPointerClick (UnityEngine.EventSystems.PointerEventData eventData) [0x00009] in .\Library\PackageCache\com.unity.ugui@4f9b15fd1386\Runtime\UGUI\UI\Core\Button.cs:115 
  at UnityEngine.EventSystems.ExecuteEvents.Execute (UnityEngine.EventSystems.IPointerClickHandler handler, UnityEngine.EventSystems.BaseEventData eventData) [0x00000] in .\Library\PackageCache\com.unity.ugui@4f9b15fd1386\Runtime\UGUI\EventSystem\ExecuteEvents.cs:57 
  at UnityEngine.EventSystems.ExecuteEvents.Execute[T] (UnityEngine.GameObject target, UnityEngine.EventSystems.BaseEventData eventData, UnityEngine.EventSystems.ExecuteEvents+EventFunction`1[T1] functor) [0x00067] in .\Library\PackageCache\com.unity.ugui@4f9b15fd1386\Runtime\UGUI\EventSystem\ExecuteEvents.cs:272 
UnityEngine.DebugLogHandler:Internal_LogException_Injected(Exception, IntPtr)
UnityEngine.DebugLogHandler:Internal_LogException(Exception, Object)
UnityEngine.DebugLogHandler:LogException(Exception, Object)
UnityEngine.Logger:LogException(Exception, Object)
UnityEngine.Debug:LogException(Exception)
UnityEngine.EventSystems.ExecuteEvents:Execute(GameObject, BaseEventData, EventFunction`1) (at .\Library\PackageCache\com.unity.ugui@4f9b15fd1386\Runtime\UGUI\EventSystem\ExecuteEvents.cs:276)
UnityEngine.InputSystem.UI.InputSystemUIInputModule:ProcessPointerButton(ButtonState&, PointerEventData) (at .\Library\PackageCache\com.unity.inputsystem@21a28c3a6c83\InputSystem\Plugins\UI\InputSystemUIInputModule.cs:731)
UnityEngine.InputSystem.UI.InputSystemUIInputModule:ProcessPointer(PointerModel&) (at .\Library\PackageCache\com.unity.inputsystem@21a28c3a6c83\InputSystem\Plugins\UI\InputSystemUIInputModule.cs:490)
UnityEngine.InputSystem.UI.InputSystemUIInputModule:Process() (at .\Library\PackageCache\com.unity.inputsystem@21a28c3a6c83\InputSystem\Plugins\UI\InputSystemUIInputModule.cs:2404)
UnityEngine.EventSystems.EventSystem:Update() (at .\Library\PackageCache\com.unity.ugui@4f9b15fd1386\Runtime\UGUI\EventSystem\EventSystem.cs:516)

(Filename: Assets/Scripts/UI/BuildMenuUI.cs Line: 62)

UnassignedReferenceException: The variable trapPrefab of BuildManager has not been assigned.
You probably need to assign the trapPrefab variable of the BuildManager script in the inspector.
  at UnityEngine.Object+MarshalledUnityObject.TryThrowEditorNullExceptionObject (UnityEngine.Object unityObj, System.String parameterName) [0x000b4] in <2d13e1d0272a48939db0df2b39041de1>:0 
  at UnityEngine.Bindings.ThrowHelper.ThrowNullReferenceException (System.Object obj) [0x0000a] in <2d13e1d0272a48939db0df2b39041de1>:0 
  at UnityEngine.GameObject.get_transform () [0x00006] in <2d13e1d0272a48939db0df2b39041de1>:0 
  at BuildManager.PlaceTrap (Tile tile) [0x0001d] in C:\Users\Kouta\Documents\Growing_Dungeon_UL\Assets\Scripts\Builder\BuildManager.cs:151 
  at BuildManager.OnTileClicked (Tile tile) [0x00034] in C:\Users\Kouta\Documents\Growing_Dungeon_UL\Assets\Scripts\Builder\BuildManager.cs:52 
  at TileSelector.BuildUpdate () [0x000fd] in C:\Users\Kouta\Documents\Growing_Dungeon_UL\Assets\Scripts\Builder\TileSelector.cs:102 
  at TileSelector.Update () [0x0004d] in C:\Users\Kouta\Documents\Growing_Dungeon_UL\Assets\Scripts\Builder\TileSelector.cs:43 

(Filename: Assets/Scripts/Builder/BuildManager.cs Line: 151)

NullReferenceException: Object reference not set to an instance of an object
  at BuildMenuUI.Monster () [0x00015] in C:\Users\Kouta\Documents\Growing_Dungeon_UL\Assets\Scripts\UI\BuildMenuUI.cs:62 
  at UnityEngine.Events.InvokableCall.Invoke () [0x0000d] in <2d13e1d0272a48939db0df2b39041de1>:0 
  at UnityEngine.Events.UnityEvent.Invoke () [0x0001b] in <2d13e1d0272a48939db0df2b39041de1>:0 
  at UnityEngine.UI.Button.Press () [0x0001c] in .\Library\PackageCache\com.unity.ugui@4f9b15fd1386\Runtime\UGUI\UI\Core\Button.cs:71 
  at UnityEngine.UI.Button.OnPointerClick (UnityEngine.EventSystems.PointerEventData eventData) [0x00009] in .\Library\PackageCache\com.unity.ugui@4f9b15fd1386\Runtime\UGUI\UI\Core\Button.cs:115 
  at UnityEngine.EventSystems.ExecuteEvents.Execute (UnityEngine.EventSystems.IPointerClickHandler handler, UnityEngine.EventSystems.BaseEventData eventData) [0x00000] in .\Library\PackageCache\com.unity.ugui@4f9b15fd1386\Runtime\UGUI\EventSystem\ExecuteEvents.cs:57 
  at UnityEngine.EventSystems.ExecuteEvents.Execute[T] (UnityEngine.GameObject target, UnityEngine.EventSystems.BaseEventData eventData, UnityEngine.EventSystems.ExecuteEvents+EventFunction`1[T1] functor) [0x00067] in .\Library\PackageCache\com.unity.ugui@4f9b15fd1386\Runtime\UGUI\EventSystem\ExecuteEvents.cs:272 
UnityEngine.DebugLogHandler:Internal_LogException_Injected(Exception, IntPtr)
UnityEngine.DebugLogHandler:Internal_LogException(Exception, Object)
UnityEngine.DebugLogHandler:LogException(Exception, Object)
UnityEngine.Logger:LogException(Exception, Object)
UnityEngine.Debug:LogException(Exception)
UnityEngine.EventSystems.ExecuteEvents:Execute(GameObject, BaseEventData, EventFunction`1) (at .\Library\PackageCache\com.unity.ugui@4f9b15fd1386\Runtime\UGUI\EventSystem\ExecuteEvents.cs:276)
UnityEngine.InputSystem.UI.InputSystemUIInputModule:ProcessPointerButton(ButtonState&, PointerEventData) (at .\Library\PackageCache\com.unity.inputsystem@21a28c3a6c83\InputSystem\Plugins\UI\InputSystemUIInputModule.cs:731)
UnityEngine.InputSystem.UI.InputSystemUIInputModule:ProcessPointer(PointerModel&) (at .\Library\PackageCache\com.unity.inputsystem@21a28c3a6c83\InputSystem\Plugins\UI\InputSystemUIInputModule.cs:490)
UnityEngine.InputSystem.UI.InputSystemUIInputModule:Process() (at .\Library\PackageCache\com.unity.inputsystem@21a28c3a6c83\InputSystem\Plugins\UI\InputSystemUIInputModule.cs:2404)
UnityEngine.EventSystems.EventSystem:Update() (at .\Library\PackageCache\com.unity.ugui@4f9b15fd1386\Runtime\UGUI\EventSystem\EventSystem.cs:516)

(Filename: Assets/Scripts/UI/BuildMenuUI.cs Line: 62)

NullReferenceException: Object reference not set to an instance of an object
  at BuildMenuUI.Monster () [0x00015] in C:\Users\Kouta\Documents\Growing_Dungeon_UL\Assets\Scripts\UI\BuildMenuUI.cs:62 
  at UnityEngine.Events.InvokableCall.Invoke () [0x0000d] in <2d13e1d0272a48939db0df2b39041de1>:0 
  at UnityEngine.Events.UnityEvent.Invoke () [0x0001b] in <2d13e1d0272a48939db0df2b39041de1>:0 
  at UnityEngine.UI.Button.Press () [0x0001c] in .\Library\PackageCache\com.unity.ugui@4f9b15fd1386\Runtime\UGUI\UI\Core\Button.cs:71 
  at UnityEngine.UI.Button.OnPointerClick (UnityEngine.EventSystems.PointerEventData eventData) [0x00009] in .\Library\PackageCache\com.unity.ugui@4f9b15fd1386\Runtime\UGUI\UI\Core\Button.cs:115 
  at UnityEngine.EventSystems.ExecuteEvents.Execute (UnityEngine.EventSystems.IPointerClickHandler handler, UnityEngine.EventSystems.BaseEventData eventData) [0x00000] in .\Library\PackageCache\com.unity.ugui@4f9b15fd1386\Runtime\UGUI\EventSystem\ExecuteEvents.cs:57 
  at UnityEngine.EventSystems.ExecuteEvents.Execute[T] (UnityEngine.GameObject target, UnityEngine.EventSystems.BaseEventData eventData, UnityEngine.EventSystems.ExecuteEvents+EventFunction`1[T1] functor) [0x00067] in .\Library\PackageCache\com.unity.ugui@4f9b15fd1386\Runtime\UGUI\EventSystem\ExecuteEvents.cs:272 
UnityEngine.DebugLogHandler:Internal_LogException_Injected(Exception, IntPtr)
UnityEngine.DebugLogHandler:Internal_LogException(Exception, Object)
UnityEngine.DebugLogHandler:LogException(Exception, Object)
UnityEngine.Logger:LogException(Exception, Object)
UnityEngine.Debug:LogException(Exception)
UnityEngine.EventSystems.ExecuteEvents:Execute(GameObject, BaseEventData, EventFunction`1) (at .\Library\PackageCache\com.unity.ugui@4f9b15fd1386\Runtime\UGUI\EventSystem\ExecuteEvents.cs:276)
UnityEngine.InputSystem.UI.InputSystemUIInputModule:ProcessPointerButton(ButtonState&, PointerEventData) (at .\Library\PackageCache\com.unity.inputsystem@21a28c3a6c83\InputSystem\Plugins\UI\InputSystemUIInputModule.cs:731)
UnityEngine.InputSystem.UI.InputSystemUIInputModule:ProcessPointer(PointerModel&) (at .\Library\PackageCache\com.unity.inputsystem@21a28c3a6c83\InputSystem\Plugins\UI\InputSystemUIInputModule.cs:490)
UnityEngine.InputSystem.UI.InputSystemUIInputModule:Process() (at .\Library\PackageCache\com.unity.inputsystem@21a28c3a6c83\InputSystem\Plugins\UI\InputSystemUIInputModule.cs:2404)
UnityEngine.EventSystems.EventSystem:Update() (at .\Library\PackageCache\com.unity.ugui@4f9b15fd1386\Runtime\UGUI\EventSystem\EventSystem.cs:516)

(Filename: Assets/Scripts/UI/BuildMenuUI.cs Line: 62)

NullReferenceException: Object reference not set to an instance of an object
  at BuildMenuUI.Monster () [0x00015] in C:\Users\Kouta\Documents\Growing_Dungeon_UL\Assets\Scripts\UI\BuildMenuUI.cs:62 
  at UnityEngine.Events.InvokableCall.Invoke () [0x0000d] in <2d13e1d0272a48939db0df2b39041de1>:0 
  at UnityEngine.Events.UnityEvent.Invoke () [0x0001b] in <2d13e1d0272a48939db0df2b39041de1>:0 
  at UnityEngine.UI.Button.Press () [0x0001c] in .\Library\PackageCache\com.unity.ugui@4f9b15fd1386\Runtime\UGUI\UI\Core\Button.cs:71 
  at UnityEngine.UI.Button.OnPointerClick (UnityEngine.EventSystems.PointerEventData eventData) [0x00009] in .\Library\PackageCache\com.unity.ugui@4f9b15fd1386\Runtime\UGUI\UI\Core\Button.cs:115 
  at UnityEngine.EventSystems.ExecuteEvents.Execute (UnityEngine.EventSystems.IPointerClickHandler handler, UnityEngine.EventSystems.BaseEventData eventData) [0x00000] in .\Library\PackageCache\com.unity.ugui@4f9b15fd1386\Runtime\UGUI\EventSystem\ExecuteEvents.cs:57 
  at UnityEngine.EventSystems.ExecuteEvents.Execute[T] (UnityEngine.GameObject target, UnityEngine.EventSystems.BaseEventData eventData, UnityEngine.EventSystems.ExecuteEvents+EventFunction`1[T1] functor) [0x00067] in .\Library\PackageCache\com.unity.ugui@4f9b15fd1386\Runtime\UGUI\EventSystem\ExecuteEvents.cs:272 
UnityEngine.DebugLogHandler:Internal_LogException_Injected(Exception, IntPtr)
UnityEngine.DebugLogHandler:Internal_LogException(Exception, Object)
UnityEngine.DebugLogHandler:LogException(Exception, Object)
UnityEngine.Logger:LogException(Exception, Object)
UnityEngine.Debug:LogException(Exception)
UnityEngine.EventSystems.ExecuteEvents:Execute(GameObject, BaseEventData, EventFunction`1) (at .\Library\PackageCache\com.unity.ugui@4f9b15fd1386\Runtime\UGUI\EventSystem\ExecuteEvents.cs:276)
UnityEngine.InputSystem.UI.InputSystemUIInputModule:ProcessPointerButton(ButtonState&, PointerEventData) (at .\Library\PackageCache\com.unity.inputsystem@21a28c3a6c83\InputSystem\Plugins\UI\InputSystemUIInputModule.cs:731)
UnityEngine.InputSystem.UI.InputSystemUIInputModule:ProcessPointer(PointerModel&) (at .\Library\PackageCache\com.unity.inputsystem@21a28c3a6c83\InputSystem\Plugins\UI\InputSystemUIInputModule.cs:490)
UnityEngine.InputSystem.UI.InputSystemUIInputModule:Process() (at .\Library\PackageCache\com.unity.inputsystem@21a28c3a6c83\InputSystem\Plugins\UI\InputSystemUIInputModule.cs:2404)
UnityEngine.EventSystems.EventSystem:Update() (at .\Library\PackageCache\com.unity.ugui@4f9b15fd1386\Runtime\UGUI\EventSystem\EventSystem.cs:516)

(Filename: Assets/Scripts/UI/BuildMenuUI.cs Line: 62)

NullReferenceException: Object reference not set to an instance of an object
  at BuildMenuUI.Monster () [0x00015] in C:\Users\Kouta\Documents\Growing_Dungeon_UL\Assets\Scripts\UI\BuildMenuUI.cs:62 
  at UnityEngine.Events.InvokableCall.Invoke () [0x0000d] in <2d13e1d0272a48939db0df2b39041de1>:0 
  at UnityEngine.Events.UnityEvent.Invoke () [0x0001b] in <2d13e1d0272a48939db0df2b39041de1>:0 
  at UnityEngine.UI.Button.Press () [0x0001c] in .\Library\PackageCache\com.unity.ugui@4f9b15fd1386\Runtime\UGUI\UI\Core\Button.cs:71 
  at UnityEngine.UI.Button.OnPointerClick (UnityEngine.EventSystems.PointerEventData eventData) [0x00009] in .\Library\PackageCache\com.unity.ugui@4f9b15fd1386\Runtime\UGUI\UI\Core\Button.cs:115 
  at UnityEngine.EventSystems.ExecuteEvents.Execute (UnityEngine.EventSystems.IPointerClickHandler handler, UnityEngine.EventSystems.BaseEventData eventData) [0x00000] in .\Library\PackageCache\com.unity.ugui@4f9b15fd1386\Runtime\UGUI\EventSystem\ExecuteEvents.cs:57 
  at UnityEngine.EventSystems.ExecuteEvents.Execute[T] (UnityEngine.GameObject target, UnityEngine.EventSystems.BaseEventData eventData, UnityEngine.EventSystems.ExecuteEvents+EventFunction`1[T1] functor) [0x00067] in .\Library\PackageCache\com.unity.ugui@4f9b15fd1386\Runtime\UGUI\EventSystem\ExecuteEvents.cs:272 
UnityEngine.DebugLogHandler:Internal_LogException_Injected(Exception, IntPtr)
UnityEngine.DebugLogHandler:Internal_LogException(Exception, Object)
UnityEngine.DebugLogHandler:LogException(Exception, Object)
UnityEngine.Logger:LogException(Exception, Object)
UnityEngine.Debug:LogException(Exception)
UnityEngine.EventSystems.ExecuteEvents:Execute(GameObject, BaseEventData, EventFunction`1) (at .\Library\PackageCache\com.unity.ugui@4f9b15fd1386\Runtime\UGUI\EventSystem\ExecuteEvents.cs:276)
UnityEngine.InputSystem.UI.InputSystemUIInputModule:ProcessPointerButton(ButtonState&, PointerEventData) (at .\Library\PackageCache\com.unity.inputsystem@21a28c3a6c83\InputSystem\Plugins\UI\InputSystemUIInputModule.cs:731)
UnityEngine.InputSystem.UI.InputSystemUIInputModule:ProcessPointer(PointerModel&) (at .\Library\PackageCache\com.unity.inputsystem@21a28c3a6c83\InputSystem\Plugins\UI\InputSystemUIInputModule.cs:490)
UnityEngine.InputSystem.UI.InputSystemUIInputModule:Process() (at .\Library\PackageCache\com.unity.inputsystem@21a28c3a6c83\InputSystem\Plugins\UI\InputSystemUIInputModule.cs:2404)
UnityEngine.EventSystems.EventSystem:Update() (at .\Library\PackageCache\com.unity.ugui@4f9b15fd1386\Runtime\UGUI\EventSystem\EventSystem.cs:516)

(Filename: Assets/Scripts/UI/BuildMenuUI.cs Line: 62)

NullReferenceException: Object reference not set to an instance of an object
  at BuildMenuUI.Monster () [0x00015] in C:\Users\Kouta\Documents\Growing_Dungeon_UL\Assets\Scripts\UI\BuildMenuUI.cs:62 
  at UnityEngine.Events.InvokableCall.Invoke () [0x0000d] in <2d13e1d0272a48939db0df2b39041de1>:0 
  at UnityEngine.Events.UnityEvent.Invoke () [0x0001b] in <2d13e1d0272a48939db0df2b39041de1>:0 
  at UnityEngine.UI.Button.Press () [0x0001c] in .\Library\PackageCache\com.unity.ugui@4f9b15fd1386\Runtime\UGUI\UI\Core\Button.cs:71 
  at UnityEngine.UI.Button.OnPointerClick (UnityEngine.EventSystems.PointerEventData eventData) [0x00009] in .\Library\PackageCache\com.unity.ugui@4f9b15fd1386\Runtime\UGUI\UI\Core\Button.cs:115 
  at UnityEngine.EventSystems.ExecuteEvents.Execute (UnityEngine.EventSystems.IPointerClickHandler handler, UnityEngine.EventSystems.BaseEventData eventData) [0x00000] in .\Library\PackageCache\com.unity.ugui@4f9b15fd1386\Runtime\UGUI\EventSystem\ExecuteEvents.cs:57 
  at UnityEngine.EventSystems.ExecuteEvents.Execute[T] (UnityEngine.GameObject target, UnityEngine.EventSystems.BaseEventData eventData, UnityEngine.EventSystems.ExecuteEvents+EventFunction`1[T1] functor) [0x00067] in .\Library\PackageCache\com.unity.ugui@4f9b15fd1386\Runtime\UGUI\EventSystem\ExecuteEvents.cs:272 
UnityEngine.DebugLogHandler:Internal_LogException_Injected(Exception, IntPtr)
UnityEngine.DebugLogHandler:Internal_LogException(Exception, Object)
UnityEngine.DebugLogHandler:LogException(Exception, Object)
UnityEngine.Logger:LogException(Exception, Object)
UnityEngine.Debug:LogException(Exception)
UnityEngine.EventSystems.ExecuteEvents:Execute(GameObject, BaseEventData, EventFunction`1) (at .\Library\PackageCache\com.unity.ugui@4f9b15fd1386\Runtime\UGUI\EventSystem\ExecuteEvents.cs:276)
UnityEngine.InputSystem.UI.InputSystemUIInputModule:ProcessPointerButton(ButtonState&, PointerEventData) (at .\Library\PackageCache\com.unity.inputsystem@21a28c3a6c83\InputSystem\Plugins\UI\InputSystemUIInputModule.cs:731)
UnityEngine.InputSystem.UI.InputSystemUIInputModule:ProcessPointer(PointerModel&) (at .\Library\PackageCache\com.unity.inputsystem@21a28c3a6c83\InputSystem\Plugins\UI\InputSystemUIInputModule.cs:490)
UnityEngine.InputSystem.UI.InputSystemUIInputModule:Process() (at .\Library\PackageCache\com.unity.inputsystem@21a28c3a6c83\InputSystem\Plugins\UI\InputSystemUIInputModule.cs:2404)
UnityEngine.EventSystems.EventSystem:Update() (at .\Library\PackageCache\com.unity.ugui@4f9b15fd1386\Runtime\UGUI\EventSystem\EventSystem.cs:516)

(Filename: Assets/Scripts/UI/BuildMenuUI.cs Line: 62)

NullReferenceException: Object reference not set to an instance of an object
  at BuildMenuUI.Monster () [0x00015] in C:\Users\Kouta\Documents\Growing_Dungeon_UL\Assets\Scripts\UI\BuildMenuUI.cs:62 
  at UnityEngine.Events.InvokableCall.Invoke () [0x0000d] in <2d13e1d0272a48939db0df2b39041de1>:0 
  at UnityEngine.Events.UnityEvent.Invoke () [0x0001b] in <2d13e1d0272a48939db0df2b39041de1>:0 
  at UnityEngine.UI.Button.Press () [0x0001c] in .\Library\PackageCache\com.unity.ugui@4f9b15fd1386\Runtime\UGUI\UI\Core\Button.cs:71 
  at UnityEngine.UI.Button.OnPointerClick (UnityEngine.EventSystems.PointerEventData eventData) [0x00009] in .\Library\PackageCache\com.unity.ugui@4f9b15fd1386\Runtime\UGUI\UI\Core\Button.cs:115 
  at UnityEngine.EventSystems.ExecuteEvents.Execute (UnityEngine.EventSystems.IPointerClickHandler handler, UnityEngine.EventSystems.BaseEventData eventData) [0x00000] in .\Library\PackageCache\com.unity.ugui@4f9b15fd1386\Runtime\UGUI\EventSystem\ExecuteEvents.cs:57 
  at UnityEngine.EventSystems.ExecuteEvents.Execute[T] (UnityEngine.GameObject target, UnityEngine.EventSystems.BaseEventData eventData, UnityEngine.EventSystems.ExecuteEvents+EventFunction`1[T1] functor) [0x00067] in .\Library\PackageCache\com.unity.ugui@4f9b15fd1386\Runtime\UGUI\EventSystem\ExecuteEvents.cs:272 
UnityEngine.DebugLogHandler:Internal_LogException_Injected(Exception, IntPtr)
UnityEngine.DebugLogHandler:Internal_LogException(Exception, Object)
UnityEngine.DebugLogHandler:LogException(Exception, Object)
UnityEngine.Logger:LogException(Exception, Object)
UnityEngine.Debug:LogException(Exception)
UnityEngine.EventSystems.ExecuteEvents:Execute(GameObject, BaseEventData, EventFunction`1) (at .\Library\PackageCache\com.unity.ugui@4f9b15fd1386\Runtime\UGUI\EventSystem\ExecuteEvents.cs:276)
UnityEngine.InputSystem.UI.InputSystemUIInputModule:ProcessPointerButton(ButtonState&, PointerEventData) (at .\Library\PackageCache\com.unity.inputsystem@21a28c3a6c83\InputSystem\Plugins\UI\InputSystemUIInputModule.cs:731)
UnityEngine.InputSystem.UI.InputSystemUIInputModule:ProcessPointer(PointerModel&) (at .\Library\PackageCache\com.unity.inputsystem@21a28c3a6c83\InputSystem\Plugins\UI\InputSystemUIInputModule.cs:490)
UnityEngine.InputSystem.UI.InputSystemUIInputModule:Process() (at .\Library\PackageCache\com.unity.inputsystem@21a28c3a6c83\InputSystem\Plugins\UI\InputSystemUIInputModule.cs:2404)
UnityEngine.EventSystems.EventSystem:Update() (at .\Library\PackageCache\com.unity.ugui@4f9b15fd1386\Runtime\UGUI\EventSystem\EventSystem.cs:516)

(Filename: Assets/Scripts/UI/BuildMenuUI.cs Line: 62)

NullReferenceException: Object reference not set to an instance of an object
  at BuildMenuUI.Monster () [0x00015] in C:\Users\Kouta\Documents\Growing_Dungeon_UL\Assets\Scripts\UI\BuildMenuUI.cs:62 
  at UnityEngine.Events.InvokableCall.Invoke () [0x0000d] in <2d13e1d0272a48939db0df2b39041de1>:0 
  at UnityEngine.Events.UnityEvent.Invoke () [0x0001b] in <2d13e1d0272a48939db0df2b39041de1>:0 
  at UnityEngine.UI.Button.Press () [0x0001c] in .\Library\PackageCache\com.unity.ugui@4f9b15fd1386\Runtime\UGUI\UI\Core\Button.cs:71 
  at UnityEngine.UI.Button.OnPointerClick (UnityEngine.EventSystems.PointerEventData eventData) [0x00009] in .\Library\PackageCache\com.unity.ugui@4f9b15fd1386\Runtime\UGUI\UI\Core\Button.cs:115 
  at UnityEngine.EventSystems.ExecuteEvents.Execute (UnityEngine.EventSystems.IPointerClickHandler handler, UnityEngine.EventSystems.BaseEventData eventData) [0x00000] in .\Library\PackageCache\com.unity.ugui@4f9b15fd1386\Runtime\UGUI\EventSystem\ExecuteEvents.cs:57 
  at UnityEngine.EventSystems.ExecuteEvents.Execute[T] (UnityEngine.GameObject target, UnityEngine.EventSystems.BaseEventData eventData, UnityEngine.EventSystems.ExecuteEvents+EventFunction`1[T1] functor) [0x00067] in .\Library\PackageCache\com.unity.ugui@4f9b15fd1386\Runtime\UGUI\EventSystem\ExecuteEvents.cs:272 
UnityEngine.DebugLogHandler:Internal_LogException_Injected(Exception, IntPtr)
UnityEngine.DebugLogHandler:Internal_LogException(Exception, Object)
UnityEngine.DebugLogHandler:LogException(Exception, Object)
UnityEngine.Logger:LogException(Exception, Object)
UnityEngine.Debug:LogException(Exception)
UnityEngine.EventSystems.ExecuteEvents:Execute(GameObject, BaseEventData, EventFunction`1) (at .\Library\PackageCache\com.unity.ugui@4f9b15fd1386\Runtime\UGUI\EventSystem\ExecuteEvents.cs:276)
UnityEngine.InputSystem.UI.InputSystemUIInputModule:ProcessPointerButton(ButtonState&, PointerEventData) (at .\Library\PackageCache\com.unity.inputsystem@21a28c3a6c83\InputSystem\Plugins\UI\InputSystemUIInputModule.cs:731)
UnityEngine.InputSystem.UI.InputSystemUIInputModule:ProcessPointer(PointerModel&) (at .\Library\PackageCache\com.unity.inputsystem@21a28c3a6c83\InputSystem\Plugins\UI\InputSystemUIInputModule.cs:490)
UnityEngine.InputSystem.UI.InputSystemUIInputModule:Process() (at .\Library\PackageCache\com.unity.inputsystem@21a28c3a6c83\InputSystem\Plugins\UI\InputSystemUIInputModule.cs:2404)
UnityEngine.EventSystems.EventSystem:Update() (at .\Library\PackageCache\com.unity.ugui@4f9b15fd1386\Runtime\UGUI\EventSystem\EventSystem.cs:516)

(Filename: Assets/Scripts/UI/BuildMenuUI.cs Line: 62)

NullReferenceException: Object reference not set to an instance of an object
  at BuildMenuUI.Monster () [0x00015] in C:\Users\Kouta\Documents\Growing_Dungeon_UL\Assets\Scripts\UI\BuildMenuUI.cs:62 
  at UnityEngine.Events.InvokableCall.Invoke () [0x0000d] in <2d13e1d0272a48939db0df2b39041de1>:0 
  at UnityEngine.Events.UnityEvent.Invoke () [0x0001b] in <2d13e1d0272a48939db0df2b39041de1>:0 
  at UnityEngine.UI.Button.Press () [0x0001c] in .\Library\PackageCache\com.unity.ugui@4f9b15fd1386\Runtime\UGUI\UI\Core\Button.cs:71 
  at UnityEngine.UI.Button.OnPointerClick (UnityEngine.EventSystems.PointerEventData eventData) [0x00009] in .\Library\PackageCache\com.unity.ugui@4f9b15fd1386\Runtime\UGUI\UI\Core\Button.cs:115 
  at UnityEngine.EventSystems.ExecuteEvents.Execute (UnityEngine.EventSystems.IPointerClickHandler handler, UnityEngine.EventSystems.BaseEventData eventData) [0x00000] in .\Library\PackageCache\com.unity.ugui@4f9b15fd1386\Runtime\UGUI\EventSystem\ExecuteEvents.cs:57 
  at UnityEngine.EventSystems.ExecuteEvents.Execute[T] (UnityEngine.GameObject target, UnityEngine.EventSystems.BaseEventData eventData, UnityEngine.EventSystems.ExecuteEvents+EventFunction`1[T1] functor) [0x00067] in .\Library\PackageCache\com.unity.ugui@4f9b15fd1386\Runtime\UGUI\EventSystem\ExecuteEvents.cs:272 
UnityEngine.DebugLogHandler:Internal_LogException_Injected(Exception, IntPtr)
UnityEngine.DebugLogHandler:Internal_LogException(Exception, Object)
UnityEngine.DebugLogHandler:LogException(Exception, Object)
UnityEngine.Logger:LogException(Exception, Object)
UnityEngine.Debug:LogException(Exception)
UnityEngine.EventSystems.ExecuteEvents:Execute(GameObject, BaseEventData, EventFunction`1) (at .\Library\PackageCache\com.unity.ugui@4f9b15fd1386\Runtime\UGUI\EventSystem\ExecuteEvents.cs:276)
UnityEngine.InputSystem.UI.InputSystemUIInputModule:ProcessPointerButton(ButtonState&, PointerEventData) (at .\Library\PackageCache\com.unity.inputsystem@21a28c3a6c83\InputSystem\Plugins\UI\InputSystemUIInputModule.cs:731)
UnityEngine.InputSystem.UI.InputSystemUIInputModule:ProcessPointer(PointerModel&) (at .\Library\PackageCache\com.unity.inputsystem@21a28c3a6c83\InputSystem\Plugins\UI\InputSystemUIInputModule.cs:490)
UnityEngine.InputSystem.UI.InputSystemUIInputModule:Process() (at .\Library\PackageCache\com.unity.inputsystem@21a28c3a6c83\InputSystem\Plugins\UI\InputSystemUIInputModule.cs:2404)
UnityEngine.EventSystems.EventSystem:Update() (at .\Library\PackageCache\com.unity.ugui@4f9b15fd1386\Runtime\UGUI\EventSystem\EventSystem.cs:516)

(Filename: Assets/Scripts/UI/BuildMenuUI.cs Line: 62)

NullReferenceException: Object reference not set to an instance of an object
  at BuildMenuUI.Monster () [0x00015] in C:\Users\Kouta\Documents\Growing_Dungeon_UL\Assets\Scripts\UI\BuildMenuUI.cs:62 
  at UnityEngine.Events.InvokableCall.Invoke () [0x0000d] in <2d13e1d0272a48939db0df2b39041de1>:0 
  at UnityEngine.Events.UnityEvent.Invoke () [0x0001b] in <2d13e1d0272a48939db0df2b39041de1>:0 
  at UnityEngine.UI.Button.Press () [0x0001c] in .\Library\PackageCache\com.unity.ugui@4f9b15fd1386\Runtime\UGUI\UI\Core\Button.cs:71 
  at UnityEngine.UI.Button.OnPointerClick (UnityEngine.EventSystems.PointerEventData eventData) [0x00009] in .\Library\PackageCache\com.unity.ugui@4f9b15fd1386\Runtime\UGUI\UI\Core\Button.cs:115 
  at UnityEngine.EventSystems.ExecuteEvents.Execute (UnityEngine.EventSystems.IPointerClickHandler handler, UnityEngine.EventSystems.BaseEventData eventData) [0x00000] in .\Library\PackageCache\com.unity.ugui@4f9b15fd1386\Runtime\UGUI\EventSystem\ExecuteEvents.cs:57 
  at UnityEngine.EventSystems.ExecuteEvents.Execute[T] (UnityEngine.GameObject target, UnityEngine.EventSystems.BaseEventData eventData, UnityEngine.EventSystems.ExecuteEvents+EventFunction`1[T1] functor) [0x00067] in .\Library\PackageCache\com.unity.ugui@4f9b15fd1386\Runtime\UGUI\EventSystem\ExecuteEvents.cs:272 
UnityEngine.DebugLogHandler:Internal_LogException_Injected(Exception, IntPtr)
UnityEngine.DebugLogHandler:Internal_LogException(Exception, Object)
UnityEngine.DebugLogHandler:LogException(Exception, Object)
UnityEngine.Logger:LogException(Exception, Object)
UnityEngine.Debug:LogException(Exception)
UnityEngine.EventSystems.ExecuteEvents:Execute(GameObject, BaseEventData, EventFunction`1) (at .\Library\PackageCache\com.unity.ugui@4f9b15fd1386\Runtime\UGUI\EventSystem\ExecuteEvents.cs:276)
UnityEngine.InputSystem.UI.InputSystemUIInputModule:ProcessPointerButton(ButtonState&, PointerEventData) (at .\Library\PackageCache\com.unity.inputsystem@21a28c3a6c83\InputSystem\Plugins\UI\InputSystemUIInputModule.cs:731)
UnityEngine.InputSystem.UI.InputSystemUIInputModule:ProcessPointer(PointerModel&) (at .\Library\PackageCache\com.unity.inputsystem@21a28c3a6c83\InputSystem\Plugins\UI\InputSystemUIInputModule.cs:490)
UnityEngine.InputSystem.UI.InputSystemUIInputModule:Process() (at .\Library\PackageCache\com.unity.inputsystem@21a28c3a6c83\InputSystem\Plugins\UI\InputSystemUIInputModule.cs:2404)
UnityEngine.EventSystems.EventSystem:Update() (at .\Library\PackageCache\com.unity.ugui@4f9b15fd1386\Runtime\UGUI\EventSystem\EventSystem.cs:516)

(Filename: Assets/Scripts/UI/BuildMenuUI.cs Line: 62)

NullReferenceException: Object reference not set to an instance of an object
  at BuildMenuUI.Monster () [0x00015] in C:\Users\Kouta\Documents\Growing_Dungeon_UL\Assets\Scripts\UI\BuildMenuUI.cs:62 
  at UnityEngine.Events.InvokableCall.Invoke () [0x0000d] in <2d13e1d0272a48939db0df2b39041de1>:0 
  at UnityEngine.Events.UnityEvent.Invoke () [0x0001b] in <2d13e1d0272a48939db0df2b39041de1>:0 
  at UnityEngine.UI.Button.Press () [0x0001c] in .\Library\PackageCache\com.unity.ugui@4f9b15fd1386\Runtime\UGUI\UI\Core\Button.cs:71 
  at UnityEngine.UI.Button.OnPointerClick (UnityEngine.EventSystems.PointerEventData eventData) [0x00009] in .\Library\PackageCache\com.unity.ugui@4f9b15fd1386\Runtime\UGUI\UI\Core\Button.cs:115 
  at UnityEngine.EventSystems.ExecuteEvents.Execute (UnityEngine.EventSystems.IPointerClickHandler handler, UnityEngine.EventSystems.BaseEventData eventData) [0x00000] in .\Library\PackageCache\com.unity.ugui@4f9b15fd1386\Runtime\UGUI\EventSystem\ExecuteEvents.cs:57 
  at UnityEngine.EventSystems.ExecuteEvents.Execute[T] (UnityEngine.GameObject target, UnityEngine.EventSystems.BaseEventData eventData, UnityEngine.EventSystems.ExecuteEvents+EventFunction`1[T1] functor) [0x00067] in .\Library\PackageCache\com.unity.ugui@4f9b15fd1386\Runtime\UGUI\EventSystem\ExecuteEvents.cs:272 
UnityEngine.DebugLogHandler:Internal_LogException_Injected(Exception, IntPtr)
UnityEngine.DebugLogHandler:Internal_LogException(Exception, Object)
UnityEngine.DebugLogHandler:LogException(Exception, Object)
UnityEngine.Logger:LogException(Exception, Object)
UnityEngine.Debug:LogException(Exception)
UnityEngine.EventSystems.ExecuteEvents:Execute(GameObject, BaseEventData, EventFunction`1) (at .\Library\PackageCache\com.unity.ugui@4f9b15fd1386\Runtime\UGUI\EventSystem\ExecuteEvents.cs:276)
UnityEngine.InputSystem.UI.InputSystemUIInputModule:ProcessPointerButton(ButtonState&, PointerEventData) (at .\Library\PackageCache\com.unity.inputsystem@21a28c3a6c83\InputSystem\Plugins\UI\InputSystemUIInputModule.cs:731)
UnityEngine.InputSystem.UI.InputSystemUIInputModule:ProcessPointer(PointerModel&) (at .\Library\PackageCache\com.unity.inputsystem@21a28c3a6c83\InputSystem\Plugins\UI\InputSystemUIInputModule.cs:490)
UnityEngine.InputSystem.UI.InputSystemUIInputModule:Process() (at .\Library\PackageCache\com.unity.inputsystem@21a28c3a6c83\InputSystem\Plugins\UI\InputSystemUIInputModule.cs:2404)
UnityEngine.EventSystems.EventSystem:Update() (at .\Library\PackageCache\com.unity.ugui@4f9b15fd1386\Runtime\UGUI\EventSystem\EventSystem.cs:516)

(Filename: Assets/Scripts/UI/BuildMenuUI.cs Line: 62)

NullReferenceException: Object reference not set to an instance of an object
  at BuildMenuUI.Monster () [0x00015] in C:\Users\Kouta\Documents\Growing_Dungeon_UL\Assets\Scripts\UI\BuildMenuUI.cs:62 
  at UnityEngine.Events.InvokableCall.Invoke () [0x0000d] in <2d13e1d0272a48939db0df2b39041de1>:0 
  at UnityEngine.Events.UnityEvent.Invoke () [0x0001b] in <2d13e1d0272a48939db0df2b39041de1>:0 
  at UnityEngine.UI.Button.Press () [0x0001c] in .\Library\PackageCache\com.unity.ugui@4f9b15fd1386\Runtime\UGUI\UI\Core\Button.cs:71 
  at UnityEngine.UI.Button.OnPointerClick (UnityEngine.EventSystems.PointerEventData eventData) [0x00009] in .\Library\PackageCache\com.unity.ugui@4f9b15fd1386\Runtime\UGUI\UI\Core\Button.cs:115 
  at UnityEngine.EventSystems.ExecuteEvents.Execute (UnityEngine.EventSystems.IPointerClickHandler handler, UnityEngine.EventSystems.BaseEventData eventData) [0x00000] in .\Library\PackageCache\com.unity.ugui@4f9b15fd1386\Runtime\UGUI\EventSystem\ExecuteEvents.cs:57 
  at UnityEngine.EventSystems.ExecuteEvents.Execute[T] (UnityEngine.GameObject target, UnityEngine.EventSystems.BaseEventData eventData, UnityEngine.EventSystems.ExecuteEvents+EventFunction`1[T1] functor) [0x00067] in .\Library\PackageCache\com.unity.ugui@4f9b15fd1386\Runtime\UGUI\EventSystem\ExecuteEvents.cs:272 
UnityEngine.DebugLogHandler:Internal_LogException_Injected(Exception, IntPtr)
UnityEngine.DebugLogHandler:Internal_LogException(Exception, Object)
UnityEngine.DebugLogHandler:LogException(Exception, Object)
UnityEngine.Logger:LogException(Exception, Object)
UnityEngine.Debug:LogException(Exception)
UnityEngine.EventSystems.ExecuteEvents:Execute(GameObject, BaseEventData, EventFunction`1) (at .\Library\PackageCache\com.unity.ugui@4f9b15fd1386\Runtime\UGUI\EventSystem\ExecuteEvents.cs:276)
UnityEngine.InputSystem.UI.InputSystemUIInputModule:ProcessPointerButton(ButtonState&, PointerEventData) (at .\Library\PackageCache\com.unity.inputsystem@21a28c3a6c83\InputSystem\Plugins\UI\InputSystemUIInputModule.cs:731)
UnityEngine.InputSystem.UI.InputSystemUIInputModule:ProcessPointer(PointerModel&) (at .\Library\PackageCache\com.unity.inputsystem@21a28c3a6c83\InputSystem\Plugins\UI\InputSystemUIInputModule.cs:490)
UnityEngine.InputSystem.UI.InputSystemUIInputModule:Process() (at .\Library\PackageCache\com.unity.inputsystem@21a28c3a6c83\InputSystem\Plugins\UI\InputSystemUIInputModule.cs:2404)
UnityEngine.EventSystems.EventSystem:Update() (at .\Library\PackageCache\com.unity.ugui@4f9b15fd1386\Runtime\UGUI\EventSystem\EventSystem.cs:516)

(Filename: Assets/Scripts/UI/BuildMenuUI.cs Line: 62)

NullReferenceException: Object reference not set to an instance of an object
  at BuildMenuUI.Monster () [0x00015] in C:\Users\Kouta\Documents\Growing_Dungeon_UL\Assets\Scripts\UI\BuildMenuUI.cs:62 
  at UnityEngine.Events.InvokableCall.Invoke () [0x0000d] in <2d13e1d0272a48939db0df2b39041de1>:0 
  at UnityEngine.Events.UnityEvent.Invoke () [0x0001b] in <2d13e1d0272a48939db0df2b39041de1>:0 
  at UnityEngine.UI.Button.Press () [0x0001c] in .\Library\PackageCache\com.unity.ugui@4f9b15fd1386\Runtime\UGUI\UI\Core\Button.cs:71 
  at UnityEngine.UI.Button.OnPointerClick (UnityEngine.EventSystems.PointerEventData eventData) [0x00009] in .\Library\PackageCache\com.unity.ugui@4f9b15fd1386\Runtime\UGUI\UI\Core\Button.cs:115 
  at UnityEngine.EventSystems.ExecuteEvents.Execute (UnityEngine.EventSystems.IPointerClickHandler handler, UnityEngine.EventSystems.BaseEventData eventData) [0x00000] in .\Library\PackageCache\com.unity.ugui@4f9b15fd1386\Runtime\UGUI\EventSystem\ExecuteEvents.cs:57 
  at UnityEngine.EventSystems.ExecuteEvents.Execute[T] (UnityEngine.GameObject target, UnityEngine.EventSystems.BaseEventData eventData, UnityEngine.EventSystems.ExecuteEvents+EventFunction`1[T1] functor) [0x00067] in .\Library\PackageCache\com.unity.ugui@4f9b15fd1386\Runtime\UGUI\EventSystem\ExecuteEvents.cs:272 
UnityEngine.DebugLogHandler:Internal_LogException_Injected(Exception, IntPtr)
UnityEngine.DebugLogHandler:Internal_LogException(Exception, Object)
UnityEngine.DebugLogHandler:LogException(Exception, Object)
UnityEngine.Logger:LogException(Exception, Object)
UnityEngine.Debug:LogException(Exception)
UnityEngine.EventSystems.ExecuteEvents:Execute(GameObject, BaseEventData, EventFunction`1) (at .\Library\PackageCache\com.unity.ugui@4f9b15fd1386\Runtime\UGUI\EventSystem\ExecuteEvents.cs:276)
UnityEngine.InputSystem.UI.InputSystemUIInputModule:ProcessPointerButton(ButtonState&, PointerEventData) (at .\Library\PackageCache\com.unity.inputsystem@21a28c3a6c83\InputSystem\Plugins\UI\InputSystemUIInputModule.cs:731)
UnityEngine.InputSystem.UI.InputSystemUIInputModule:ProcessPointer(PointerModel&) (at .\Library\PackageCache\com.unity.inputsystem@21a28c3a6c83\InputSystem\Plugins\UI\InputSystemUIInputModule.cs:490)
UnityEngine.InputSystem.UI.InputSystemUIInputModule:Process() (at .\Library\PackageCache\com.unity.inputsystem@21a28c3a6c83\InputSystem\Plugins\UI\InputSystemUIInputModule.cs:2404)
UnityEngine.EventSystems.EventSystem:Update() (at .\Library\PackageCache\com.unity.ugui@4f9b15fd1386\Runtime\UGUI\EventSystem\EventSystem.cs:516)

(Filename: Assets/Scripts/UI/BuildMenuUI.cs Line: 62)

NullReferenceException: Object reference not set to an instance of an object
  at BuildMenuUI.Monster () [0x00015] in C:\Users\Kouta\Documents\Growing_Dungeon_UL\Assets\Scripts\UI\BuildMenuUI.cs:62 
  at UnityEngine.Events.InvokableCall.Invoke () [0x0000d] in <2d13e1d0272a48939db0df2b39041de1>:0 
  at UnityEngine.Events.UnityEvent.Invoke () [0x0001b] in <2d13e1d0272a48939db0df2b39041de1>:0 
  at UnityEngine.UI.Button.Press () [0x0001c] in .\Library\PackageCache\com.unity.ugui@4f9b15fd1386\Runtime\UGUI\UI\Core\Button.cs:71 
  at UnityEngine.UI.Button.OnPointerClick (UnityEngine.EventSystems.PointerEventData eventData) [0x00009] in .\Library\PackageCache\com.unity.ugui@4f9b15fd1386\Runtime\UGUI\UI\Core\Button.cs:115 
  at UnityEngine.EventSystems.ExecuteEvents.Execute (UnityEngine.EventSystems.IPointerClickHandler handler, UnityEngine.EventSystems.BaseEventData eventData) [0x00000] in .\Library\PackageCache\com.unity.ugui@4f9b15fd1386\Runtime\UGUI\EventSystem\ExecuteEvents.cs:57 
  at UnityEngine.EventSystems.ExecuteEvents.Execute[T] (UnityEngine.GameObject target, UnityEngine.EventSystems.BaseEventData eventData, UnityEngine.EventSystems.ExecuteEvents+EventFunction`1[T1] functor) [0x00067] in .\Library\PackageCache\com.unity.ugui@4f9b15fd1386\Runtime\UGUI\EventSystem\ExecuteEvents.cs:272 
UnityEngine.DebugLogHandler:Internal_LogException_Injected(Exception, IntPtr)
UnityEngine.DebugLogHandler:Internal_LogException(Exception, Object)
UnityEngine.DebugLogHandler:LogException(Exception, Object)
UnityEngine.Logger:LogException(Exception, Object)
UnityEngine.Debug:LogException(Exception)
UnityEngine.EventSystems.ExecuteEvents:Execute(GameObject, BaseEventData, EventFunction`1) (at .\Library\PackageCache\com.unity.ugui@4f9b15fd1386\Runtime\UGUI\EventSystem\ExecuteEvents.cs:276)
UnityEngine.InputSystem.UI.InputSystemUIInputModule:ProcessPointerButton(ButtonState&, PointerEventData) (at .\Library\PackageCache\com.unity.inputsystem@21a28c3a6c83\InputSystem\Plugins\UI\InputSystemUIInputModule.cs:731)
UnityEngine.InputSystem.UI.InputSystemUIInputModule:ProcessPointer(PointerModel&) (at .\Library\PackageCache\com.unity.inputsystem@21a28c3a6c83\InputSystem\Plugins\UI\InputSystemUIInputModule.cs:490)
UnityEngine.InputSystem.UI.InputSystemUIInputModule:Process() (at .\Library\PackageCache\com.unity.inputsystem@21a28c3a6c83\InputSystem\Plugins\UI\InputSystemUIInputModule.cs:2404)
UnityEngine.EventSystems.EventSystem:Update() (at .\Library\PackageCache\com.unity.ugui@4f9b15fd1386\Runtime\UGUI\EventSystem\EventSystem.cs:516)

(Filename: Assets/Scripts/UI/BuildMenuUI.cs Line: 62)

NullReferenceException: Object reference not set to an instance of an object
  at BuildMenuUI.Monster () [0x00015] in C:\Users\Kouta\Documents\Growing_Dungeon_UL\Assets\Scripts\UI\BuildMenuUI.cs:62 
  at UnityEngine.Events.InvokableCall.Invoke () [0x0000d] in <2d13e1d0272a48939db0df2b39041de1>:0 
  at UnityEngine.Events.UnityEvent.Invoke () [0x0001b] in <2d13e1d0272a48939db0df2b39041de1>:0 
  at UnityEngine.UI.Button.Press () [0x0001c] in .\Library\PackageCache\com.unity.ugui@4f9b15fd1386\Runtime\UGUI\UI\Core\Button.cs:71 
  at UnityEngine.UI.Button.OnPointerClick (UnityEngine.EventSystems.PointerEventData eventData) [0x00009] in .\Library\PackageCache\com.unity.ugui@4f9b15fd1386\Runtime\UGUI\UI\Core\Button.cs:115 
  at UnityEngine.EventSystems.ExecuteEvents.Execute (UnityEngine.EventSystems.IPointerClickHandler handler, UnityEngine.EventSystems.BaseEventData eventData) [0x00000] in .\Library\PackageCache\com.unity.ugui@4f9b15fd1386\Runtime\UGUI\EventSystem\ExecuteEvents.cs:57 
  at UnityEngine.EventSystems.ExecuteEvents.Execute[T] (UnityEngine.GameObject target, UnityEngine.EventSystems.BaseEventData eventData, UnityEngine.EventSystems.ExecuteEvents+EventFunction`1[T1] functor) [0x00067] in .\Library\PackageCache\com.unity.ugui@4f9b15fd1386\Runtime\UGUI\EventSystem\ExecuteEvents.cs:272 
UnityEngine.DebugLogHandler:Internal_LogException_Injected(Exception, IntPtr)
UnityEngine.DebugLogHandler:Internal_LogException(Exception, Object)
UnityEngine.DebugLogHandler:LogException(Exception, Object)
UnityEngine.Logger:LogException(Exception, Object)
UnityEngine.Debug:LogException(Exception)
UnityEngine.EventSystems.ExecuteEvents:Execute(GameObject, BaseEventData, EventFunction`1) (at .\Library\PackageCache\com.unity.ugui@4f9b15fd1386\Runtime\UGUI\EventSystem\ExecuteEvents.cs:276)
UnityEngine.InputSystem.UI.InputSystemUIInputModule:ProcessPointerButton(ButtonState&, PointerEventData) (at .\Library\PackageCache\com.unity.inputsystem@21a28c3a6c83\InputSystem\Plugins\UI\InputSystemUIInputModule.cs:731)
UnityEngine.InputSystem.UI.InputSystemUIInputModule:ProcessPointer(PointerModel&) (at .\Library\PackageCache\com.unity.inputsystem@21a28c3a6c83\InputSystem\Plugins\UI\InputSystemUIInputModule.cs:490)
UnityEngine.InputSystem.UI.InputSystemUIInputModule:Process() (at .\Library\PackageCache\com.unity.inputsystem@21a28c3a6c83\InputSystem\Plugins\UI\InputSystemUIInputModule.cs:2404)
UnityEngine.EventSystems.EventSystem:Update() (at .\Library\PackageCache\com.unity.ugui@4f9b15fd1386\Runtime\UGUI\EventSystem\EventSystem.cs:516)

(Filename: Assets/Scripts/UI/BuildMenuUI.cs Line: 62)

Unloading 2 Unused Serialized files (Serialized files now loaded: 0)
Unloading 72 unused Assets / (20.6 KB). Loaded Objects now: 10780.
Memory consumption went from 0.66 GB to 0.66 GB.
Total: 9.077200 ms (FindLiveObjects: 0.651900 ms CreateObjectMapping: 0.567700 ms MarkObjects: 7.739000 ms  DeleteObjects: 0.118000 ms)

NullReferenceException: Object reference not set to an instance of an object
  at BuildMenuUI.Monster () [0x00015] in C:\Users\Kouta\Documents\Growing_Dungeon_UL\Assets\Scripts\UI\BuildMenuUI.cs:62 
  at UnityEngine.Events.InvokableCall.Invoke () [0x0000d] in <2d13e1d0272a48939db0df2b39041de1>:0 
  at UnityEngine.Events.UnityEvent.Invoke () [0x0001b] in <2d13e1d0272a48939db0df2b39041de1>:0 
  at UnityEngine.UI.Button.Press () [0x0001c] in .\Library\PackageCache\com.unity.ugui@4f9b15fd1386\Runtime\UGUI\UI\Core\Button.cs:71 
  at UnityEngine.UI.Button.OnPointerClick (UnityEngine.EventSystems.PointerEventData eventData) [0x00009] in .\Library\PackageCache\com.unity.ugui@4f9b15fd1386\Runtime\UGUI\UI\Core\Button.cs:115 
  at UnityEngine.EventSystems.ExecuteEvents.Execute (UnityEngine.EventSystems.IPointerClickHandler handler, UnityEngine.EventSystems.BaseEventData eventData) [0x00000] in .\Library\PackageCache\com.unity.ugui@4f9b15fd1386\Runtime\UGUI\EventSystem\ExecuteEvents.cs:57 
  at UnityEngine.EventSystems.ExecuteEvents.Execute[T] (UnityEngine.GameObject target, UnityEngine.EventSystems.BaseEventData eventData, UnityEngine.EventSystems.ExecuteEvents+EventFunction`1[T1] functor) [0x00067] in .\Library\PackageCache\com.unity.ugui@4f9b15fd1386\Runtime\UGUI\EventSystem\ExecuteEvents.cs:272 
UnityEngine.DebugLogHandler:Internal_LogException_Injected(Exception, IntPtr)
UnityEngine.DebugLogHandler:Internal_LogException(Exception, Object)
UnityEngine.DebugLogHandler:LogException(Exception, Object)
UnityEngine.Logger:LogException(Exception, Object)
UnityEngine.Debug:LogException(Exception)
UnityEngine.EventSystems.ExecuteEvents:Execute(GameObject, BaseEventData, EventFunction`1) (at .\Library\PackageCache\com.unity.ugui@4f9b15fd1386\Runtime\UGUI\EventSystem\ExecuteEvents.cs:276)
UnityEngine.InputSystem.UI.InputSystemUIInputModule:ProcessPointerButton(ButtonState&, PointerEventData) (at .\Library\PackageCache\com.unity.inputsystem@21a28c3a6c83\InputSystem\Plugins\UI\InputSystemUIInputModule.cs:731)
UnityEngine.InputSystem.UI.InputSystemUIInputModule:ProcessPointer(PointerModel&) (at .\Library\PackageCache\com.unity.inputsystem@21a28c3a6c83\InputSystem\Plugins\UI\InputSystemUIInputModule.cs:490)
UnityEngine.InputSystem.UI.InputSystemUIInputModule:Process() (at .\Library\PackageCache\com.unity.inputsystem@21a28c3a6c83\InputSystem\Plugins\UI\InputSystemUIInputModule.cs:2404)
UnityEngine.EventSystems.EventSystem:Update() (at .\Library\PackageCache\com.unity.ugui@4f9b15fd1386\Runtime\UGUI\EventSystem\EventSystem.cs:516)

(Filename: Assets/Scripts/UI/BuildMenuUI.cs Line: 62)

NullReferenceException: Object reference not set to an instance of an object
  at BuildMenuUI.Monster () [0x00015] in C:\Users\Kouta\Documents\Growing_Dungeon_UL\Assets\Scripts\UI\BuildMenuUI.cs:62 
  at UnityEngine.Events.InvokableCall.Invoke () [0x0000d] in <2d13e1d0272a48939db0df2b39041de1>:0 
  at UnityEngine.Events.UnityEvent.Invoke () [0x0001b] in <2d13e1d0272a48939db0df2b39041de1>:0 
  at UnityEngine.UI.Button.Press () [0x0001c] in .\Library\PackageCache\com.unity.ugui@4f9b15fd1386\Runtime\UGUI\UI\Core\Button.cs:71 
  at UnityEngine.UI.Button.OnPointerClick (UnityEngine.EventSystems.PointerEventData eventData) [0x00009] in .\Library\PackageCache\com.unity.ugui@4f9b15fd1386\Runtime\UGUI\UI\Core\Button.cs:115 
  at UnityEngine.EventSystems.ExecuteEvents.Execute (UnityEngine.EventSystems.IPointerClickHandler handler, UnityEngine.EventSystems.BaseEventData eventData) [0x00000] in .\Library\PackageCache\com.unity.ugui@4f9b15fd1386\Runtime\UGUI\EventSystem\ExecuteEvents.cs:57 
  at UnityEngine.EventSystems.ExecuteEvents.Execute[T] (UnityEngine.GameObject target, UnityEngine.EventSystems.BaseEventData eventData, UnityEngine.EventSystems.ExecuteEvents+EventFunction`1[T1] functor) [0x00067] in .\Library\PackageCache\com.unity.ugui@4f9b15fd1386\Runtime\UGUI\EventSystem\ExecuteEvents.cs:272 
UnityEngine.DebugLogHandler:Internal_LogException_Injected(Exception, IntPtr)
UnityEngine.DebugLogHandler:Internal_LogException(Exception, Object)
UnityEngine.DebugLogHandler:LogException(Exception, Object)
UnityEngine.Logger:LogException(Exception, Object)
UnityEngine.Debug:LogException(Exception)
UnityEngine.EventSystems.ExecuteEvents:Execute(GameObject, BaseEventData, EventFunction`1) (at .\Library\PackageCache\com.unity.ugui@4f9b15fd1386\Runtime\UGUI\EventSystem\ExecuteEvents.cs:276)
UnityEngine.InputSystem.UI.InputSystemUIInputModule:ProcessPointerButton(ButtonState&, PointerEventData) (at .\Library\PackageCache\com.unity.inputsystem@21a28c3a6c83\InputSystem\Plugins\UI\InputSystemUIInputModule.cs:731)
UnityEngine.InputSystem.UI.InputSystemUIInputModule:ProcessPointer(PointerModel&) (at .\Library\PackageCache\com.unity.inputsystem@21a28c3a6c83\InputSystem\Plugins\UI\InputSystemUIInputModule.cs:490)
UnityEngine.InputSystem.UI.InputSystemUIInputModule:Process() (at .\Library\PackageCache\com.unity.inputsystem@21a28c3a6c83\InputSystem\Plugins\UI\InputSystemUIInputModule.cs:2404)
UnityEngine.EventSystems.EventSystem:Update() (at .\Library\PackageCache\com.unity.ugui@4f9b15fd1386\Runtime\UGUI\EventSystem\EventSystem.cs:516)

(Filename: Assets/Scripts/UI/BuildMenuUI.cs Line: 62)

NullReferenceException: Object reference not set to an instance of an object
  at BuildMenuUI.Monster () [0x00015] in C:\Users\Kouta\Documents\Growing_Dungeon_UL\Assets\Scripts\UI\BuildMenuUI.cs:62 
  at UnityEngine.Events.InvokableCall.Invoke () [0x0000d] in <2d13e1d0272a48939db0df2b39041de1>:0 
  at UnityEngine.Events.UnityEvent.Invoke () [0x0001b] in <2d13e1d0272a48939db0df2b39041de1>:0 
  at UnityEngine.UI.Button.Press () [0x0001c] in .\Library\PackageCache\com.unity.ugui@4f9b15fd1386\Runtime\UGUI\UI\Core\Button.cs:71 
  at UnityEngine.UI.Button.OnPointerClick (UnityEngine.EventSystems.PointerEventData eventData) [0x00009] in .\Library\PackageCache\com.unity.ugui@4f9b15fd1386\Runtime\UGUI\UI\Core\Button.cs:115 
  at UnityEngine.EventSystems.ExecuteEvents.Execute (UnityEngine.EventSystems.IPointerClickHandler handler, UnityEngine.EventSystems.BaseEventData eventData) [0x00000] in .\Library\PackageCache\com.unity.ugui@4f9b15fd1386\Runtime\UGUI\EventSystem\ExecuteEvents.cs:57 
  at UnityEngine.EventSystems.ExecuteEvents.Execute[T] (UnityEngine.GameObject target, UnityEngine.EventSystems.BaseEventData eventData, UnityEngine.EventSystems.ExecuteEvents+EventFunction`1[T1] functor) [0x00067] in .\Library\PackageCache\com.unity.ugui@4f9b15fd1386\Runtime\UGUI\EventSystem\ExecuteEvents.cs:272 
UnityEngine.DebugLogHandler:Internal_LogException_Injected(Exception, IntPtr)
UnityEngine.DebugLogHandler:Internal_LogException(Exception, Object)
UnityEngine.DebugLogHandler:LogException(Exception, Object)
UnityEngine.Logger:LogException(Exception, Object)
UnityEngine.Debug:LogException(Exception)
UnityEngine.EventSystems.ExecuteEvents:Execute(GameObject, BaseEventData, EventFunction`1) (at .\Library\PackageCache\com.unity.ugui@4f9b15fd1386\Runtime\UGUI\EventSystem\ExecuteEvents.cs:276)
UnityEngine.InputSystem.UI.InputSystemUIInputModule:ProcessPointerButton(ButtonState&, PointerEventData) (at .\Library\PackageCache\com.unity.inputsystem@21a28c3a6c83\InputSystem\Plugins\UI\InputSystemUIInputModule.cs:731)
UnityEngine.InputSystem.UI.InputSystemUIInputModule:ProcessPointer(PointerModel&) (at .\Library\PackageCache\com.unity.inputsystem@21a28c3a6c83\InputSystem\Plugins\UI\InputSystemUIInputModule.cs:490)
UnityEngine.InputSystem.UI.InputSystemUIInputModule:Process() (at .\Library\PackageCache\com.unity.inputsystem@21a28c3a6c83\InputSystem\Plugins\UI\InputSystemUIInputModule.cs:2404)
UnityEngine.EventSystems.EventSystem:Update() (at .\Library\PackageCache\com.unity.ugui@4f9b15fd1386\Runtime\UGUI\EventSystem\EventSystem.cs:516)

(Filename: Assets/Scripts/UI/BuildMenuUI.cs Line: 62)

NullReferenceException: Object reference not set to an instance of an object
  at BuildMenuUI.Monster () [0x00015] in C:\Users\Kouta\Documents\Growing_Dungeon_UL\Assets\Scripts\UI\BuildMenuUI.cs:62 
  at UnityEngine.Events.InvokableCall.Invoke () [0x0000d] in <2d13e1d0272a48939db0df2b39041de1>:0 
  at UnityEngine.Events.UnityEvent.Invoke () [0x0001b] in <2d13e1d0272a48939db0df2b39041de1>:0 
  at UnityEngine.UI.Button.Press () [0x0001c] in .\Library\PackageCache\com.unity.ugui@4f9b15fd1386\Runtime\UGUI\UI\Core\Button.cs:71 
  at UnityEngine.UI.Button.OnPointerClick (UnityEngine.EventSystems.PointerEventData eventData) [0x00009] in .\Library\PackageCache\com.unity.ugui@4f9b15fd1386\Runtime\UGUI\UI\Core\Button.cs:115 
  at UnityEngine.EventSystems.ExecuteEvents.Execute (UnityEngine.EventSystems.IPointerClickHandler handler, UnityEngine.EventSystems.BaseEventData eventData) [0x00000] in .\Library\PackageCache\com.unity.ugui@4f9b15fd1386\Runtime\UGUI\EventSystem\ExecuteEvents.cs:57 
  at UnityEngine.EventSystems.ExecuteEvents.Execute[T] (UnityEngine.GameObject target, UnityEngine.EventSystems.BaseEventData eventData, UnityEngine.EventSystems.ExecuteEvents+EventFunction`1[T1] functor) [0x00067] in .\Library\PackageCache\com.unity.ugui@4f9b15fd1386\Runtime\UGUI\EventSystem\ExecuteEvents.cs:272 
UnityEngine.DebugLogHandler:Internal_LogException_Injected(Exception, IntPtr)
UnityEngine.DebugLogHandler:Internal_LogException(Exception, Object)
UnityEngine.DebugLogHandler:LogException(Exception, Object)
UnityEngine.Logger:LogException(Exception, Object)
UnityEngine.Debug:LogException(Exception)
UnityEngine.EventSystems.ExecuteEvents:Execute(GameObject, BaseEventData, EventFunction`1) (at .\Library\PackageCache\com.unity.ugui@4f9b15fd1386\Runtime\UGUI\EventSystem\ExecuteEvents.cs:276)
UnityEngine.InputSystem.UI.InputSystemUIInputModule:ProcessPointerButton(ButtonState&, PointerEventData) (at .\Library\PackageCache\com.unity.inputsystem@21a28c3a6c83\InputSystem\Plugins\UI\InputSystemUIInputModule.cs:731)
UnityEngine.InputSystem.UI.InputSystemUIInputModule:ProcessPointer(PointerModel&) (at .\Library\PackageCache\com.unity.inputsystem@21a28c3a6c83\InputSystem\Plugins\UI\InputSystemUIInputModule.cs:490)
UnityEngine.InputSystem.UI.InputSystemUIInputModule:Process() (at .\Library\PackageCache\com.unity.inputsystem@21a28c3a6c83\InputSystem\Plugins\UI\InputSystemUIInputModule.cs:2404)
UnityEngine.EventSystems.EventSystem:Update() (at .\Library\PackageCache\com.unity.ugui@4f9b15fd1386\Runtime\UGUI\EventSystem\EventSystem.cs:516)

(Filename: Assets/Scripts/UI/BuildMenuUI.cs Line: 62)

NullReferenceException: Object reference not set to an instance of an object
  at BuildMenuUI.Monster () [0x00015] in C:\Users\Kouta\Documents\Growing_Dungeon_UL\Assets\Scripts\UI\BuildMenuUI.cs:62 
  at UnityEngine.Events.InvokableCall.Invoke () [0x0000d] in <2d13e1d0272a48939db0df2b39041de1>:0 
  at UnityEngine.Events.UnityEvent.Invoke () [0x0001b] in <2d13e1d0272a48939db0df2b39041de1>:0 
  at UnityEngine.UI.Button.Press () [0x0001c] in .\Library\PackageCache\com.unity.ugui@4f9b15fd1386\Runtime\UGUI\UI\Core\Button.cs:71 
  at UnityEngine.UI.Button.OnPointerClick (UnityEngine.EventSystems.PointerEventData eventData) [0x00009] in .\Library\PackageCache\com.unity.ugui@4f9b15fd1386\Runtime\UGUI\UI\Core\Button.cs:115 
  at UnityEngine.EventSystems.ExecuteEvents.Execute (UnityEngine.EventSystems.IPointerClickHandler handler, UnityEngine.EventSystems.BaseEventData eventData) [0x00000] in .\Library\PackageCache\com.unity.ugui@4f9b15fd1386\Runtime\UGUI\EventSystem\ExecuteEvents.cs:57 
  at UnityEngine.EventSystems.ExecuteEvents.Execute[T] (UnityEngine.GameObject target, UnityEngine.EventSystems.BaseEventData eventData, UnityEngine.EventSystems.ExecuteEvents+EventFunction`1[T1] functor) [0x00067] in .\Library\PackageCache\com.unity.ugui@4f9b15fd1386\Runtime\UGUI\EventSystem\ExecuteEvents.cs:272 
UnityEngine.DebugLogHandler:Internal_LogException_Injected(Exception, IntPtr)
UnityEngine.DebugLogHandler:Internal_LogException(Exception, Object)
UnityEngine.DebugLogHandler:LogException(Exception, Object)
UnityEngine.Logger:LogException(Exception, Object)
UnityEngine.Debug:LogException(Exception)
UnityEngine.EventSystems.ExecuteEvents:Execute(GameObject, BaseEventData, EventFunction`1) (at .\Library\PackageCache\com.unity.ugui@4f9b15fd1386\Runtime\UGUI\EventSystem\ExecuteEvents.cs:276)
UnityEngine.InputSystem.UI.InputSystemUIInputModule:ProcessPointerButton(ButtonState&, PointerEventData) (at .\Library\PackageCache\com.unity.inputsystem@21a28c3a6c83\InputSystem\Plugins\UI\InputSystemUIInputModule.cs:731)
UnityEngine.InputSystem.UI.InputSystemUIInputModule:ProcessPointer(PointerModel&) (at .\Library\PackageCache\com.unity.inputsystem@21a28c3a6c83\InputSystem\Plugins\UI\InputSystemUIInputModule.cs:490)
UnityEngine.InputSystem.UI.InputSystemUIInputModule:Process() (at .\Library\PackageCache\com.unity.inputsystem@21a28c3a6c83\InputSystem\Plugins\UI\InputSystemUIInputModule.cs:2404)
UnityEngine.EventSystems.EventSystem:Update() (at .\Library\PackageCache\com.unity.ugui@4f9b15fd1386\Runtime\UGUI\EventSystem\EventSystem.cs:516)

(Filename: Assets/Scripts/UI/BuildMenuUI.cs Line: 62)

NullReferenceException: Object reference not set to an instance of an object
  at BuildMenuUI.Monster () [0x00015] in C:\Users\Kouta\Documents\Growing_Dungeon_UL\Assets\Scripts\UI\BuildMenuUI.cs:62 
  at UnityEngine.Events.InvokableCall.Invoke () [0x0000d] in <2d13e1d0272a48939db0df2b39041de1>:0 
  at UnityEngine.Events.UnityEvent.Invoke () [0x0001b] in <2d13e1d0272a48939db0df2b39041de1>:0 
  at UnityEngine.UI.Button.Press () [0x0001c] in .\Library\PackageCache\com.unity.ugui@4f9b15fd1386\Runtime\UGUI\UI\Core\Button.cs:71 
  at UnityEngine.UI.Button.OnPointerClick (UnityEngine.EventSystems.PointerEventData eventData) [0x00009] in .\Library\PackageCache\com.unity.ugui@4f9b15fd1386\Runtime\UGUI\UI\Core\Button.cs:115 
  at UnityEngine.EventSystems.ExecuteEvents.Execute (UnityEngine.EventSystems.IPointerClickHandler handler, UnityEngine.EventSystems.BaseEventData eventData) [0x00000] in .\Library\PackageCache\com.unity.ugui@4f9b15fd1386\Runtime\UGUI\EventSystem\ExecuteEvents.cs:57 
  at UnityEngine.EventSystems.ExecuteEvents.Execute[T] (UnityEngine.GameObject target, UnityEngine.EventSystems.BaseEventData eventData, UnityEngine.EventSystems.ExecuteEvents+EventFunction`1[T1] functor) [0x00067] in .\Library\PackageCache\com.unity.ugui@4f9b15fd1386\Runtime\UGUI\EventSystem\ExecuteEvents.cs:272 
UnityEngine.DebugLogHandler:Internal_LogException_Injected(Exception, IntPtr)
UnityEngine.DebugLogHandler:Internal_LogException(Exception, Object)
UnityEngine.DebugLogHandler:LogException(Exception, Object)
UnityEngine.Logger:LogException(Exception, Object)
UnityEngine.Debug:LogException(Exception)
UnityEngine.EventSystems.ExecuteEvents:Execute(GameObject, BaseEventData, EventFunction`1) (at .\Library\PackageCache\com.unity.ugui@4f9b15fd1386\Runtime\UGUI\EventSystem\ExecuteEvents.cs:276)
UnityEngine.InputSystem.UI.InputSystemUIInputModule:ProcessPointerButton(ButtonState&, PointerEventData) (at .\Library\PackageCache\com.unity.inputsystem@21a28c3a6c83\InputSystem\Plugins\UI\InputSystemUIInputModule.cs:731)
UnityEngine.InputSystem.UI.InputSystemUIInputModule:ProcessPointer(PointerModel&) (at .\Library\PackageCache\com.unity.inputsystem@21a28c3a6c83\InputSystem\Plugins\UI\InputSystemUIInputModule.cs:490)
UnityEngine.InputSystem.UI.InputSystemUIInputModule:Process() (at .\Library\PackageCache\com.unity.inputsystem@21a28c3a6c83\InputSystem\Plugins\UI\InputSystemUIInputModule.cs:2404)
UnityEngine.EventSystems.EventSystem:Update() (at .\Library\PackageCache\com.unity.ugui@4f9b15fd1386\Runtime\UGUI\EventSystem\EventSystem.cs:516)

(Filename: Assets/Scripts/UI/BuildMenuUI.cs Line: 62)

【戦闘フェーズ】敵の攻撃開始！
UnityEngine.Debug:ExtractStackTraceNoAlloc (byte*,int,string)
UnityEngine.StackTraceUtility:ExtractStackTrace ()
UnityEngine.DebugLogHandler:Internal_Log (UnityEngine.LogType,UnityEngine.LogOption,string,UnityEngine.Object)
UnityEngine.DebugLogHandler:LogFormat (UnityEngine.LogType,UnityEngine.Object,string,object[])
UnityEngine.Logger:Log (UnityEngine.LogType,object)
UnityEngine.Debug:Log (object)
GameManager:SetBattlePhase () (at Assets/Scripts/Managers/GameManager.cs:59)
BuildMenuUI:ToggleReady () (at Assets/Scripts/UI/BuildMenuUI.cs:94)
UnityEngine.Events.InvokableCall:Invoke ()
UnityEngine.Events.UnityEvent:Invoke ()
UnityEngine.UI.Button:Press () (at ./Library/PackageCache/com.unity.ugui@4f9b15fd1386/Runtime/UGUI/UI/Core/Button.cs:71)
UnityEngine.UI.Button:OnPointerClick (UnityEngine.EventSystems.PointerEventData) (at ./Library/PackageCache/com.unity.ugui@4f9b15fd1386/Runtime/UGUI/UI/Core/Button.cs:115)
UnityEngine.EventSystems.ExecuteEvents:Execute (UnityEngine.EventSystems.IPointerClickHandler,UnityEngine.EventSystems.BaseEventData) (at ./Library/PackageCache/com.unity.ugui@4f9b15fd1386/Runtime/UGUI/EventSystem/ExecuteEvents.cs:57)
UnityEngine.EventSystems.ExecuteEvents:Execute<UnityEngine.EventSystems.IPointerClickHandler> (UnityEngine.GameObject,UnityEngine.EventSystems.BaseEventData,UnityEngine.EventSystems.ExecuteEvents/EventFunction`1<UnityEngine.EventSystems.IPointerClickHandler>) (at ./Library/PackageCache/com.unity.ugui@4f9b15fd1386/Runtime/UGUI/EventSystem/ExecuteEvents.cs:272)
UnityEngine.InputSystem.UI.InputSystemUIInputModule:ProcessPointerButton (UnityEngine.InputSystem.UI.PointerModel/ButtonState&,UnityEngine.EventSystems.PointerEventData) (at ./Library/PackageCache/com.unity.inputsystem@21a28c3a6c83/InputSystem/Plugins/UI/InputSystemUIInputModule.cs:731)
UnityEngine.InputSystem.UI.InputSystemUIInputModule:ProcessPointer (UnityEngine.InputSystem.UI.PointerModel&) (at ./Library/PackageCache/com.unity.inputsystem@21a28c3a6c83/InputSystem/Plugins/UI/InputSystemUIInputModule.cs:490)
UnityEngine.InputSystem.UI.InputSystemUIInputModule:Process () (at ./Library/PackageCache/com.unity.inputsystem@21a28c3a6c83/InputSystem/Plugins/UI/InputSystemUIInputModule.cs:2404)
UnityEngine.EventSystems.EventSystem:Update () (at ./Library/PackageCache/com.unity.ugui@4f9b15fd1386/Runtime/UGUI/EventSystem/EventSystem.cs:516)

(Filename: Assets/Scripts/Managers/GameManager.cs Line: 59)

<color=cyan>=== Wave1 (Wave 1/2) 戦闘開始！ ===</color>
UnityEngine.Debug:ExtractStackTraceNoAlloc (byte*,int,string)
UnityEngine.StackTraceUtility:ExtractStackTrace ()
UnityEngine.DebugLogHandler:Internal_Log (UnityEngine.LogType,UnityEngine.LogOption,string,UnityEngine.Object)
UnityEngine.DebugLogHandler:LogFormat (UnityEngine.LogType,UnityEngine.Object,string,object[])
UnityEngine.Logger:Log (UnityEngine.LogType,object)
UnityEngine.Debug:Log (object)
WaveManager/<RunWaveSequence>d__16:MoveNext () (at Assets/Scripts/Managers/WaveManager.cs:132)
UnityEngine.SetupCoroutine:InvokeMoveNext (System.Collections.IEnumerator,intptr)
UnityEngine.MonoBehaviour:StartCoroutineManaged2 (System.Collections.IEnumerator)
UnityEngine.MonoBehaviour:StartCoroutine (System.Collections.IEnumerator)
WaveManager:StartNextWave () (at Assets/Scripts/Managers/WaveManager.cs:115)
GameManager:SetBattlePhase () (at Assets/Scripts/Managers/GameManager.cs:76)
BuildMenuUI:ToggleReady () (at Assets/Scripts/UI/BuildMenuUI.cs:94)
UnityEngine.Events.InvokableCall:Invoke ()
UnityEngine.Events.UnityEvent:Invoke ()
UnityEngine.UI.Button:Press () (at ./Library/PackageCache/com.unity.ugui@4f9b15fd1386/Runtime/UGUI/UI/Core/Button.cs:71)
UnityEngine.UI.Button:OnPointerClick (UnityEngine.EventSystems.PointerEventData) (at ./Library/PackageCache/com.unity.ugui@4f9b15fd1386/Runtime/UGUI/UI/Core/Button.cs:115)
UnityEngine.EventSystems.ExecuteEvents:Execute (UnityEngine.EventSystems.IPointerClickHandler,UnityEngine.EventSystems.BaseEventData) (at ./Library/PackageCache/com.unity.ugui@4f9b15fd1386/Runtime/UGUI/EventSystem/ExecuteEvents.cs:57)
UnityEngine.EventSystems.ExecuteEvents:Execute<UnityEngine.EventSystems.IPointerClickHandler> (UnityEngine.GameObject,UnityEngine.EventSystems.BaseEventData,UnityEngine.EventSystems.ExecuteEvents/EventFunction`1<UnityEngine.EventSystems.IPointerClickHandler>) (at ./Library/PackageCache/com.unity.ugui@4f9b15fd1386/Runtime/UGUI/EventSystem/ExecuteEvents.cs:272)
UnityEngine.InputSystem.UI.InputSystemUIInputModule:ProcessPointerButton (UnityEngine.InputSystem.UI.PointerModel/ButtonState&,UnityEngine.EventSystems.PointerEventData) (at ./Library/PackageCache/com.unity.inputsystem@21a28c3a6c83/InputSystem/Plugins/UI/InputSystemUIInputModule.cs:731)
UnityEngine.InputSystem.UI.InputSystemUIInputModule:ProcessPointer (UnityEngine.InputSystem.UI.PointerModel&) (at ./Library/PackageCache/com.unity.inputsystem@21a28c3a6c83/InputSystem/Plugins/UI/InputSystemUIInputModule.cs:490)
UnityEngine.InputSystem.UI.InputSystemUIInputModule:Process () (at ./Library/PackageCache/com.unity.inputsystem@21a28c3a6c83/InputSystem/Plugins/UI/InputSystemUIInputModule.cs:2404)
UnityEngine.EventSystems.EventSystem:Update () (at ./Library/PackageCache/com.unity.ugui@4f9b15fd1386/Runtime/UGUI/EventSystem/EventSystem.cs:516)

(Filename: Assets/Scripts/Managers/WaveManager.cs Line: 132)

[Enemy_A_Iron(Clone)] アイアン ステータス初期化完了 (HP:100, Speed:3.5)
UnityEngine.Debug:ExtractStackTraceNoAlloc (byte*,int,string)
UnityEngine.StackTraceUtility:ExtractStackTrace ()
UnityEngine.DebugLogHandler:Internal_Log (UnityEngine.LogType,UnityEngine.LogOption,string,UnityEngine.Object)
UnityEngine.DebugLogHandler:LogFormat (UnityEngine.LogType,UnityEngine.Object,string,object[])
UnityEngine.Logger:Log (UnityEngine.LogType,object)
UnityEngine.Debug:Log (object)
IntruderNavMesh:InitializeStatus (AdventurerData/Rank) (at Assets/Scripts/Enemy/instruderNavMesh.cs:61)
EnemySpawner:SpawnEnemyByRank (AdventurerData/Rank) (at Assets/Scripts/Managers/EnemySpawner..cs:66)
WaveManager/<RunWaveSequence>d__16:MoveNext () (at Assets/Scripts/Managers/WaveManager.cs:146)
UnityEngine.SetupCoroutine:InvokeMoveNext (System.Collections.IEnumerator,intptr)
UnityEngine.MonoBehaviour:StartCoroutineManaged2 (System.Collections.IEnumerator)
UnityEngine.MonoBehaviour:StartCoroutine (System.Collections.IEnumerator)
WaveManager:StartNextWave () (at Assets/Scripts/Managers/WaveManager.cs:115)
GameManager:SetBattlePhase () (at Assets/Scripts/Managers/GameManager.cs:76)
BuildMenuUI:ToggleReady () (at Assets/Scripts/UI/BuildMenuUI.cs:94)
UnityEngine.Events.InvokableCall:Invoke ()
UnityEngine.Events.UnityEvent:Invoke ()
UnityEngine.UI.Button:Press () (at ./Library/PackageCache/com.unity.ugui@4f9b15fd1386/Runtime/UGUI/UI/Core/Button.cs:71)
UnityEngine.UI.Button:OnPointerClick (UnityEngine.EventSystems.PointerEventData) (at ./Library/PackageCache/com.unity.ugui@4f9b15fd1386/Runtime/UGUI/UI/Core/Button.cs:115)
UnityEngine.EventSystems.ExecuteEvents:Execute (UnityEngine.EventSystems.IPointerClickHandler,UnityEngine.EventSystems.BaseEventData) (at ./Library/PackageCache/com.unity.ugui@4f9b15fd1386/Runtime/UGUI/EventSystem/ExecuteEvents.cs:57)
UnityEngine.EventSystems.ExecuteEvents:Execute<UnityEngine.EventSystems.IPointerClickHandler> (UnityEngine.GameObject,UnityEngine.EventSystems.BaseEventData,UnityEngine.EventSystems.ExecuteEvents/EventFunction`1<UnityEngine.EventSystems.IPointerClickHandler>) (at ./Library/PackageCache/com.unity.ugui@4f9b15fd1386/Runtime/UGUI/EventSystem/ExecuteEvents.cs:272)
UnityEngine.InputSystem.UI.InputSystemUIInputModule:ProcessPointerButton (UnityEngine.InputSystem.UI.PointerModel/ButtonState&,UnityEngine.EventSystems.PointerEventData) (at ./Library/PackageCache/com.unity.inputsystem@21a28c3a6c83/InputSystem/Plugins/UI/InputSystemUIInputModule.cs:731)
UnityEngine.InputSystem.UI.InputSystemUIInputModule:ProcessPointer (UnityEngine.InputSystem.UI.PointerModel&) (at ./Library/PackageCache/com.unity.inputsystem@21a28c3a6c83/InputSystem/Plugins/UI/InputSystemUIInputModule.cs:490)
UnityEngine.InputSystem.UI.InputSystemUIInputModule:Process () (at ./Library/PackageCache/com.unity.inputsystem@21a28c3a6c83/InputSystem/Plugins/UI/InputSystemUIInputModule.cs:2404)
UnityEngine.EventSystems.EventSystem:Update () (at ./Library/PackageCache/com.unity.ugui@4f9b15fd1386/Runtime/UGUI/EventSystem/EventSystem.cs:516)

(Filename: Assets/Scripts/Enemy/instruderNavMesh.cs Line: 61)

[Enemy_A_Iron(Clone)] アイアン ステータス初期化完了 (HP:100, Speed:3.5)
UnityEngine.Debug:ExtractStackTraceNoAlloc (byte*,int,string)
UnityEngine.StackTraceUtility:ExtractStackTrace ()
UnityEngine.DebugLogHandler:Internal_Log (UnityEngine.LogType,UnityEngine.LogOption,string,UnityEngine.Object)
UnityEngine.DebugLogHandler:LogFormat (UnityEngine.LogType,UnityEngine.Object,string,object[])
UnityEngine.Logger:Log (UnityEngine.LogType,object)
UnityEngine.Debug:Log (object)
IntruderNavMesh:InitializeStatus (AdventurerData/Rank) (at Assets/Scripts/Enemy/instruderNavMesh.cs:61)
EnemySpawner:SpawnEnemyByRank (AdventurerData/Rank) (at Assets/Scripts/Managers/EnemySpawner..cs:66)
WaveManager/<RunWaveSequence>d__16:MoveNext () (at Assets/Scripts/Managers/WaveManager.cs:146)
UnityEngine.SetupCoroutine:InvokeMoveNext (System.Collections.IEnumerator,intptr)

(Filename: Assets/Scripts/Enemy/instruderNavMesh.cs Line: 61)

[Enemy_A_Iron(Clone)] アイアン ステータス初期化完了 (HP:100, Speed:3.5)
UnityEngine.Debug:ExtractStackTraceNoAlloc (byte*,int,string)
UnityEngine.StackTraceUtility:ExtractStackTrace ()
UnityEngine.DebugLogHandler:Internal_Log (UnityEngine.LogType,UnityEngine.LogOption,string,UnityEngine.Object)
UnityEngine.DebugLogHandler:LogFormat (UnityEngine.LogType,UnityEngine.Object,string,object[])
UnityEngine.Logger:Log (UnityEngine.LogType,object)
UnityEngine.Debug:Log (object)
IntruderNavMesh:InitializeStatus (AdventurerData/Rank) (at Assets/Scripts/Enemy/instruderNavMesh.cs:61)
EnemySpawner:SpawnEnemyByRank (AdventurerData/Rank) (at Assets/Scripts/Managers/EnemySpawner..cs:66)
WaveManager/<RunWaveSequence>d__16:MoveNext () (at Assets/Scripts/Managers/WaveManager.cs:146)
UnityEngine.SetupCoroutine:InvokeMoveNext (System.Collections.IEnumerator,intptr)

(Filename: Assets/Scripts/Enemy/instruderNavMesh.cs Line: 61)

[Enemy_A_Iron(Clone)] アイアン ステータス初期化完了 (HP:100, Speed:3.5)
UnityEngine.Debug:ExtractStackTraceNoAlloc (byte*,int,string)
UnityEngine.StackTraceUtility:ExtractStackTrace ()
UnityEngine.DebugLogHandler:Internal_Log (UnityEngine.LogType,UnityEngine.LogOption,string,UnityEngine.Object)
UnityEngine.DebugLogHandler:LogFormat (UnityEngine.LogType,UnityEngine.Object,string,object[])
UnityEngine.Logger:Log (UnityEngine.LogType,object)
UnityEngine.Debug:Log (object)
IntruderNavMesh:InitializeStatus (AdventurerData/Rank) (at Assets/Scripts/Enemy/instruderNavMesh.cs:61)
EnemySpawner:SpawnEnemyByRank (AdventurerData/Rank) (at Assets/Scripts/Managers/EnemySpawner..cs:66)
WaveManager/<RunWaveSequence>d__16:MoveNext () (at Assets/Scripts/Managers/WaveManager.cs:146)
UnityEngine.SetupCoroutine:InvokeMoveNext (System.Collections.IEnumerator,intptr)

(Filename: Assets/Scripts/Enemy/instruderNavMesh.cs Line: 61)

[Enemy_A_Iron(Clone)] アイアン ステータス初期化完了 (HP:100, Speed:3.5)
UnityEngine.Debug:ExtractStackTraceNoAlloc (byte*,int,string)
UnityEngine.StackTraceUtility:ExtractStackTrace ()
UnityEngine.DebugLogHandler:Internal_Log (UnityEngine.LogType,UnityEngine.LogOption,string,UnityEngine.Object)
UnityEngine.DebugLogHandler:LogFormat (UnityEngine.LogType,UnityEngine.Object,string,object[])
UnityEngine.Logger:Log (UnityEngine.LogType,object)
UnityEngine.Debug:Log (object)
IntruderNavMesh:InitializeStatus (AdventurerData/Rank) (at Assets/Scripts/Enemy/instruderNavMesh.cs:61)
EnemySpawner:SpawnEnemyByRank (AdventurerData/Rank) (at Assets/Scripts/Managers/EnemySpawner..cs:66)
WaveManager/<RunWaveSequence>d__16:MoveNext () (at Assets/Scripts/Managers/WaveManager.cs:146)
UnityEngine.SetupCoroutine:InvokeMoveNext (System.Collections.IEnumerator,intptr)

(Filename: Assets/Scripts/Enemy/instruderNavMesh.cs Line: 61)

[Enemy_A_Bronze(Clone)] ブロンズ ステータス初期化完了 (HP:150, Speed:3.6)
UnityEngine.Debug:ExtractStackTraceNoAlloc (byte*,int,string)
UnityEngine.StackTraceUtility:ExtractStackTrace ()
UnityEngine.DebugLogHandler:Internal_Log (UnityEngine.LogType,UnityEngine.LogOption,string,UnityEngine.Object)
UnityEngine.DebugLogHandler:LogFormat (UnityEngine.LogType,UnityEngine.Object,string,object[])
UnityEngine.Logger:Log (UnityEngine.LogType,object)
UnityEngine.Debug:Log (object)
IntruderNavMesh:InitializeStatus (AdventurerData/Rank) (at Assets/Scripts/Enemy/instruderNavMesh.cs:61)
EnemySpawner:SpawnEnemyByRank (AdventurerData/Rank) (at Assets/Scripts/Managers/EnemySpawner..cs:66)
WaveManager/<RunWaveSequence>d__16:MoveNext () (at Assets/Scripts/Managers/WaveManager.cs:146)
UnityEngine.SetupCoroutine:InvokeMoveNext (System.Collections.IEnumerator,intptr)

(Filename: Assets/Scripts/Enemy/instruderNavMesh.cs Line: 61)

[Enemy_A_Bronze(Clone)] ブロンズ ステータス初期化完了 (HP:150, Speed:3.6)
UnityEngine.Debug:ExtractStackTraceNoAlloc (byte*,int,string)
UnityEngine.StackTraceUtility:ExtractStackTrace ()
UnityEngine.DebugLogHandler:Internal_Log (UnityEngine.LogType,UnityEngine.LogOption,string,UnityEngine.Object)
UnityEngine.DebugLogHandler:LogFormat (UnityEngine.LogType,UnityEngine.Object,string,object[])
UnityEngine.Logger:Log (UnityEngine.LogType,object)
UnityEngine.Debug:Log (object)
IntruderNavMesh:InitializeStatus (AdventurerData/Rank) (at Assets/Scripts/Enemy/instruderNavMesh.cs:61)
EnemySpawner:SpawnEnemyByRank (AdventurerData/Rank) (at Assets/Scripts/Managers/EnemySpawner..cs:66)
WaveManager/<RunWaveSequence>d__16:MoveNext () (at Assets/Scripts/Managers/WaveManager.cs:146)
UnityEngine.SetupCoroutine:InvokeMoveNext (System.Collections.IEnumerator,intptr)

(Filename: Assets/Scripts/Enemy/instruderNavMesh.cs Line: 61)

[Wave1] 全ての敵の生成が完了しました。残敵の全滅を待っています...
UnityEngine.Debug:ExtractStackTraceNoAlloc (byte*,int,string)
UnityEngine.StackTraceUtility:ExtractStackTrace ()
UnityEngine.DebugLogHandler:Internal_Log (UnityEngine.LogType,UnityEngine.LogOption,string,UnityEngine.Object)
UnityEngine.DebugLogHandler:LogFormat (UnityEngine.LogType,UnityEngine.Object,string,object[])
UnityEngine.Logger:Log (UnityEngine.LogType,object)
UnityEngine.Debug:Log (object)
WaveManager/<RunWaveSequence>d__16:MoveNext () (at Assets/Scripts/Managers/WaveManager.cs:161)
UnityEngine.SetupCoroutine:InvokeMoveNext (System.Collections.IEnumerator,intptr)

(Filename: Assets/Scripts/Managers/WaveManager.cs Line: 161)

Unloading 0 Unused Serialized files (Serialized files now loaded: 0)
Loaded scene 'Temp/__Backupscenes/0.backup'
	Deserialize:            2.049 ms
	Integration:            163.146 ms
	Integration of assets:  0.001 ms
	Thread Wait Time:       0.010 ms
	Total Operation Time:   165.205 ms
Unloading 0 unused Assets / (211.0 KB). Loaded Objects now: 9020.
Memory consumption went from 0.65 GB to 0.65 GB.
Total: 8.198800 ms (FindLiveObjects: 0.491400 ms CreateObjectMapping: 0.513800 ms MarkObjects: 7.176100 ms  DeleteObjects: 0.016800 ms)

[Licensing::Client] Successfully resolved entitlement details
The character with Unicode value \u25B6 was not found in the [LiberationSans SDF] font asset or any potential fallbacks. It was replaced by Unicode character \u25A1 in text object [Text (TMP)].
UnityEngine.Debug:ExtractStackTraceNoAlloc (byte*,int,string)
UnityEngine.StackTraceUtility:ExtractStackTrace ()
UnityEngine.DebugLogHandler:Internal_Log (UnityEngine.LogType,UnityEngine.LogOption,string,UnityEngine.Object)
UnityEngine.DebugLogHandler:LogFormat (UnityEngine.LogType,UnityEngine.Object,string,object[])
UnityEngine.Logger:Log (UnityEngine.LogType,object,UnityEngine.Object)
UnityEngine.Debug:LogWarning (object,UnityEngine.Object)
TMPro.TextMeshProUGUI:SetArraySizes (TMPro.TMP_Text/TextProcessingElement[]) (at ./Library/PackageCache/com.unity.ugui@4f9b15fd1386/Runtime/TMP/TextMeshProUGUI.cs:2012)
TMPro.TMP_Text:ParseInputText () (at ./Library/PackageCache/com.unity.ugui@4f9b15fd1386/Runtime/TMP/TMP_Text.cs:2063)
TMPro.TextMeshProUGUI:OnPreRenderCanvas () (at ./Library/PackageCache/com.unity.ugui@4f9b15fd1386/Runtime/TMP/TextMeshProUGUI.cs:2496)
TMPro.TextMeshProUGUI:Rebuild (UnityEngine.UI.CanvasUpdate) (at ./Library/PackageCache/com.unity.ugui@4f9b15fd1386/Runtime/TMP/TextMeshProUGUI.cs:229)
UnityEngine.UI.CanvasUpdateRegistry:PerformUpdate () (at ./Library/PackageCache/com.unity.ugui@4f9b15fd1386/Runtime/UGUI/UI/Core/CanvasUpdateRegistry.cs:215)
UnityEngine.Canvas:SendWillRenderCanvases ()

(Filename: ./Library/PackageCache/com.unity.ugui@4f9b15fd1386/Runtime/TMP/TextMeshProUGUI.cs Line: 2012)

Reloading assemblies for play mode.
Reloading assemblies after forced synchronous recompile.
Begin MonoManager ReloadAssembly
Native extension for WindowsStandalone target not found
Native extension for WebGL target not found
ScheduleIndexationOnStartup MainProcess:True IndexOnStartup:True
[MODES] ModeService[none].Initialize
[MODES] ModeService[none].LoadModes
Mono: successfully reloaded assembly
- Finished resetting the current domain, in  1.004 seconds
Domain Reload Profiling: 1725ms
	BeginReloadAssembly (564ms)
		DisableScriptedObjects (58ms)
		CreateAndSetChildDomain (378ms)
	RebuildCommonClasses (6ms)
	RebuildNativeTypeToScriptingClass (11ms)
	initialDomainReloadingComplete (33ms)
	LoadAllAssembliesAndSetupDomain (106ms)
		LoadAssemblies (75ms)
		AnalyzeDomain (13ms)
			TypeCache.Refresh (4ms)
			ResolveRequiredComponents (5ms)
	FinalizeReload (1005ms)
		SetupLoadedEditorAssemblies (0ms)
			BeforeProcessingInitializeOnLoad (51ms)
			ProcessInitializeOnLoadAttributes (214ms)
			ProcessInitializeOnLoadMethodAttributes (80ms)
			AfterProcessingInitializeOnLoad (3ms)
		AwakeInstancesAfterBackupRestoration (352ms)

Asset Pipeline Refresh (id=63b258d1a7ce817438888fea15884846): Total: 1.859 seconds - Initiated by StopAssetImportingV2(ForceSynchronousImport | ForceDomainReload)
	(Values over 0.05ms)
	Summary:
		Imports: total=0 (actual=0, local cache=0, cache server=0)
		Asset DB Process Time: managed=0 ms, native=1091 ms
		Asset DB Callback time: managed=20 ms, native=0 ms
		Scripting: domain reloads=1, domain reload time=745 ms, compile time=1 ms, other=0 ms
		Project Asset Count: scripts=1373, non-scripts=2479
		Asset File Changes: new=0, changed=0, moved=0, deleted=0
		Scan Filter Count: 0
	InvokePackagesCallback: 1.254ms
	ApplyChangesToAssetFolders: 0.291ms
	Collect global state as custom dependencies: 1.318ms
	ProcessAssetsWithTransientArtifactChanges: 0.069ms
	CategorizeAssets: 33.251ms
	CompileScripts: 0.684ms
	ImportOutOfDateAssets: 1030.745ms (1013.597ms without children)
		CollectScriptTypesHashes: 0.556ms
		ReloadNativeAssets: 0.904ms
		UnloadImportedAssets: 0.107ms
		EnsureUptoDateAssetsAreRegisteredWithGuidPM: 0.313ms
		ImportSchedulerStart: 15.802ms
	PostProcessAllAssets: 20.697ms
		MonoPostProcessAllAssets: 20.694ms
			UniversalRenderPipelineGlobalSettingsPostprocessor.OnPostprocessAllAssets 6.000ms
			SyncVS.PostprocessSyncProject 5.819ms
			WindowAssetPostprocessingWatcher.OnPostprocessAllAssets 1.258ms
			SpeedTree9Postprocessor.OnPostprocessAllAssets 1.088ms
			RenderPipelineGlobalSettingsPostprocessor.OnPostprocessAllAssets 0.438ms
			ShaderReflectionAssetPostProcessor.OnPostprocessAllAssets 0.223ms
			ReferencedClipsPostProcessor.OnPostprocessAllAssets 0.202ms
			InputActionAssetPostprocessor.OnPostprocessAllAssets 0.163ms
			SpriteEditorTexturePostprocessor.OnPostprocessAllAssets 0.123ms
			TerrainToolbarOverlayPostProcessor.OnPostprocessAllAssets 0.093ms
			ProjectSettingsPostprocessor.OnPostprocessAllAssets 0.093ms
			AssetDatabaseCallbacks.OnPostprocessAllAssets 0.091ms
	GatherAllCurrentPrimaryImportResultRevisions: 0.135ms
	PersistCurrentRevisions: 0.075ms
	GenerateScriptTypeHashes: 1.984ms
	GenerateScriptTypeSerializationHashes: 3.753ms
	Untracked: 765.104ms

Loaded scene 'Temp/__Backupscenes/0.backup'
	Deserialize:            2.907 ms
	Integration:            211.949 ms
	Integration of assets:  0.002 ms
	Thread Wait Time:       0.011 ms
	Total Operation Time:   214.868 ms
<color=green>=== 設置フェーズ開始 (Wave 1 の準備) ===</color>
UnityEngine.Debug:ExtractStackTraceNoAlloc (byte*,int,string)
UnityEngine.StackTraceUtility:ExtractStackTrace ()
UnityEngine.DebugLogHandler:Internal_Log (UnityEngine.LogType,UnityEngine.LogOption,string,UnityEngine.Object)
UnityEngine.DebugLogHandler:LogFormat (UnityEngine.LogType,UnityEngine.Object,string,object[])
UnityEngine.Logger:Log (UnityEngine.LogType,object)
UnityEngine.Debug:Log (object)
WaveManager:EnterPrepPhase () (at Assets/Scripts/Managers/WaveManager.cs:85)
WaveManager:Start () (at Assets/Scripts/Managers/WaveManager.cs:60)

(Filename: Assets/Scripts/Managers/WaveManager.cs Line: 85)

【準備フェーズ】配置を完了させたら「準備完了」ボタンを押してください。
UnityEngine.Debug:ExtractStackTraceNoAlloc (byte*,int,string)
UnityEngine.StackTraceUtility:ExtractStackTrace ()
UnityEngine.DebugLogHandler:Internal_Log (UnityEngine.LogType,UnityEngine.LogOption,string,UnityEngine.Object)
UnityEngine.DebugLogHandler:LogFormat (UnityEngine.LogType,UnityEngine.Object,string,object[])
UnityEngine.Logger:Log (UnityEngine.LogType,object)
UnityEngine.Debug:Log (object)
GameManager:SetPreparationPhase () (at Assets/Scripts/Managers/GameManager.cs:44)
GameManager:Start () (at Assets/Scripts/Managers/GameManager.cs:23)

(Filename: Assets/Scripts/Managers/GameManager.cs Line: 44)

[Licensing::Client] Successfully resolved entitlement details
[Licensing::Client] Successfully resolved entitlement details
The character with Unicode value \u25B6 was not found in the [LiberationSans SDF] font asset or any potential fallbacks. It was replaced by Unicode character \u25A1 in text object [Text (TMP)].
UnityEngine.Debug:ExtractStackTraceNoAlloc (byte*,int,string)
UnityEngine.StackTraceUtility:ExtractStackTrace ()
UnityEngine.DebugLogHandler:Internal_Log (UnityEngine.LogType,UnityEngine.LogOption,string,UnityEngine.Object)
UnityEngine.DebugLogHandler:LogFormat (UnityEngine.LogType,UnityEngine.Object,string,object[])
UnityEngine.Logger:Log (UnityEngine.LogType,object,UnityEngine.Object)
UnityEngine.Debug:LogWarning (object,UnityEngine.Object)
TMPro.TextMeshProUGUI:SetArraySizes (TMPro.TMP_Text/TextProcessingElement[]) (at ./Library/PackageCache/com.unity.ugui@4f9b15fd1386/Runtime/TMP/TextMeshProUGUI.cs:2012)
TMPro.TMP_Text:ParseInputText () (at ./Library/PackageCache/com.unity.ugui@4f9b15fd1386/Runtime/TMP/TMP_Text.cs:2063)
TMPro.TextMeshProUGUI:OnPreRenderCanvas () (at ./Library/PackageCache/com.unity.ugui@4f9b15fd1386/Runtime/TMP/TextMeshProUGUI.cs:2496)
TMPro.TextMeshProUGUI:Rebuild (UnityEngine.UI.CanvasUpdate) (at ./Library/PackageCache/com.unity.ugui@4f9b15fd1386/Runtime/TMP/TextMeshProUGUI.cs:229)
UnityEngine.UI.CanvasUpdateRegistry:PerformUpdate () (at ./Library/PackageCache/com.unity.ugui@4f9b15fd1386/Runtime/UGUI/UI/Core/CanvasUpdateRegistry.cs:215)
UnityEngine.Canvas:SendWillRenderCanvases ()

(Filename: ./Library/PackageCache/com.unity.ugui@4f9b15fd1386/Runtime/TMP/TextMeshProUGUI.cs Line: 2012)

Curl error 7: Failed to connect to config.uca.cloud.unity3d.com port 443 after 2039 ms: Could not connect to server
Game Started!
UnityEngine.Debug:ExtractStackTraceNoAlloc (byte*,int,string)
UnityEngine.StackTraceUtility:ExtractStackTrace ()
UnityEngine.DebugLogHandler:Internal_Log (UnityEngine.LogType,UnityEngine.LogOption,string,UnityEngine.Object)
UnityEngine.DebugLogHandler:LogFormat (UnityEngine.LogType,UnityEngine.Object,string,object[])
UnityEngine.Logger:Log (UnityEngine.LogType,object)
UnityEngine.Debug:Log (object)
GameStartManager:StartGameplay () (at Assets/Scripts/UI/GameStartManager.cs:72)
GameStartManager:OnClickNextStory () (at Assets/Scripts/UI/GameStartManager.cs:53)
UnityEngine.Events.InvokableCall:Invoke ()
UnityEngine.Events.UnityEvent:Invoke ()
UnityEngine.UI.Button:Press () (at ./Library/PackageCache/com.unity.ugui@4f9b15fd1386/Runtime/UGUI/UI/Core/Button.cs:71)
UnityEngine.UI.Button:OnPointerClick (UnityEngine.EventSystems.PointerEventData) (at ./Library/PackageCache/com.unity.ugui@4f9b15fd1386/Runtime/UGUI/UI/Core/Button.cs:115)
UnityEngine.EventSystems.ExecuteEvents:Execute (UnityEngine.EventSystems.IPointerClickHandler,UnityEngine.EventSystems.BaseEventData) (at ./Library/PackageCache/com.unity.ugui@4f9b15fd1386/Runtime/UGUI/EventSystem/ExecuteEvents.cs:57)
UnityEngine.EventSystems.ExecuteEvents:Execute<UnityEngine.EventSystems.IPointerClickHandler> (UnityEngine.GameObject,UnityEngine.EventSystems.BaseEventData,UnityEngine.EventSystems.ExecuteEvents/EventFunction`1<UnityEngine.EventSystems.IPointerClickHandler>) (at ./Library/PackageCache/com.unity.ugui@4f9b15fd1386/Runtime/UGUI/EventSystem/ExecuteEvents.cs:272)
UnityEngine.InputSystem.UI.InputSystemUIInputModule:ProcessPointerButton (UnityEngine.InputSystem.UI.PointerModel/ButtonState&,UnityEngine.EventSystems.PointerEventData) (at ./Library/PackageCache/com.unity.inputsystem@21a28c3a6c83/InputSystem/Plugins/UI/InputSystemUIInputModule.cs:731)
UnityEngine.InputSystem.UI.InputSystemUIInputModule:ProcessPointer (UnityEngine.InputSystem.UI.PointerModel&) (at ./Library/PackageCache/com.unity.inputsystem@21a28c3a6c83/InputSystem/Plugins/UI/InputSystemUIInputModule.cs:490)
UnityEngine.InputSystem.UI.InputSystemUIInputModule:Process () (at ./Library/PackageCache/com.unity.inputsystem@21a28c3a6c83/InputSystem/Plugins/UI/InputSystemUIInputModule.cs:2404)
UnityEngine.EventSystems.EventSystem:Update () (at ./Library/PackageCache/com.unity.ugui@4f9b15fd1386/Runtime/UGUI/EventSystem/EventSystem.cs:516)

(Filename: Assets/Scripts/UI/GameStartManager.cs Line: 72)

NullReferenceException: Object reference not set to an instance of an object
  at BuildMenuUI.Monster () [0x00015] in C:\Users\Kouta\Documents\Growing_Dungeon_UL\Assets\Scripts\UI\BuildMenuUI.cs:62 
  at UnityEngine.Events.InvokableCall.Invoke () [0x0000d] in <2d13e1d0272a48939db0df2b39041de1>:0 
  at UnityEngine.Events.UnityEvent.Invoke () [0x0001b] in <2d13e1d0272a48939db0df2b39041de1>:0 
  at UnityEngine.UI.Button.Press () [0x0001c] in .\Library\PackageCache\com.unity.ugui@4f9b15fd1386\Runtime\UGUI\UI\Core\Button.cs:71 
  at UnityEngine.UI.Button.OnPointerClick (UnityEngine.EventSystems.PointerEventData eventData) [0x00009] in .\Library\PackageCache\com.unity.ugui@4f9b15fd1386\Runtime\UGUI\UI\Core\Button.cs:115 
  at UnityEngine.EventSystems.ExecuteEvents.Execute (UnityEngine.EventSystems.IPointerClickHandler handler, UnityEngine.EventSystems.BaseEventData eventData) [0x00000] in .\Library\PackageCache\com.unity.ugui@4f9b15fd1386\Runtime\UGUI\EventSystem\ExecuteEvents.cs:57 
  at UnityEngine.EventSystems.ExecuteEvents.Execute[T] (UnityEngine.GameObject target, UnityEngine.EventSystems.BaseEventData eventData, UnityEngine.EventSystems.ExecuteEvents+EventFunction`1[T1] functor) [0x00067] in .\Library\PackageCache\com.unity.ugui@4f9b15fd1386\Runtime\UGUI\EventSystem\ExecuteEvents.cs:272 
UnityEngine.DebugLogHandler:Internal_LogException_Injected(Exception, IntPtr)
UnityEngine.DebugLogHandler:Internal_LogException(Exception, Object)
UnityEngine.DebugLogHandler:LogException(Exception, Object)
UnityEngine.Logger:LogException(Exception, Object)
UnityEngine.Debug:LogException(Exception)
UnityEngine.EventSystems.ExecuteEvents:Execute(GameObject, BaseEventData, EventFunction`1) (at .\Library\PackageCache\com.unity.ugui@4f9b15fd1386\Runtime\UGUI\EventSystem\ExecuteEvents.cs:276)
UnityEngine.InputSystem.UI.InputSystemUIInputModule:ProcessPointerButton(ButtonState&, PointerEventData) (at .\Library\PackageCache\com.unity.inputsystem@21a28c3a6c83\InputSystem\Plugins\UI\InputSystemUIInputModule.cs:731)
UnityEngine.InputSystem.UI.InputSystemUIInputModule:ProcessPointer(PointerModel&) (at .\Library\PackageCache\com.unity.inputsystem@21a28c3a6c83\InputSystem\Plugins\UI\InputSystemUIInputModule.cs:490)
UnityEngine.InputSystem.UI.InputSystemUIInputModule:Process() (at .\Library\PackageCache\com.unity.inputsystem@21a28c3a6c83\InputSystem\Plugins\UI\InputSystemUIInputModule.cs:2404)
UnityEngine.EventSystems.EventSystem:Update() (at .\Library\PackageCache\com.unity.ugui@4f9b15fd1386\Runtime\UGUI\EventSystem\EventSystem.cs:516)

(Filename: Assets/Scripts/UI/BuildMenuUI.cs Line: 62)

NullReferenceException: Object reference not set to an instance of an object
  at BuildMenuUI.Monster () [0x00015] in C:\Users\Kouta\Documents\Growing_Dungeon_UL\Assets\Scripts\UI\BuildMenuUI.cs:62 
  at UnityEngine.Events.InvokableCall.Invoke () [0x0000d] in <2d13e1d0272a48939db0df2b39041de1>:0 
  at UnityEngine.Events.UnityEvent.Invoke () [0x0001b] in <2d13e1d0272a48939db0df2b39041de1>:0 
  at UnityEngine.UI.Button.Press () [0x0001c] in .\Library\PackageCache\com.unity.ugui@4f9b15fd1386\Runtime\UGUI\UI\Core\Button.cs:71 
  at UnityEngine.UI.Button.OnPointerClick (UnityEngine.EventSystems.PointerEventData eventData) [0x00009] in .\Library\PackageCache\com.unity.ugui@4f9b15fd1386\Runtime\UGUI\UI\Core\Button.cs:115 
  at UnityEngine.EventSystems.ExecuteEvents.Execute (UnityEngine.EventSystems.IPointerClickHandler handler, UnityEngine.EventSystems.BaseEventData eventData) [0x00000] in .\Library\PackageCache\com.unity.ugui@4f9b15fd1386\Runtime\UGUI\EventSystem\ExecuteEvents.cs:57 
  at UnityEngine.EventSystems.ExecuteEvents.Execute[T] (UnityEngine.GameObject target, UnityEngine.EventSystems.BaseEventData eventData, UnityEngine.EventSystems.ExecuteEvents+EventFunction`1[T1] functor) [0x00067] in .\Library\PackageCache\com.unity.ugui@4f9b15fd1386\Runtime\UGUI\EventSystem\ExecuteEvents.cs:272 
UnityEngine.DebugLogHandler:Internal_LogException_Injected(Exception, IntPtr)
UnityEngine.DebugLogHandler:Internal_LogException(Exception, Object)
UnityEngine.DebugLogHandler:LogException(Exception, Object)
UnityEngine.Logger:LogException(Exception, Object)
UnityEngine.Debug:LogException(Exception)
UnityEngine.EventSystems.ExecuteEvents:Execute(GameObject, BaseEventData, EventFunction`1) (at .\Library\PackageCache\com.unity.ugui@4f9b15fd1386\Runtime\UGUI\EventSystem\ExecuteEvents.cs:276)
UnityEngine.InputSystem.UI.InputSystemUIInputModule:ProcessPointerButton(ButtonState&, PointerEventData) (at .\Library\PackageCache\com.unity.inputsystem@21a28c3a6c83\InputSystem\Plugins\UI\InputSystemUIInputModule.cs:731)
UnityEngine.InputSystem.UI.InputSystemUIInputModule:ProcessPointer(PointerModel&) (at .\Library\PackageCache\com.unity.inputsystem@21a28c3a6c83\InputSystem\Plugins\UI\InputSystemUIInputModule.cs:490)
UnityEngine.InputSystem.UI.InputSystemUIInputModule:Process() (at .\Library\PackageCache\com.unity.inputsystem@21a28c3a6c83\InputSystem\Plugins\UI\InputSystemUIInputModule.cs:2404)
UnityEngine.EventSystems.EventSystem:Update() (at .\Library\PackageCache\com.unity.ugui@4f9b15fd1386\Runtime\UGUI\EventSystem\EventSystem.cs:516)

(Filename: Assets/Scripts/UI/BuildMenuUI.cs Line: 62)

Unloading 0 Unused Serialized files (Serialized files now loaded: 0)
Loaded scene 'Temp/__Backupscenes/0.backup'
	Deserialize:            2.075 ms
	Integration:            165.165 ms
	Integration of assets:  0.002 ms
	Thread Wait Time:       0.012 ms
	Total Operation Time:   167.254 ms
Unloading 15 unused Assets / (203.7 KB). Loaded Objects now: 9021.
Memory consumption went from 0.66 GB to 0.66 GB.
Total: 8.415500 ms (FindLiveObjects: 0.614300 ms CreateObjectMapping: 0.625100 ms MarkObjects: 7.127000 ms  DeleteObjects: 0.047500 ms)

The character with Unicode value \u25B6 was not found in the [LiberationSans SDF] font asset or any potential fallbacks. It was replaced by Unicode character \u25A1 in text object [Text (TMP)].
UnityEngine.Debug:ExtractStackTraceNoAlloc (byte*,int,string)
UnityEngine.StackTraceUtility:ExtractStackTrace ()
UnityEngine.DebugLogHandler:Internal_Log (UnityEngine.LogType,UnityEngine.LogOption,string,UnityEngine.Object)
UnityEngine.DebugLogHandler:LogFormat (UnityEngine.LogType,UnityEngine.Object,string,object[])
UnityEngine.Logger:Log (UnityEngine.LogType,object,UnityEngine.Object)
UnityEngine.Debug:LogWarning (object,UnityEngine.Object)
TMPro.TextMeshProUGUI:SetArraySizes (TMPro.TMP_Text/TextProcessingElement[]) (at ./Library/PackageCache/com.unity.ugui@4f9b15fd1386/Runtime/TMP/TextMeshProUGUI.cs:2012)
TMPro.TMP_Text:ParseInputText () (at ./Library/PackageCache/com.unity.ugui@4f9b15fd1386/Runtime/TMP/TMP_Text.cs:2063)
TMPro.TextMeshProUGUI:OnPreRenderCanvas () (at ./Library/PackageCache/com.unity.ugui@4f9b15fd1386/Runtime/TMP/TextMeshProUGUI.cs:2496)
TMPro.TextMeshProUGUI:Rebuild (UnityEngine.UI.CanvasUpdate) (at ./Library/PackageCache/com.unity.ugui@4f9b15fd1386/Runtime/TMP/TextMeshProUGUI.cs:229)
UnityEngine.UI.CanvasUpdateRegistry:PerformUpdate () (at ./Library/PackageCache/com.unity.ugui@4f9b15fd1386/Runtime/UGUI/UI/Core/CanvasUpdateRegistry.cs:215)
UnityEngine.Canvas:SendWillRenderCanvases ()

(Filename: ./Library/PackageCache/com.unity.ugui@4f9b15fd1386/Runtime/TMP/TextMeshProUGUI.cs Line: 2012)


Asset Pipeline Refresh (id=e7b7714958ba3aa49a58cc764a918c3e): Total: 0.011 seconds - Initiated by RefreshV2(AllowForceSynchronousImport)
Asset Pipeline Refresh (id=f268f73670ff92a4abdb25bd83155e3c): Total: 0.003 seconds - Initiated by RefreshV2(AllowForceSynchronousImport)
[Licensing::Client] Successfully resolved entitlement details

Asset Pipeline Refresh (id=13f0a8921f24be244856633998559571): Total: 0.003 seconds - Initiated by RefreshV2(AllowForceSynchronousImport)
Asset Pipeline Refresh (id=f70730a95fbdd7040b90fc663a6adfa2): Total: 0.003 seconds - Initiated by RefreshV2(AllowForceSynchronousImport)
Reloading assemblies for play mode.
Reloading assemblies after forced synchronous recompile.
[Licensing::Client] Successfully resolved entitlement details
Begin MonoManager ReloadAssembly
Native extension for WindowsStandalone target not found
Native extension for WebGL target not found
ScheduleIndexationOnStartup MainProcess:True IndexOnStartup:True
[MODES] ModeService[none].Initialize
[MODES] ModeService[none].LoadModes
Mono: successfully reloaded assembly
- Finished resetting the current domain, in  1.061 seconds
Domain Reload Profiling: 1787ms
	BeginReloadAssembly (566ms)
		DisableScriptedObjects (66ms)
		CreateAndSetChildDomain (390ms)
	RebuildCommonClasses (7ms)
	RebuildNativeTypeToScriptingClass (11ms)
	initialDomainReloadingComplete (32ms)
	LoadAllAssembliesAndSetupDomain (110ms)
		LoadAssemblies (75ms)
		AnalyzeDomain (13ms)
			TypeCache.Refresh (5ms)
			ResolveRequiredComponents (5ms)
	FinalizeReload (1062ms)
		SetupLoadedEditorAssemblies (0ms)
			BeforeProcessingInitializeOnLoad (52ms)
			ProcessInitializeOnLoadAttributes (224ms)
			ProcessInitializeOnLoadMethodAttributes (81ms)
			AfterProcessingInitializeOnLoad (3ms)
		AwakeInstancesAfterBackupRestoration (377ms)

Asset Pipeline Refresh (id=51728189cb9613d4eb60780e3bf9bf0b): Total: 1.928 seconds - Initiated by StopAssetImportingV2(ForceSynchronousImport | ForceDomainReload)
	(Values over 0.05ms)
	Summary:
		Imports: total=0 (actual=0, local cache=0, cache server=0)
		Asset DB Process Time: managed=0 ms, native=1153 ms
		Asset DB Callback time: managed=21 ms, native=0 ms
		Scripting: domain reloads=1, domain reload time=753 ms, compile time=1 ms, other=0 ms
		Project Asset Count: scripts=1373, non-scripts=2479
		Asset File Changes: new=0, changed=0, moved=0, deleted=0
		Scan Filter Count: 0
	InvokePackagesCallback: 0.909ms
	ApplyChangesToAssetFolders: 0.274ms
	Collect global state as custom dependencies: 1.361ms
	ProcessAssetsWithTransientArtifactChanges: 0.110ms
	CategorizeAssets: 35.087ms
	CompileScripts: 0.708ms
	ImportOutOfDateAssets: 1087.950ms (1070.673ms without children)
		CollectScriptTypesHashes: 0.558ms
		ReloadNativeAssets: 0.870ms
		UnloadImportedAssets: 0.125ms
		EnsureUptoDateAssetsAreRegisteredWithGuidPM: 0.323ms
		ImportSchedulerStart: 15.936ms
	PostProcessAllAssets: 21.196ms
		MonoPostProcessAllAssets: 21.193ms
			UniversalRenderPipelineGlobalSettingsPostprocessor.OnPostprocessAllAssets 6.105ms
			SyncVS.PostprocessSyncProject 5.869ms
			WindowAssetPostprocessingWatcher.OnPostprocessAllAssets 1.222ms
			SpeedTree9Postprocessor.OnPostprocessAllAssets 1.126ms
			RenderPipelineGlobalSettingsPostprocessor.OnPostprocessAllAssets 0.554ms
			ShaderReflectionAssetPostProcessor.OnPostprocessAllAssets 0.224ms
			ReferencedClipsPostProcessor.OnPostprocessAllAssets 0.205ms
			InputActionAssetPostprocessor.OnPostprocessAllAssets 0.169ms
			SpriteEditorTexturePostprocessor.OnPostprocessAllAssets 0.123ms
			AssetDatabaseCallbacks.OnPostprocessAllAssets 0.108ms
			ProjectSettingsPostprocessor.OnPostprocessAllAssets 0.098ms
			TerrainToolbarOverlayPostProcessor.OnPostprocessAllAssets 0.096ms
	GatherAllCurrentPrimaryImportResultRevisions: 0.094ms
	PersistCurrentRevisions: 0.252ms
	GenerateScriptTypeHashes: 1.989ms
	GenerateScriptTypeSerializationHashes: 3.723ms
	Untracked: 775.545ms

Loaded scene 'Temp/__Backupscenes/0.backup'
	Deserialize:            2.891 ms
	Integration:            209.293 ms
	Integration of assets:  0.002 ms
	Thread Wait Time:       0.009 ms
	Total Operation Time:   212.195 ms
<color=green>=== 設置フェーズ開始 (Wave 1 の準備) ===</color>
UnityEngine.Debug:ExtractStackTraceNoAlloc (byte*,int,string)
UnityEngine.StackTraceUtility:ExtractStackTrace ()
UnityEngine.DebugLogHandler:Internal_Log (UnityEngine.LogType,UnityEngine.LogOption,string,UnityEngine.Object)
UnityEngine.DebugLogHandler:LogFormat (UnityEngine.LogType,UnityEngine.Object,string,object[])
UnityEngine.Logger:Log (UnityEngine.LogType,object)
UnityEngine.Debug:Log (object)
WaveManager:EnterPrepPhase () (at Assets/Scripts/Managers/WaveManager.cs:85)
WaveManager:Start () (at Assets/Scripts/Managers/WaveManager.cs:60)

(Filename: Assets/Scripts/Managers/WaveManager.cs Line: 85)

【準備フェーズ】配置を完了させたら「準備完了」ボタンを押してください。
UnityEngine.Debug:ExtractStackTraceNoAlloc (byte*,int,string)
UnityEngine.StackTraceUtility:ExtractStackTrace ()
UnityEngine.DebugLogHandler:Internal_Log (UnityEngine.LogType,UnityEngine.LogOption,string,UnityEngine.Object)
UnityEngine.DebugLogHandler:LogFormat (UnityEngine.LogType,UnityEngine.Object,string,object[])
UnityEngine.Logger:Log (UnityEngine.LogType,object)
UnityEngine.Debug:Log (object)
GameManager:SetPreparationPhase () (at Assets/Scripts/Managers/GameManager.cs:44)
GameManager:Start () (at Assets/Scripts/Managers/GameManager.cs:23)

(Filename: Assets/Scripts/Managers/GameManager.cs Line: 44)

[Licensing::Client] Successfully resolved entitlement details
[Licensing::Client] Successfully resolved entitlement details
The character with Unicode value \u25B6 was not found in the [LiberationSans SDF] font asset or any potential fallbacks. It was replaced by Unicode character \u25A1 in text object [Text (TMP)].
UnityEngine.Debug:ExtractStackTraceNoAlloc (byte*,int,string)
UnityEngine.StackTraceUtility:ExtractStackTrace ()
UnityEngine.DebugLogHandler:Internal_Log (UnityEngine.LogType,UnityEngine.LogOption,string,UnityEngine.Object)
UnityEngine.DebugLogHandler:LogFormat (UnityEngine.LogType,UnityEngine.Object,string,object[])
UnityEngine.Logger:Log (UnityEngine.LogType,object,UnityEngine.Object)
UnityEngine.Debug:LogWarning (object,UnityEngine.Object)
TMPro.TextMeshProUGUI:SetArraySizes (TMPro.TMP_Text/TextProcessingElement[]) (at ./Library/PackageCache/com.unity.ugui@4f9b15fd1386/Runtime/TMP/TextMeshProUGUI.cs:2012)
TMPro.TMP_Text:ParseInputText () (at ./Library/PackageCache/com.unity.ugui@4f9b15fd1386/Runtime/TMP/TMP_Text.cs:2063)
TMPro.TextMeshProUGUI:OnPreRenderCanvas () (at ./Library/PackageCache/com.unity.ugui@4f9b15fd1386/Runtime/TMP/TextMeshProUGUI.cs:2496)
TMPro.TextMeshProUGUI:Rebuild (UnityEngine.UI.CanvasUpdate) (at ./Library/PackageCache/com.unity.ugui@4f9b15fd1386/Runtime/TMP/TextMeshProUGUI.cs:229)
UnityEngine.UI.CanvasUpdateRegistry:PerformUpdate () (at ./Library/PackageCache/com.unity.ugui@4f9b15fd1386/Runtime/UGUI/UI/Core/CanvasUpdateRegistry.cs:215)
UnityEngine.Canvas:SendWillRenderCanvases ()

(Filename: ./Library/PackageCache/com.unity.ugui@4f9b15fd1386/Runtime/TMP/TextMeshProUGUI.cs Line: 2012)

Curl error 7: Failed to connect to config.uca.cloud.unity3d.com port 443 after 2037 ms: Could not connect to server
Game Started!
UnityEngine.Debug:ExtractStackTraceNoAlloc (byte*,int,string)
UnityEngine.StackTraceUtility:ExtractStackTrace ()
UnityEngine.DebugLogHandler:Internal_Log (UnityEngine.LogType,UnityEngine.LogOption,string,UnityEngine.Object)
UnityEngine.DebugLogHandler:LogFormat (UnityEngine.LogType,UnityEngine.Object,string,object[])
UnityEngine.Logger:Log (UnityEngine.LogType,object)
UnityEngine.Debug:Log (object)
GameStartManager:StartGameplay () (at Assets/Scripts/UI/GameStartManager.cs:72)
GameStartManager:OnClickNextStory () (at Assets/Scripts/UI/GameStartManager.cs:53)
UnityEngine.Events.InvokableCall:Invoke ()
UnityEngine.Events.UnityEvent:Invoke ()
UnityEngine.UI.Button:Press () (at ./Library/PackageCache/com.unity.ugui@4f9b15fd1386/Runtime/UGUI/UI/Core/Button.cs:71)
UnityEngine.UI.Button:OnPointerClick (UnityEngine.EventSystems.PointerEventData) (at ./Library/PackageCache/com.unity.ugui@4f9b15fd1386/Runtime/UGUI/UI/Core/Button.cs:115)
UnityEngine.EventSystems.ExecuteEvents:Execute (UnityEngine.EventSystems.IPointerClickHandler,UnityEngine.EventSystems.BaseEventData) (at ./Library/PackageCache/com.unity.ugui@4f9b15fd1386/Runtime/UGUI/EventSystem/ExecuteEvents.cs:57)
UnityEngine.EventSystems.ExecuteEvents:Execute<UnityEngine.EventSystems.IPointerClickHandler> (UnityEngine.GameObject,UnityEngine.EventSystems.BaseEventData,UnityEngine.EventSystems.ExecuteEvents/EventFunction`1<UnityEngine.EventSystems.IPointerClickHandler>) (at ./Library/PackageCache/com.unity.ugui@4f9b15fd1386/Runtime/UGUI/EventSystem/ExecuteEvents.cs:272)
UnityEngine.InputSystem.UI.InputSystemUIInputModule:ProcessPointerButton (UnityEngine.InputSystem.UI.PointerModel/ButtonState&,UnityEngine.EventSystems.PointerEventData) (at ./Library/PackageCache/com.unity.inputsystem@21a28c3a6c83/InputSystem/Plugins/UI/InputSystemUIInputModule.cs:731)
UnityEngine.InputSystem.UI.InputSystemUIInputModule:ProcessPointer (UnityEngine.InputSystem.UI.PointerModel&) (at ./Library/PackageCache/com.unity.inputsystem@21a28c3a6c83/InputSystem/Plugins/UI/InputSystemUIInputModule.cs:490)
UnityEngine.InputSystem.UI.InputSystemUIInputModule:Process () (at ./Library/PackageCache/com.unity.inputsystem@21a28c3a6c83/InputSystem/Plugins/UI/InputSystemUIInputModule.cs:2404)
UnityEngine.EventSystems.EventSystem:Update () (at ./Library/PackageCache/com.unity.ugui@4f9b15fd1386/Runtime/UGUI/EventSystem/EventSystem.cs:516)

(Filename: Assets/Scripts/UI/GameStartManager.cs Line: 72)


Asset Pipeline Refresh (id=e586be3cd719d2f47a3ac4c7b55dc5ca): Total: 0.004 seconds - Initiated by RefreshV2(NoUpdateAssetOptions)
Asset Pipeline Refresh (id=615b6e056533ecf41bc91462c82b26e3): Total: 0.003 seconds - Initiated by RefreshV2(NoUpdateAssetOptions)
Asset Pipeline Refresh (id=7e02a7c38d9e8a34a8cc7d2a774de585): Total: 0.003 seconds - Initiated by RefreshV2(NoUpdateAssetOptions)
[Worker0] Imported GUID: 85415b06f0f15af42a315e972f6ca302 - Path: Assets/Scripts/UI/ChangeMenuUI.cs - Importer: PreviewImporter -> (ImportResultId: '209af541c583e68b5ac2c79515aa59ef') in 0.0101279 seconds
[Licensing::Client] Successfully resolved entitlement details

Asset Pipeline Refresh (id=2e59ed73fd3c3e04f9fa4180d01d6df6): Total: 0.003 seconds - Initiated by RefreshV2(NoUpdateAssetOptions)
Asset Pipeline Refresh (id=5593da42576fd6647850b134be655134): Total: 0.003 seconds - Initiated by RefreshV2(NoUpdateAssetOptions)
[Worker0] Imported GUID: 6960b0e77e175b14bb037aa72aef4f20 - Path: Assets/Scripts/UI/MonsterMenuUI.cs - Importer: PreviewImporter -> (ImportResultId: '6ac4d1de4394d6db7bf47ed2060a568e') in 0.0106952 seconds

Asset Pipeline Refresh (id=e02269e76ddce0d40ad6a8be9100b981): Total: 0.003 seconds - Initiated by RefreshV2(NoUpdateAssetOptions)
Asset Pipeline Refresh (id=27a5678edc5854c4e8d166c658f77a11): Total: 0.003 seconds - Initiated by RefreshV2(NoUpdateAssetOptions)
Asset Pipeline Refresh (id=15f6ac00ea1a9e7489a33a552cf080cd): Total: 0.003 seconds - Initiated by RefreshV2(NoUpdateAssetOptions)
Unloading 0 Unused Serialized files (Serialized files now loaded: 0)
Loaded scene 'Temp/__Backupscenes/0.backup'
	Deserialize:            2.090 ms
	Integration:            181.141 ms
	Integration of assets:  0.001 ms
	Thread Wait Time:       0.012 ms
	Total Operation Time:   183.244 ms
Unloading 42 unused Assets / (392.9 KB). Loaded Objects now: 9026.
Memory consumption went from 0.67 GB to 0.67 GB.
Total: 9.406700 ms (FindLiveObjects: 0.608800 ms CreateObjectMapping: 0.545800 ms MarkObjects: 8.103300 ms  DeleteObjects: 0.147400 ms)

[Licensing::Client] Successfully resolved entitlement details
The character with Unicode value \u25B6 was not found in the [LiberationSans SDF] font asset or any potential fallbacks. It was replaced by Unicode character \u25A1 in text object [Text (TMP)].
UnityEngine.Debug:ExtractStackTraceNoAlloc (byte*,int,string)
UnityEngine.StackTraceUtility:ExtractStackTrace ()
UnityEngine.DebugLogHandler:Internal_Log (UnityEngine.LogType,UnityEngine.LogOption,string,UnityEngine.Object)
UnityEngine.DebugLogHandler:LogFormat (UnityEngine.LogType,UnityEngine.Object,string,object[])
UnityEngine.Logger:Log (UnityEngine.LogType,object,UnityEngine.Object)
UnityEngine.Debug:LogWarning (object,UnityEngine.Object)
TMPro.TextMeshProUGUI:SetArraySizes (TMPro.TMP_Text/TextProcessingElement[]) (at ./Library/PackageCache/com.unity.ugui@4f9b15fd1386/Runtime/TMP/TextMeshProUGUI.cs:2012)
TMPro.TMP_Text:ParseInputText () (at ./Library/PackageCache/com.unity.ugui@4f9b15fd1386/Runtime/TMP/TMP_Text.cs:2063)
TMPro.TextMeshProUGUI:OnPreRenderCanvas () (at ./Library/PackageCache/com.unity.ugui@4f9b15fd1386/Runtime/TMP/TextMeshProUGUI.cs:2496)
TMPro.TextMeshProUGUI:Rebuild (UnityEngine.UI.CanvasUpdate) (at ./Library/PackageCache/com.unity.ugui@4f9b15fd1386/Runtime/TMP/TextMeshProUGUI.cs:229)
UnityEngine.UI.CanvasUpdateRegistry:PerformUpdate () (at ./Library/PackageCache/com.unity.ugui@4f9b15fd1386/Runtime/UGUI/UI/Core/CanvasUpdateRegistry.cs:215)
UnityEngine.Canvas:SendWillRenderCanvases ()

(Filename: ./Library/PackageCache/com.unity.ugui@4f9b15fd1386/Runtime/TMP/TextMeshProUGUI.cs Line: 2012)

Asset Pipeline Refresh (id=85fcbcb39e7304a42b9ba27deadddfe5): Total: 0.008 seconds - Initiated by RefreshV2(AllowForceSynchronousImport)
Reloading assemblies for play mode.
Reloading assemblies after forced synchronous recompile.
[Licensing::Client] Successfully resolved entitlement details
Begin MonoManager ReloadAssembly
Native extension for WindowsStandalone target not found
Native extension for WebGL target not found
ScheduleIndexationOnStartup MainProcess:True IndexOnStartup:True
[MODES] ModeService[none].Initialize
[MODES] ModeService[none].LoadModes
Mono: successfully reloaded assembly
- Finished resetting the current domain, in  1.058 seconds
Domain Reload Profiling: 1771ms
	BeginReloadAssembly (554ms)
		DisableScriptedObjects (58ms)
		CreateAndSetChildDomain (386ms)
	RebuildCommonClasses (7ms)
	RebuildNativeTypeToScriptingClass (11ms)
	initialDomainReloadingComplete (33ms)
	LoadAllAssembliesAndSetupDomain (108ms)
		LoadAssemblies (73ms)
		AnalyzeDomain (12ms)
			TypeCache.Refresh (4ms)
			ResolveRequiredComponents (5ms)
	FinalizeReload (1059ms)
		SetupLoadedEditorAssemblies (0ms)
			BeforeProcessingInitializeOnLoad (53ms)
			ProcessInitializeOnLoadAttributes (225ms)
			ProcessInitializeOnLoadMethodAttributes (81ms)
			AfterProcessingInitializeOnLoad (3ms)
		AwakeInstancesAfterBackupRestoration (370ms)

Asset Pipeline Refresh (id=658a818870967bd4aaf4f483edf41199): Total: 1.913 seconds - Initiated by StopAssetImportingV2(ForceSynchronousImport | ForceDomainReload)
	(Values over 0.05ms)
	Summary:
		Imports: total=0 (actual=0, local cache=0, cache server=0)
		Asset DB Process Time: managed=0 ms, native=1148 ms
		Asset DB Callback time: managed=21 ms, native=0 ms
		Scripting: domain reloads=1, domain reload time=741 ms, compile time=1 ms, other=0 ms
		Project Asset Count: scripts=1373, non-scripts=2479
		Asset File Changes: new=0, changed=0, moved=0, deleted=0
		Scan Filter Count: 0
	InvokePackagesCallback: 1.077ms
	ApplyChangesToAssetFolders: 0.278ms
	Collect global state as custom dependencies: 1.368ms
	ProcessAssetsWithTransientArtifactChanges: 0.110ms
	CategorizeAssets: 34.537ms
	CompileScripts: 0.698ms
	ImportOutOfDateAssets: 1085.158ms (1067.657ms without children)
		CollectScriptTypesHashes: 0.567ms
		ReloadNativeAssets: 0.903ms
		UnloadImportedAssets: 0.114ms
		EnsureUptoDateAssetsAreRegisteredWithGuidPM: 0.311ms
		ImportSchedulerStart: 16.149ms
	PostProcessAllAssets: 21.812ms
		MonoPostProcessAllAssets: 21.809ms
			UniversalRenderPipelineGlobalSettingsPostprocessor.OnPostprocessAllAssets 6.526ms
			SyncVS.PostprocessSyncProject 5.888ms
			WindowAssetPostprocessingWatcher.OnPostprocessAllAssets 1.306ms
			SpeedTree9Postprocessor.OnPostprocessAllAssets 1.112ms
			RenderPipelineGlobalSettingsPostprocessor.OnPostprocessAllAssets 0.456ms
			ShaderReflectionAssetPostProcessor.OnPostprocessAllAssets 0.230ms
			ReferencedClipsPostProcessor.OnPostprocessAllAssets 0.205ms
			InputActionAssetPostprocessor.OnPostprocessAllAssets 0.167ms
			SpriteEditorTexturePostprocessor.OnPostprocessAllAssets 0.123ms
			TerrainToolbarOverlayPostProcessor.OnPostprocessAllAssets 0.097ms
			ProjectSettingsPostprocessor.OnPostprocessAllAssets 0.096ms
			AssetDatabaseCallbacks.OnPostprocessAllAssets 0.092ms
	GatherAllCurrentPrimaryImportResultRevisions: 0.081ms
	UnloadStreamsBegin: 2.024ms
	PersistCurrentRevisions: 0.073ms
	GenerateScriptTypeHashes: 1.978ms
	GenerateScriptTypeSerializationHashes: 3.717ms
	Untracked: 761.223ms

Loaded scene 'Temp/__Backupscenes/0.backup'
	Deserialize:            2.805 ms
	Integration:            207.264 ms
	Integration of assets:  0.002 ms
	Thread Wait Time:       0.011 ms
	Total Operation Time:   210.082 ms
<color=green>=== 設置フェーズ開始 (Wave 1 の準備) ===</color>
UnityEngine.Debug:ExtractStackTraceNoAlloc (byte*,int,string)
UnityEngine.StackTraceUtility:ExtractStackTrace ()
UnityEngine.DebugLogHandler:Internal_Log (UnityEngine.LogType,UnityEngine.LogOption,string,UnityEngine.Object)
UnityEngine.DebugLogHandler:LogFormat (UnityEngine.LogType,UnityEngine.Object,string,object[])
UnityEngine.Logger:Log (UnityEngine.LogType,object)
UnityEngine.Debug:Log (object)
WaveManager:EnterPrepPhase () (at Assets/Scripts/Managers/WaveManager.cs:85)
WaveManager:Start () (at Assets/Scripts/Managers/WaveManager.cs:60)

(Filename: Assets/Scripts/Managers/WaveManager.cs Line: 85)

【準備フェーズ】配置を完了させたら「準備完了」ボタンを押してください。
UnityEngine.Debug:ExtractStackTraceNoAlloc (byte*,int,string)
UnityEngine.StackTraceUtility:ExtractStackTrace ()
UnityEngine.DebugLogHandler:Internal_Log (UnityEngine.LogType,UnityEngine.LogOption,string,UnityEngine.Object)
UnityEngine.DebugLogHandler:LogFormat (UnityEngine.LogType,UnityEngine.Object,string,object[])
UnityEngine.Logger:Log (UnityEngine.LogType,object)
UnityEngine.Debug:Log (object)
GameManager:SetPreparationPhase () (at Assets/Scripts/Managers/GameManager.cs:44)
GameManager:Start () (at Assets/Scripts/Managers/GameManager.cs:23)

(Filename: Assets/Scripts/Managers/GameManager.cs Line: 44)

[Licensing::Client] Successfully resolved entitlement details
[Licensing::Client] Successfully resolved entitlement details
The character with Unicode value \u25B6 was not found in the [LiberationSans SDF] font asset or any potential fallbacks. It was replaced by Unicode character \u25A1 in text object [Text (TMP)].
UnityEngine.Debug:ExtractStackTraceNoAlloc (byte*,int,string)
UnityEngine.StackTraceUtility:ExtractStackTrace ()
UnityEngine.DebugLogHandler:Internal_Log (UnityEngine.LogType,UnityEngine.LogOption,string,UnityEngine.Object)
UnityEngine.DebugLogHandler:LogFormat (UnityEngine.LogType,UnityEngine.Object,string,object[])
UnityEngine.Logger:Log (UnityEngine.LogType,object,UnityEngine.Object)
UnityEngine.Debug:LogWarning (object,UnityEngine.Object)
TMPro.TextMeshProUGUI:SetArraySizes (TMPro.TMP_Text/TextProcessingElement[]) (at ./Library/PackageCache/com.unity.ugui@4f9b15fd1386/Runtime/TMP/TextMeshProUGUI.cs:2012)
TMPro.TMP_Text:ParseInputText () (at ./Library/PackageCache/com.unity.ugui@4f9b15fd1386/Runtime/TMP/TMP_Text.cs:2063)
TMPro.TextMeshProUGUI:OnPreRenderCanvas () (at ./Library/PackageCache/com.unity.ugui@4f9b15fd1386/Runtime/TMP/TextMeshProUGUI.cs:2496)
TMPro.TextMeshProUGUI:Rebuild (UnityEngine.UI.CanvasUpdate) (at ./Library/PackageCache/com.unity.ugui@4f9b15fd1386/Runtime/TMP/TextMeshProUGUI.cs:229)
UnityEngine.UI.CanvasUpdateRegistry:PerformUpdate () (at ./Library/PackageCache/com.unity.ugui@4f9b15fd1386/Runtime/UGUI/UI/Core/CanvasUpdateRegistry.cs:215)
UnityEngine.Canvas:SendWillRenderCanvases ()

(Filename: ./Library/PackageCache/com.unity.ugui@4f9b15fd1386/Runtime/TMP/TextMeshProUGUI.cs Line: 2012)

Curl error 7: Failed to connect to config.uca.cloud.unity3d.com port 443 after 2034 ms: Could not connect to server
Game Started!
UnityEngine.Debug:ExtractStackTraceNoAlloc (byte*,int,string)
UnityEngine.StackTraceUtility:ExtractStackTrace ()
UnityEngine.DebugLogHandler:Internal_Log (UnityEngine.LogType,UnityEngine.LogOption,string,UnityEngine.Object)
UnityEngine.DebugLogHandler:LogFormat (UnityEngine.LogType,UnityEngine.Object,string,object[])
UnityEngine.Logger:Log (UnityEngine.LogType,object)
UnityEngine.Debug:Log (object)
GameStartManager:StartGameplay () (at Assets/Scripts/UI/GameStartManager.cs:72)
GameStartManager:OnClickNextStory () (at Assets/Scripts/UI/GameStartManager.cs:53)
UnityEngine.Events.InvokableCall:Invoke ()
UnityEngine.Events.UnityEvent:Invoke ()
UnityEngine.UI.Button:Press () (at ./Library/PackageCache/com.unity.ugui@4f9b15fd1386/Runtime/UGUI/UI/Core/Button.cs:71)
UnityEngine.UI.Button:OnPointerClick (UnityEngine.EventSystems.PointerEventData) (at ./Library/PackageCache/com.unity.ugui@4f9b15fd1386/Runtime/UGUI/UI/Core/Button.cs:115)
UnityEngine.EventSystems.ExecuteEvents:Execute (UnityEngine.EventSystems.IPointerClickHandler,UnityEngine.EventSystems.BaseEventData) (at ./Library/PackageCache/com.unity.ugui@4f9b15fd1386/Runtime/UGUI/EventSystem/ExecuteEvents.cs:57)
UnityEngine.EventSystems.ExecuteEvents:Execute<UnityEngine.EventSystems.IPointerClickHandler> (UnityEngine.GameObject,UnityEngine.EventSystems.BaseEventData,UnityEngine.EventSystems.ExecuteEvents/EventFunction`1<UnityEngine.EventSystems.IPointerClickHandler>) (at ./Library/PackageCache/com.unity.ugui@4f9b15fd1386/Runtime/UGUI/EventSystem/ExecuteEvents.cs:272)
UnityEngine.InputSystem.UI.InputSystemUIInputModule:ProcessPointerButton (UnityEngine.InputSystem.UI.PointerModel/ButtonState&,UnityEngine.EventSystems.PointerEventData) (at ./Library/PackageCache/com.unity.inputsystem@21a28c3a6c83/InputSystem/Plugins/UI/InputSystemUIInputModule.cs:731)
UnityEngine.InputSystem.UI.InputSystemUIInputModule:ProcessPointer (UnityEngine.InputSystem.UI.PointerModel&) (at ./Library/PackageCache/com.unity.inputsystem@21a28c3a6c83/InputSystem/Plugins/UI/InputSystemUIInputModule.cs:490)
UnityEngine.InputSystem.UI.InputSystemUIInputModule:Process () (at ./Library/PackageCache/com.unity.inputsystem@21a28c3a6c83/InputSystem/Plugins/UI/InputSystemUIInputModule.cs:2404)
UnityEngine.EventSystems.EventSystem:Update () (at ./Library/PackageCache/com.unity.ugui@4f9b15fd1386/Runtime/UGUI/EventSystem/EventSystem.cs:516)

(Filename: Assets/Scripts/UI/GameStartManager.cs Line: 72)

Unloading 0 Unused Serialized files (Serialized files now loaded: 0)
Loaded scene 'Temp/__Backupscenes/0.backup'
	Deserialize:            2.134 ms
	Integration:            166.001 ms
	Integration of assets:  0.002 ms
	Thread Wait Time:       0.009 ms
	Total Operation Time:   168.145 ms
Unloading 37 unused Assets / (142.7 KB). Loaded Objects now: 9049.
Memory consumption went from 0.67 GB to 0.67 GB.
Total: 8.436100 ms (FindLiveObjects: 0.502800 ms CreateObjectMapping: 0.516300 ms MarkObjects: 7.322700 ms  DeleteObjects: 0.092500 ms)

[Licensing::Client] Successfully resolved entitlement details
The character with Unicode value \u25B6 was not found in the [LiberationSans SDF] font asset or any potential fallbacks. It was replaced by Unicode character \u25A1 in text object [Text (TMP)].
UnityEngine.Debug:ExtractStackTraceNoAlloc (byte*,int,string)
UnityEngine.StackTraceUtility:ExtractStackTrace ()
UnityEngine.DebugLogHandler:Internal_Log (UnityEngine.LogType,UnityEngine.LogOption,string,UnityEngine.Object)
UnityEngine.DebugLogHandler:LogFormat (UnityEngine.LogType,UnityEngine.Object,string,object[])
UnityEngine.Logger:Log (UnityEngine.LogType,object,UnityEngine.Object)
UnityEngine.Debug:LogWarning (object,UnityEngine.Object)
TMPro.TextMeshProUGUI:SetArraySizes (TMPro.TMP_Text/TextProcessingElement[]) (at ./Library/PackageCache/com.unity.ugui@4f9b15fd1386/Runtime/TMP/TextMeshProUGUI.cs:2012)
TMPro.TMP_Text:ParseInputText () (at ./Library/PackageCache/com.unity.ugui@4f9b15fd1386/Runtime/TMP/TMP_Text.cs:2063)
TMPro.TextMeshProUGUI:OnPreRenderCanvas () (at ./Library/PackageCache/com.unity.ugui@4f9b15fd1386/Runtime/TMP/TextMeshProUGUI.cs:2496)
TMPro.TextMeshProUGUI:Rebuild (UnityEngine.UI.CanvasUpdate) (at ./Library/PackageCache/com.unity.ugui@4f9b15fd1386/Runtime/TMP/TextMeshProUGUI.cs:229)
UnityEngine.UI.CanvasUpdateRegistry:PerformUpdate () (at ./Library/PackageCache/com.unity.ugui@4f9b15fd1386/Runtime/UGUI/UI/Core/CanvasUpdateRegistry.cs:215)
UnityEngine.Canvas:SendWillRenderCanvases ()

(Filename: ./Library/PackageCache/com.unity.ugui@4f9b15fd1386/Runtime/TMP/TextMeshProUGUI.cs Line: 2012)

Reloading assemblies for play mode.
Reloading assemblies after forced synchronous recompile.
[Licensing::Client] Successfully resolved entitlement details
Begin MonoManager ReloadAssembly
Native extension for WindowsStandalone target not found
Native extension for WebGL target not found
ScheduleIndexationOnStartup MainProcess:True IndexOnStartup:True
[MODES] ModeService[none].Initialize
[MODES] ModeService[none].LoadModes
Mono: successfully reloaded assembly
- Finished resetting the current domain, in  1.045 seconds
Domain Reload Profiling: 1826ms
	BeginReloadAssembly (628ms)
		DisableScriptedObjects (80ms)
		CreateAndSetChildDomain (442ms)
	RebuildCommonClasses (7ms)
	RebuildNativeTypeToScriptingClass (11ms)
	initialDomainReloadingComplete (31ms)
	LoadAllAssembliesAndSetupDomain (105ms)
		LoadAssemblies (71ms)
		AnalyzeDomain (13ms)
			TypeCache.Refresh (4ms)
			ResolveRequiredComponents (5ms)
	FinalizeReload (1045ms)
		SetupLoadedEditorAssemblies (0ms)
			BeforeProcessingInitializeOnLoad (52ms)
			ProcessInitializeOnLoadAttributes (215ms)
			ProcessInitializeOnLoadMethodAttributes (83ms)
			AfterProcessingInitializeOnLoad (3ms)
		AwakeInstancesAfterBackupRestoration (369ms)

Asset Pipeline Refresh (id=134fef55f41f85246b2434bb1acef5b2): Total: 1.971 seconds - Initiated by StopAssetImportingV2(ForceSynchronousImport | ForceDomainReload)
	(Values over 0.05ms)
	Summary:
		Imports: total=0 (actual=0, local cache=0, cache server=0)
		Asset DB Process Time: managed=0 ms, native=1136 ms
		Asset DB Callback time: managed=22 ms, native=0 ms
		Scripting: domain reloads=1, domain reload time=810 ms, compile time=1 ms, other=0 ms
		Project Asset Count: scripts=1373, non-scripts=2479
		Asset File Changes: new=0, changed=0, moved=0, deleted=0
		Scan Filter Count: 0
	InvokePackagesCallback: 0.999ms
	ApplyChangesToAssetFolders: 0.284ms
	Collect global state as custom dependencies: 1.349ms
	ProcessAssetsWithTransientArtifactChanges: 0.085ms
	CategorizeAssets: 33.813ms
	CompileScripts: 0.714ms
	ImportOutOfDateAssets: 1075.126ms (1054.406ms without children)
		CollectScriptTypesHashes: 0.567ms
		ReloadNativeAssets: 0.875ms
		UnloadImportedAssets: 0.121ms
		EnsureUptoDateAssetsAreRegisteredWithGuidPM: 0.328ms
		ImportSchedulerStart: 19.376ms
	PostProcessAllAssets: 22.668ms
		MonoPostProcessAllAssets: 22.665ms
			SyncVS.PostprocessSyncProject 6.621ms
			UniversalRenderPipelineGlobalSettingsPostprocessor.OnPostprocessAllAssets 6.196ms
			WindowAssetPostprocessingWatcher.OnPostprocessAllAssets 1.274ms
			SpeedTree9Postprocessor.OnPostprocessAllAssets 1.126ms
			RenderPipelineGlobalSettingsPostprocessor.OnPostprocessAllAssets 0.452ms
			ShaderReflectionAssetPostProcessor.OnPostprocessAllAssets 0.233ms
			ReferencedClipsPostProcessor.OnPostprocessAllAssets 0.212ms
			InputActionAssetPostprocessor.OnPostprocessAllAssets 0.186ms
			SpriteEditorTexturePostprocessor.OnPostprocessAllAssets 0.123ms
			AssetDatabaseCallbacks.OnPostprocessAllAssets 0.123ms
			ProjectSettingsPostprocessor.OnPostprocessAllAssets 0.098ms
			TerrainToolbarOverlayPostProcessor.OnPostprocessAllAssets 0.097ms
	GatherAllCurrentPrimaryImportResultRevisions: 0.133ms
	PersistCurrentRevisions: 0.074ms
	GenerateScriptTypeHashes: 1.975ms
	GenerateScriptTypeSerializationHashes: 3.690ms
	Untracked: 830.386ms

Loaded scene 'Temp/__Backupscenes/0.backup'
	Deserialize:            2.712 ms
	Integration:            209.747 ms
	Integration of assets:  0.002 ms
	Thread Wait Time:       0.011 ms
	Total Operation Time:   212.473 ms
<color=green>=== 設置フェーズ開始 (Wave 1 の準備) ===</color>
UnityEngine.Debug:ExtractStackTraceNoAlloc (byte*,int,string)
UnityEngine.StackTraceUtility:ExtractStackTrace ()
UnityEngine.DebugLogHandler:Internal_Log (UnityEngine.LogType,UnityEngine.LogOption,string,UnityEngine.Object)
UnityEngine.DebugLogHandler:LogFormat (UnityEngine.LogType,UnityEngine.Object,string,object[])
UnityEngine.Logger:Log (UnityEngine.LogType,object)
UnityEngine.Debug:Log (object)
WaveManager:EnterPrepPhase () (at Assets/Scripts/Managers/WaveManager.cs:85)
WaveManager:Start () (at Assets/Scripts/Managers/WaveManager.cs:60)

(Filename: Assets/Scripts/Managers/WaveManager.cs Line: 85)

【準備フェーズ】配置を完了させたら「準備完了」ボタンを押してください。
UnityEngine.Debug:ExtractStackTraceNoAlloc (byte*,int,string)
UnityEngine.StackTraceUtility:ExtractStackTrace ()
UnityEngine.DebugLogHandler:Internal_Log (UnityEngine.LogType,UnityEngine.LogOption,string,UnityEngine.Object)
UnityEngine.DebugLogHandler:LogFormat (UnityEngine.LogType,UnityEngine.Object,string,object[])
UnityEngine.Logger:Log (UnityEngine.LogType,object)
UnityEngine.Debug:Log (object)
GameManager:SetPreparationPhase () (at Assets/Scripts/Managers/GameManager.cs:44)
GameManager:Start () (at Assets/Scripts/Managers/GameManager.cs:23)

(Filename: Assets/Scripts/Managers/GameManager.cs Line: 44)

[Licensing::Client] Successfully resolved entitlement details
[Licensing::Client] Successfully resolved entitlement details
Unloading 0 Unused Serialized files (Serialized files now loaded: 0)
Loaded scene 'Temp/__Backupscenes/0.backup'
	Deserialize:            2.052 ms
	Integration:            159.065 ms
	Integration of assets:  0.002 ms
	Thread Wait Time:       0.009 ms
	Total Operation Time:   161.128 ms
Unloading 17 unused Assets / (87.4 KB). Loaded Objects now: 9043.
Memory consumption went from 0.67 GB to 0.67 GB.
Total: 7.869900 ms (FindLiveObjects: 0.516200 ms CreateObjectMapping: 0.555000 ms MarkObjects: 6.743900 ms  DeleteObjects: 0.054200 ms)

[Licensing::Client] Successfully resolved entitlement details
The character with Unicode value \u25B6 was not found in the [LiberationSans SDF] font asset or any potential fallbacks. It was replaced by Unicode character \u25A1 in text object [Text (TMP)].
UnityEngine.Debug:ExtractStackTraceNoAlloc (byte*,int,string)
UnityEngine.StackTraceUtility:ExtractStackTrace ()
UnityEngine.DebugLogHandler:Internal_Log (UnityEngine.LogType,UnityEngine.LogOption,string,UnityEngine.Object)
UnityEngine.DebugLogHandler:LogFormat (UnityEngine.LogType,UnityEngine.Object,string,object[])
UnityEngine.Logger:Log (UnityEngine.LogType,object,UnityEngine.Object)
UnityEngine.Debug:LogWarning (object,UnityEngine.Object)
TMPro.TextMeshProUGUI:SetArraySizes (TMPro.TMP_Text/TextProcessingElement[]) (at ./Library/PackageCache/com.unity.ugui@4f9b15fd1386/Runtime/TMP/TextMeshProUGUI.cs:2012)
TMPro.TMP_Text:ParseInputText () (at ./Library/PackageCache/com.unity.ugui@4f9b15fd1386/Runtime/TMP/TMP_Text.cs:2063)
TMPro.TextMeshProUGUI:OnPreRenderCanvas () (at ./Library/PackageCache/com.unity.ugui@4f9b15fd1386/Runtime/TMP/TextMeshProUGUI.cs:2496)
TMPro.TextMeshProUGUI:Rebuild (UnityEngine.UI.CanvasUpdate) (at ./Library/PackageCache/com.unity.ugui@4f9b15fd1386/Runtime/TMP/TextMeshProUGUI.cs:229)
UnityEngine.UI.CanvasUpdateRegistry:PerformUpdate () (at ./Library/PackageCache/com.unity.ugui@4f9b15fd1386/Runtime/UGUI/UI/Core/CanvasUpdateRegistry.cs:215)
UnityEngine.Canvas:SendWillRenderCanvases ()

(Filename: ./Library/PackageCache/com.unity.ugui@4f9b15fd1386/Runtime/TMP/TextMeshProUGUI.cs Line: 2012)

Curl error 7: Failed to connect to config.uca.cloud.unity3d.com port 443 after 2041 ms: Could not connect to server
Importing 'GUID: a72d4c92ae938ee4da65108f588f4eb2 - Path: Assets/Scenes/MainScene.unity' with importer (DefaultImporter)
Imported 'GUID: a72d4c92ae938ee4da65108f588f4eb2' -> (Import Result ID: '86bf55f41555dc1026e54ad5e95e13ce') in 0.004 seconds [static dependencies only]. Details - ImportResultOutputID=77b322ddbefc93695a93dccd4b6c707c DependenciesID=adceaf35feb26243fbd7aa6338171357 StaticDependenciesID=4de05affc849927dbabfb109f4460e09 
Asset Pipeline Refresh (id=454083cdb5a06ad41be229244b88ca6c): Total: 0.075 seconds - Initiated by StopAssetImportingV2(NoUpdateAssetOptions)
MonoPathRemapper: Attempts to remap: 94913; Successful remaps: 18676
Serialized file version minimum: 22, current 23
[LAYOUT] About to save layout C:\Users\Kouta\Documents\Growing_Dungeon_UL\UserSettings\Layouts\default-6000.dwlt
[LAYOUT] About to save layout C:/Users/Kouta/AppData/Roaming/Unity/Editor-5.x/Preferences\Layouts\current\default-6000.dwlt
Input System module state changed to: ShutdownInProgress.
Input Polling Thread exited.
Input System module state changed to: Shutdown.
[Physics::Module] Cleanup current backend.
[Physics::Module] Id: 0xf2b8ea05
[Licensing::IpcConnector] LicenseClient-Kouta-6000.5.1-notifications channel disconnected successfully.
[Licensing::IpcConnector] LicenseClient-Kouta-6000.5.1 channel disconnected successfully.
Shut down.
AcceleratorClientConnectionCallback - disconnected - :0
Cleanup mono
CodeReloadManager destroyed
abort_threads: Failed aborting id: 0000000000004640, mono_thread_manage will ignore it

abort_threads: Failed aborting id: 0000000000005EA4, mono_thread_manage will ignore it

abort_threads: Failed aborting id: 0000000000001300, mono_thread_manage will ignore it

abort_threads: Failed aborting id: 0000000000004640, mono_thread_manage will ignore it

abort_threads: Failed aborting id: 0000000000005EA4, mono_thread_manage will ignore it

abort_threads: Failed aborting id: 0000000000001300, mono_thread_manage will ignore it

debugger-agent: Unable to listen on 4956
Checking for leaked weakptr:
  Found no leaked weakptrs.
[Package Manager] Server process was shutdown
##utp:{"type":"MemoryLeaks","version":2,"phase":"Immediate","time":1787114229404,"processId":5604,"allocatedMemory":54849734,"memoryLabels":[{"Default":259255},{"Permanent":15516},{"NewDelete":82749},{"Thread":4209016},{"Manager":822056},{"VertexData":8},{"Geometry":816},{"Texture":24},{"Shader":865086},{"Material":24},{"GfxDevice":102392},{"GfxThread":11520},{"Animation":952},{"Audio":1168},{"FreeType":8},{"FontEngine":736},{"Physics":2146},{"Physics2D":16},{"Serialization":1127944},{"Input":45280},{"JobScheduler":256},{"TextLib":61302},{"Mono":48},{"MonoCode":128},{"ScriptingNativeRuntime":1671812},{"BaseObject":2123059},{"Resource":1208},{"Renderer":3080},{"Transform":4685},{"File":33687},{"WebCam":616},{"Culling":32},{"Terrain":11442},{"Wind":24},{"STL":40},{"String":9969},{"StaticString":3808},{"Utility":2673962},{"Curl":48},{"PoolAlloc":2360},{"AI":80},{"TypeTree":364819},{"CodeReload":448},{"RuntimeInitializeOnLoadManager":64},{"Sprites":102},{"SpriteAtlas":120},{"GI":7816},{"Director":8296},{"CloudService":6952},{"WebRequest":10582},{"VR":47114},{"SceneManager":608},{"Video":208},{"LazyScriptCache":32},{"NativeArray":33052196},{"Camera":17},{"Secure":265},{"SerializationCache":1576},{"APIUpdating":10320},{"Subsystems":336},{"VirtualTexturing":57888},{"StaticSafetyDebugInfo":278528},{"Analytics":728},{"Hierarchy":1176},{"UIElements":999240},{"CoreStats":13688},{"Identifiers":13536},{"Gui":803527},{"EditorUtility":217274},{"VersionControl":8},{"Undo":931},{"AssetDatabase":4750517},{"AssetImporter":40},{"EditorGi":328},{"UnityConnect":35346},{"Upm":1988},{"UpmDiagnostics":8},{"AssetCompliance":64},{"DrivenProperties":72},{"LocalIPC":220},{"ProfilerEditor":9746},{"CoreBusinessMetrics":2892},{"Windowing":456},{"Licensing":1344},{"AssetReference":32},{"IPCStream":32}]}
